region,planting_code,planting_label,scenario,cultivar_id,maturity_class,family,stage,threshold_code,threshold_label,plot_label,threshold_order,n,event_cases,no_event_cases,event_probability_pct,mean_yield_event_kg_ha,mean_yield_no_event_kg_ha,fe_status,beta_event_minus_noevent_kg_ha,associated_penalty_kg_ha,associated_penalty_pct,se_cluster_site,ci95_low_penalty_kg_ha,ci95_high_penalty_kg_ha,p_value
Northwest,A1,April 1,Rainfed,990001,LS,Cold,late season before/on maturity,C0,Tmin ≤ 0°C,≤0°C,0,18962,36,18926,0.18985339099251133,568.5277777777778,2269.18260593892,ESTIMABLE,-126.13891321126741,126.13891321126741,5.558781954397843,44.71157982884147,38.50582705485057,213.77199936768426,0.004784902051867078
Northwest,A1,April 1,Rainfed,990001,LS,Cold,late season before/on maturity,Cm2p2,Tmin ≤ −2.2°C,≤−2.2°C,1,18962,36,18926,0.18985339099251133,568.5277777777778,2269.18260593892,ESTIMABLE,-126.13891321126741,126.13891321126741,5.558781954397843,44.71157982884147,38.50582705485057,213.77199936768426,0.004784902051867078
Northwest,A1,April 1,Rainfed,990001,LS,Cold,late season before/on maturity,Cm4,Tmin ≤ −4°C,≤−4°C,2,18962,0,18962,0.0,,2265.9538550785783,LOW_EVENT_COUNT,,,,,,,
Northwest,A1,April 1,Rainfed,990001,LS,Heat,flowering/silking proxy (ADAT ±7 d),H30,Tmax ≥ 30°C,≥30°C,3,18574,18574,0,100.0,2313.2883062345213,,LOW_EVENT_COUNT,,,,,,,
Northwest,A1,April 1,Rainfed,990001,LS,Heat,flowering/silking proxy (ADAT ±7 d),H35,Tmax ≥ 35°C,≥35°C,4,18574,17948,626,96.62969742651018,2183.462391352797,6035.517571884984,ESTIMABLE,-837.9200453212675,837.9200453212675,13.88315145041608,58.094719112190205,724.0564881694039,951.783602473131,3.6902775240268934e-47
Northwest,A1,April 1,Rainfed,990001,LS,Heat,flowering/silking proxy (ADAT ±7 d),H38,Tmax ≥ 38°C,≥38°C,5,18574,14582,3992,78.50759125659523,1852.5855849677685,3996.1457915831666,ESTIMABLE,-469.18735784553405,469.18735784553405,11.740997008511407,25.275035991646096,419.6491975939541,518.725518097114,6.370438807570464e-77
Northwest,A1,April 1,Rainfed,990002,MS,Cold,late season before/on maturity,C0,Tmin ≤ 0°C,≤0°C,0,18962,0,18962,0.0,,2728.5201982913195,LOW_EVENT_COUNT,,,,,,,
Northwest,A1,April 1,Rainfed,990002,MS,Cold,late season before/on maturity,Cm2p2,Tmin ≤ −2.2°C,≤−2.2°C,1,18962,0,18962,0.0,,2728.5201982913195,LOW_EVENT_COUNT,,,,,,,
Northwest,A1,April 1,Rainfed,990002,MS,Cold,late season before/on maturity,Cm4,Tmin ≤ −4°C,≤−4°C,2,18962,0,18962,0.0,,2728.5201982913195,LOW_EVENT_COUNT,,,,,,,
Northwest,A1,April 1,Rainfed,990002,MS,Heat,flowering/silking proxy (ADAT ±7 d),H30,Tmax ≥ 30°C,≥30°C,3,18587,18587,0,100.0,2783.569161241728,,LOW_EVENT_COUNT,,,,,,,
Northwest,A1,April 1,Rainfed,990002,MS,Heat,flowering/silking proxy (ADAT ±7 d),H35,Tmax ≥ 35°C,≥35°C,4,18587,17799,788,95.76047775326842,2746.608124051913,3618.4289340101523,ESTIMABLE,-450.5495524385948,450.5495524385948,12.451524146399905,47.19721451806715,358.04471181257225,543.0543930646173,1.3466460168826219e-21
Northwest,A1,April 1,Rainfed,990002,MS,Heat,flowering/silking proxy (ADAT ±7 d),H38,Tmax ≥ 38°C,≥38°C,5,18587,12250,6337,65.90627858180449,2290.2541224489796,3737.1922045131764,ESTIMABLE,-600.8518248598336,600.8518248598336,16.077627052047845,21.673028676280264,558.3734692184205,643.3301805012468,3.63925824907249e-169
Northwest,A1,April 1,Rainfed,990003,SS,Cold,late season before/on maturity,C0,Tmin ≤ 0°C,≤0°C,0,18962,0,18962,0.0,,2260.877808248075,LOW_EVENT_COUNT,,,,,,,
Northwest,A1,April 1,Rainfed,990003,SS,Cold,late season before/on maturity,Cm2p2,Tmin ≤ −2.2°C,≤−2.2°C,1,18962,0,18962,0.0,,2260.877808248075,LOW_EVENT_COUNT,,,,,,,
Northwest,A1,April 1,Rainfed,990003,SS,Cold,late season before/on maturity,Cm4,Tmin ≤ −4°C,≤−4°C,2,18962,0,18962,0.0,,2260.877808248075,LOW_EVENT_COUNT,,,,,,,
Northwest,A1,April 1,Rainfed,990003,SS,Heat,flowering/silking proxy (ADAT ±7 d),H30,Tmax ≥ 30°C,≥30°C,3,18578,18578,0,100.0,2307.6092690278824,,LOW_EVENT_COUNT,,,,,,,
Northwest,A1,April 1,Rainfed,990003,SS,Heat,flowering/silking proxy (ADAT ±7 d),H35,Tmax ≥ 35°C,≥35°C,4,18578,12997,5581,69.95909139842824,1946.0564745710549,3149.591291883175,ESTIMABLE,-599.7528130432024,599.7528130432024,19.042242547114856,18.219400049433833,564.0434451263849,635.46218096002,1.2003746163386808e-237
Northwest,A1,April 1,Rainfed,990003,SS,Heat,flowering/silking proxy (ADAT ±7 d),H38,Tmax ≥ 38°C,≥38°C,5,18578,6710,11868,36.117989019270105,1499.65260804769,2764.416582406471,ESTIMABLE,-499.34268949919334,499.34268949919334,18.0632214651421,12.739287258309025,474.37414528419765,524.311233714189,0.0
Northwest,A1,April 1,Rainfed,990004,VSS,Cold,late season before/on maturity,C0,Tmin ≤ 0°C,≤0°C,0,18962,0,18962,0.0,,1700.2963822381605,LOW_EVENT_COUNT,,,,,,,
Northwest,A1,April 1,Rainfed,990004,VSS,Cold,late season before/on maturity,Cm2p2,Tmin ≤ −2.2°C,≤−2.2°C,1,18962,0,18962,0.0,,1700.2963822381605,LOW_EVENT_COUNT,,,,,,,
Northwest,A1,April 1,Rainfed,990004,VSS,Cold,late season before/on maturity,Cm4,Tmin ≤ −4°C,≤−4°C,2,18962,0,18962,0.0,,1700.2963822381605,LOW_EVENT_COUNT,,,,,,,
Northwest,A1,April 1,Rainfed,990004,VSS,Heat,flowering/silking proxy (ADAT ±7 d),H30,Tmax ≥ 30°C,≥30°C,3,18592,16399,2193,88.20460413080895,1707.5277760839076,1933.092567259462,ESTIMABLE,9.32973516165954,-9.32973516165954,-0.48263261261649104,8.220923050067535,-25.442448259467078,6.782977936147999,0.256426925593401
Northwest,A1,April 1,Rainfed,990004,VSS,Heat,flowering/silking proxy (ADAT ±7 d),H35,Tmax ≥ 35°C,≥35°C,4,18592,6834,11758,36.75774526678141,1553.7455370207786,1838.9796734138458,ESTIMABLE,99.33154243611138,-99.33154243611138,-5.401448633290995,8.026657364567493,-115.06350178690685,-83.5995830853159,3.5597754306717853e-35
Northwest,A1,April 1,Rainfed,990004,VSS,Heat,flowering/silking proxy (ADAT ±7 d),H38,Tmax ≥ 38°C,≥38°C,5,18592,2044,16548,10.993975903614459,1611.3796477495107,1749.2965917331398,ESTIMABLE,-11.682242834424326,11.682242834424326,0.6678251641049607,15.960662866326514,-19.60008155296147,42.96456722181012,0.46420537171154097
Northwest,A1,April 1,Irrigated,990001,LS,Cold,late season before/on maturity,C0,Tmin ≤ 0°C,≤0°C,0,18962,51,18911,0.2689589705727244,6994.588235294118,6599.702131034847,ESTIMABLE,3542.054630129079,-3542.054630129079,-53.66991660839817,125.89277679091678,-3788.799938553016,-3295.3093217051423,3.607082838752728e-174
Northwest,A1,April 1,Irrigated,990001,LS,Cold,late season before/on maturity,Cm2p2,Tmin ≤ −2.2°C,≤−2.2°C,1,18962,51,18911,0.2689589705727244,6994.588235294118,6599.702131034847,ESTIMABLE,3542.054630129079,-3542.054630129079,-53.66991660839817,125.89277679091678,-3788.799938553016,-3295.3093217051423,3.607082838752728e-174
Northwest,A1,April 1,Irrigated,990001,LS,Cold,late season before/on maturity,Cm4,Tmin ≤ −4°C,≤−4°C,2,18962,0,18962,0.0,,6600.764212635798,LOW_EVENT_COUNT,,,,,,,
Northwest,A1,April 1,Irrigated,990001,LS,Heat,flowering/silking proxy (ADAT ±7 d),H30,Tmax ≥ 30°C,≥30°C,3,18592,18592,0,100.0,6732.126237091222,,LOW_EVENT_COUNT,,,,,,,
Northwest,A1,April 1,Irrigated,990001,LS,Heat,flowering/silking proxy (ADAT ±7 d),H35,Tmax ≥ 35°C,≥35°C,4,18592,17963,629,96.61682444061962,6683.974113455436,8107.255961844197,ESTIMABLE,-385.81894641260345,385.81894641260345,4.758933827036088,34.06964025967252,319.04367853740945,452.59421428779746,9.933314573682554e-30
Northwest,A1,April 1,Irrigated,990001,LS,Heat,flowering/silking proxy (ADAT ±7 d),H38,Tmax ≥ 38°C,≥38°C,5,18592,14582,4010,78.4315834767642,6564.732889864216,7340.836907730673,ESTIMABLE,-79.57648864231382,79.57648864231382,1.0840247459865429,8.478849013464513,62.9582499455704,96.19472733905724,6.274130581065324e-21
Northwest,A1,April 1,Irrigated,990002,MS,Cold,late season before/on maturity,C0,Tmin ≤ 0°C,≤0°C,0,18962,0,18962,0.0,,7764.71158105685,LOW_EVENT_COUNT,,,,,,,
Northwest,A1,April 1,Irrigated,990002,MS,Cold,late season before/on maturity,Cm2p2,Tmin ≤ −2.2°C,≤−2.2°C,1,18962,0,18962,0.0,,7764.71158105685,LOW_EVENT_COUNT,,,,,,,
Northwest,A1,April 1,Irrigated,990002,MS,Cold,late season before/on maturity,Cm4,Tmin ≤ −4°C,≤−4°C,2,18962,0,18962,0.0,,7764.71158105685,LOW_EVENT_COUNT,,,,,,,
Northwest,A1,April 1,Irrigated,990002,MS,Heat,flowering/silking proxy (ADAT ±7 d),H30,Tmax ≥ 30°C,≥30°C,3,18592,18592,0,100.0,7919.237360154905,,LOW_EVENT_COUNT,,,,,,,
Northwest,A1,April 1,Irrigated,990002,MS,Heat,flowering/silking proxy (ADAT ±7 d),H35,Tmax ≥ 35°C,≥35°C,4,18592,17804,788,95.76161790017211,7907.488878903617,8184.681472081218,ESTIMABLE,-119.20585714616342,119.20585714616342,1.4564507800674558,18.081881422841104,83.76602078467099,154.64569350765586,4.3231137999353636e-11
Northwest,A1,April 1,Irrigated,990002,MS,Heat,flowering/silking proxy (ADAT ±7 d),H38,Tmax ≥ 38°C,≥38°C,5,18592,12250,6342,65.88855421686748,7771.340571428572,8204.909965310628,ESTIMABLE,50.826018269230644,-50.826018269230644,-0.6194585740016275,11.245092928360002,-72.8659954116223,-28.78604112683899,6.18864510019119e-06
Northwest,A1,April 1,Irrigated,990003,SS,Cold,late season before/on maturity,C0,Tmin ≤ 0°C,≤0°C,0,18962,0,18962,0.0,,4588.250342790845,LOW_EVENT_COUNT,,,,,,,
Northwest,A1,April 1,Irrigated,990003,SS,Cold,late season before/on maturity,Cm2p2,Tmin ≤ −2.2°C,≤−2.2°C,1,18962,0,18962,0.0,,4588.250342790845,LOW_EVENT_COUNT,,,,,,,
Northwest,A1,April 1,Irrigated,990003,SS,Cold,late season before/on maturity,Cm4,Tmin ≤ −4°C,≤−4°C,2,18962,0,18962,0.0,,4588.250342790845,LOW_EVENT_COUNT,,,,,,,
Northwest,A1,April 1,Irrigated,990003,SS,Heat,flowering/silking proxy (ADAT ±7 d),H30,Tmax ≥ 30°C,≥30°C,3,18592,18592,0,100.0,4679.561262908778,,LOW_EVENT_COUNT,,,,,,,
Northwest,A1,April 1,Irrigated,990003,SS,Heat,flowering/silking proxy (ADAT ±7 d),H35,Tmax ≥ 35°C,≥35°C,4,18592,12997,5595,69.90641135972461,4678.833884742633,4681.250938337802,ESTIMABLE,24.45879199885363,-24.45879199885363,-0.5224841035233704,6.0838225348716115,-36.38286505553516,-12.534718942172095,5.812406577520464e-05
Northwest,A1,April 1,Irrigated,990003,SS,Heat,flowering/silking proxy (ADAT ±7 d),H38,Tmax ≥ 38°C,≥38°C,5,18592,6710,11882,36.0907917383821,4502.3156482861405,4779.655361050328,ESTIMABLE,-87.82492113481432,87.82492113481432,1.8374739285703399,7.011735864386091,74.08217137150976,101.56767089811888,5.420516187396585e-36
Northwest,A1,April 1,Irrigated,990004,VSS,Cold,late season before/on maturity,C0,Tmin ≤ 0°C,≤0°C,0,18962,0,18962,0.0,,2222.9288049783777,LOW_EVENT_COUNT,,,,,,,
Northwest,A1,April 1,Irrigated,990004,VSS,Cold,late season before/on maturity,Cm2p2,Tmin ≤ −2.2°C,≤−2.2°C,1,18962,0,18962,0.0,,2222.9288049783777,LOW_EVENT_COUNT,,,,,,,
Northwest,A1,April 1,Irrigated,990004,VSS,Cold,late season before/on maturity,Cm4,Tmin ≤ −4°C,≤−4°C,2,18962,0,18962,0.0,,2222.9288049783777,LOW_EVENT_COUNT,,,,,,,
Northwest,A1,April 1,Irrigated,990004,VSS,Heat,flowering/silking proxy (ADAT ±7 d),H30,Tmax ≥ 30°C,≥30°C,3,18592,16399,2193,88.20460413080895,2296.756082687969,2045.906520747834,ESTIMABLE,-1.0720120366327919,1.0720120366327919,0.05239789920807049,5.444651383043961,-9.599308582509567,11.74333265577515,0.8439115171612219
Northwest,A1,April 1,Irrigated,990004,VSS,Heat,flowering/silking proxy (ADAT ±7 d),H35,Tmax ≥ 35°C,≥35°C,4,18592,6834,11758,36.75774526678141,2328.0528241147204,2231.7794692974994,ESTIMABLE,50.83409824840838,-50.83409824840838,-2.277738412228046,4.664738409970451,-59.9768175292511,-41.69137896756566,1.1843650632684252e-27
Northwest,A1,April 1,Irrigated,990004,VSS,Heat,flowering/silking proxy (ADAT ±7 d),H38,Tmax ≥ 38°C,≥38°C,5,18592,2044,16548,10.993975903614459,2599.9383561643835,2226.0636934977038,ESTIMABLE,50.53504504221736,-50.53504504221736,-2.2701527000251347,15.73598699302164,-81.37701280973052,-19.693077274704205,0.0013207543254198982
Northcentral,A1,April 1,Rainfed,990001,LS,Cold,late season before/on maturity,C0,Tmin ≤ 0°C,≤0°C,0,19456,0,19456,0.0,,3023.9161698190787,LOW_EVENT_COUNT,,,,,,,
Northcentral,A1,April 1,Rainfed,990001,LS,Cold,late season before/on maturity,Cm2p2,Tmin ≤ −2.2°C,≤−2.2°C,1,19456,0,19456,0.0,,3023.9161698190787,LOW_EVENT_COUNT,,,,,,,
Northcentral,A1,April 1,Rainfed,990001,LS,Cold,late season before/on maturity,Cm4,Tmin ≤ −4°C,≤−4°C,2,19456,0,19456,0.0,,3023.9161698190787,LOW_EVENT_COUNT,,,,,,,
Northcentral,A1,April 1,Rainfed,990001,LS,Heat,flowering/silking proxy (ADAT ±7 d),H30,Tmax ≥ 30°C,≥30°C,3,19456,19456,0,100.0,3023.9161698190787,,LOW_EVENT_COUNT,,,,,,,
Northcentral,A1,April 1,Rainfed,990001,LS,Heat,flowering/silking proxy (ADAT ±7 d),H35,Tmax ≥ 35°C,≥35°C,4,19456,16928,2528,87.00657894736842,2647.531368147448,5544.265031645569,ESTIMABLE,-485.5040681562442,485.5040681562442,8.756869763351553,38.32795740036343,410.3826520505464,560.625484261942,8.997980175351501e-37
Northcentral,A1,April 1,Rainfed,990001,LS,Heat,flowering/silking proxy (ADAT ±7 d),H38,Tmax ≥ 38°C,≥38°C,5,19456,10685,8771,54.918791118421055,1682.7718296677585,4657.723862729449,ESTIMABLE,-780.9674332409631,780.9674332409631,16.767147565148107,27.365290743317484,727.3324489575936,834.6024175243327,3.8893868967201456e-179
Northcentral,A1,April 1,Rainfed,990002,MS,Cold,late season before/on maturity,C0,Tmin ≤ 0°C,≤0°C,0,19456,0,19456,0.0,,4089.1806126644738,LOW_EVENT_COUNT,,,,,,,
Northcentral,A1,April 1,Rainfed,990002,MS,Cold,late season before/on maturity,Cm2p2,Tmin ≤ −2.2°C,≤−2.2°C,1,19456,0,19456,0.0,,4089.1806126644738,LOW_EVENT_COUNT,,,,,,,
Northcentral,A1,April 1,Rainfed,990002,MS,Cold,late season before/on maturity,Cm4,Tmin ≤ −4°C,≤−4°C,2,19456,0,19456,0.0,,4089.1806126644738,LOW_EVENT_COUNT,,,,,,,
Northcentral,A1,April 1,Rainfed,990002,MS,Heat,flowering/silking proxy (ADAT ±7 d),H30,Tmax ≥ 30°C,≥30°C,3,19456,19456,0,100.0,4089.1806126644738,,LOW_EVENT_COUNT,,,,,,,
Northcentral,A1,April 1,Rainfed,990002,MS,Heat,flowering/silking proxy (ADAT ±7 d),H35,Tmax ≥ 35°C,≥35°C,4,19456,14505,4951,74.55283717105263,3462.5706308169597,5924.966875378711,ESTIMABLE,-619.9398700729823,619.9398700729823,10.463178666013336,26.011696413419468,568.9578819258904,670.9218582200742,1.51546562884807e-125
Northcentral,A1,April 1,Rainfed,990002,MS,Heat,flowering/silking proxy (ADAT ±7 d),H38,Tmax ≥ 38°C,≥38°C,5,19456,6118,13338,31.4453125,2619.0341614906833,4763.521292547608,ESTIMABLE,-505.0967674105945,505.0967674105945,10.603432553157763,21.0809228714821,463.7789178216229,546.4146169995661,7.286599683350451e-127
Northcentral,A1,April 1,Rainfed,990003,SS,Cold,late season before/on maturity,C0,Tmin ≤ 0°C,≤0°C,0,19456,0,19456,0.0,,3166.4267064144738,LOW_EVENT_COUNT,,,,,,,
Northcentral,A1,April 1,Rainfed,990003,SS,Cold,late season before/on maturity,Cm2p2,Tmin ≤ −2.2°C,≤−2.2°C,1,19456,0,19456,0.0,,3166.4267064144738,LOW_EVENT_COUNT,,,,,,,
Northcentral,A1,April 1,Rainfed,990003,SS,Cold,late season before/on maturity,Cm4,Tmin ≤ −4°C,≤−4°C,2,19456,0,19456,0.0,,3166.4267064144738,LOW_EVENT_COUNT,,,,,,,
Northcentral,A1,April 1,Rainfed,990003,SS,Heat,flowering/silking proxy (ADAT ±7 d),H30,Tmax ≥ 30°C,≥30°C,3,19456,19001,455,97.66138980263158,3138.827851165728,4318.9670329670325,ESTIMABLE,91.44121509885662,-91.44121509885662,-2.117201043695825,20.598503363456665,-131.81353982665885,-51.06889037105439,9.028697702989303e-06
Northcentral,A1,April 1,Rainfed,990003,SS,Heat,flowering/silking proxy (ADAT ±7 d),H35,Tmax ≥ 35°C,≥35°C,4,19456,8715,10741,44.79337993421053,2320.833161216294,3852.521832231636,ESTIMABLE,-288.2228290543903,288.2228290543903,7.481406766939267,17.872067980965642,253.19421948244613,323.2514386263344,1.648368771803522e-58
Northcentral,A1,April 1,Rainfed,990003,SS,Heat,flowering/silking proxy (ADAT ±7 d),H38,Tmax ≥ 38°C,≥38°C,5,19456,2803,16653,14.40686677631579,1805.5190866928292,3395.4919834264097,ESTIMABLE,-177.86142350104998,177.86142350104998,5.23816355241602,15.468389086254694,147.54393799313834,208.17890900896163,1.3441374594272014e-30
Northcentral,A1,April 1,Rainfed,990004,VSS,Cold,late season before/on maturity,C0,Tmin ≤ 0°C,≤0°C,0,19456,0,19456,0.0,,2129.0656352796054,LOW_EVENT_COUNT,,,,,,,
Northcentral,A1,April 1,Rainfed,990004,VSS,Cold,late season before/on maturity,Cm2p2,Tmin ≤ −2.2°C,≤−2.2°C,1,19456,0,19456,0.0,,2129.0656352796054,LOW_EVENT_COUNT,,,,,,,
Northcentral,A1,April 1,Rainfed,990004,VSS,Cold,late season before/on maturity,Cm4,Tmin ≤ −4°C,≤−4°C,2,19456,0,19456,0.0,,2129.0656352796054,LOW_EVENT_COUNT,,,,,,,
Northcentral,A1,April 1,Rainfed,990004,VSS,Heat,flowering/silking proxy (ADAT ±7 d),H30,Tmax ≥ 30°C,≥30°C,3,19456,13977,5479,71.83902138157895,2105.8845245760895,2188.200949078299,ESTIMABLE,-107.47093533437256,107.47093533437256,4.911383270336338,6.6696817758286215,94.39859926540531,120.5432714033398,2.055690654678382e-58
Northcentral,A1,April 1,Rainfed,990004,VSS,Heat,flowering/silking proxy (ADAT ±7 d),H35,Tmax ≥ 35°C,≥35°C,4,19456,4651,14805,23.905222039473685,2111.131369597936,2134.699696048632,ESTIMABLE,91.40950399784245,-91.40950399784245,-4.282077903840203,9.471110190910649,-109.9725388656376,-72.8464691300473,4.848760998811292e-22
Northcentral,A1,April 1,Rainfed,990004,VSS,Heat,flowering/silking proxy (ADAT ±7 d),H38,Tmax ≥ 38°C,≥38°C,5,19456,734,18722,3.7726151315789473,2180.268392370572,2127.058220275612,ESTIMABLE,-6.070596361534386,6.070596361534386,0.2853986930714004,23.149567424445685,-39.30172204806082,51.44291477112959,0.7931412852831807
Northcentral,A1,April 1,Irrigated,990001,LS,Cold,late season before/on maturity,C0,Tmin ≤ 0°C,≤0°C,0,19456,0,19456,0.0,,6001.319952713816,LOW_EVENT_COUNT,,,,,,,
Northcentral,A1,April 1,Irrigated,990001,LS,Cold,late season before/on maturity,Cm2p2,Tmin ≤ −2.2°C,≤−2.2°C,1,19456,0,19456,0.0,,6001.319952713816,LOW_EVENT_COUNT,,,,,,,
Northcentral,A1,April 1,Irrigated,990001,LS,Cold,late season before/on maturity,Cm4,Tmin ≤ −4°C,≤−4°C,2,19456,0,19456,0.0,,6001.319952713816,LOW_EVENT_COUNT,,,,,,,
Northcentral,A1,April 1,Irrigated,990001,LS,Heat,flowering/silking proxy (ADAT ±7 d),H30,Tmax ≥ 30°C,≥30°C,3,19456,19456,0,100.0,6001.319952713816,,LOW_EVENT_COUNT,,,,,,,
Northcentral,A1,April 1,Irrigated,990001,LS,Heat,flowering/silking proxy (ADAT ±7 d),H35,Tmax ≥ 35°C,≥35°C,4,19456,16928,2528,87.00657894736842,5874.655127599244,6849.493275316456,ESTIMABLE,81.37238532559746,-81.37238532559746,-1.1880059159827112,19.184473806350933,-118.97326304839734,-43.77150760279759,2.219566500197619e-05
Northcentral,A1,April 1,Irrigated,990001,LS,Heat,flowering/silking proxy (ADAT ±7 d),H38,Tmax ≥ 38°C,≥38°C,5,19456,10685,8771,54.918791118421055,5442.526158165653,6682.053243643826,ESTIMABLE,-120.21045692239868,120.21045692239868,1.7990047750180165,12.173034353186457,96.35174800758439,144.06916583721298,5.335671684008239e-23
Northcentral,A1,April 1,Irrigated,990002,MS,Cold,late season before/on maturity,C0,Tmin ≤ 0°C,≤0°C,0,19456,0,19456,0.0,,7193.840614720395,LOW_EVENT_COUNT,,,,,,,
Northcentral,A1,April 1,Irrigated,990002,MS,Cold,late season before/on maturity,Cm2p2,Tmin ≤ −2.2°C,≤−2.2°C,1,19456,0,19456,0.0,,7193.840614720395,LOW_EVENT_COUNT,,,,,,,
Northcentral,A1,April 1,Irrigated,990002,MS,Cold,late season before/on maturity,Cm4,Tmin ≤ −4°C,≤−4°C,2,19456,0,19456,0.0,,7193.840614720395,LOW_EVENT_COUNT,,,,,,,
Northcentral,A1,April 1,Irrigated,990002,MS,Heat,flowering/silking proxy (ADAT ±7 d),H30,Tmax ≥ 30°C,≥30°C,3,19456,19456,0,100.0,7193.840614720395,,LOW_EVENT_COUNT,,,,,,,
Northcentral,A1,April 1,Irrigated,990002,MS,Heat,flowering/silking proxy (ADAT ±7 d),H35,Tmax ≥ 35°C,≥35°C,4,19456,14505,4951,74.55283717105263,7038.364495001723,7649.340739244597,ESTIMABLE,-95.56947835861824,95.56947835861824,1.2493818959888052,13.884851559566133,68.35566937118382,122.78328734605266,5.860369145437139e-12
Northcentral,A1,April 1,Irrigated,990002,MS,Heat,flowering/silking proxy (ADAT ±7 d),H38,Tmax ≥ 38°C,≥38°C,5,19456,6118,13338,31.4453125,6906.175547564563,7325.78954865797,ESTIMABLE,-155.61437861744113,155.61437861744113,2.124199413371744,13.812983492507316,128.5414284530805,182.68732878180177,1.9357473255523821e-29
Northcentral,A1,April 1,Irrigated,990003,SS,Cold,late season before/on maturity,C0,Tmin ≤ 0°C,≤0°C,0,19456,0,19456,0.0,,4288.910618832237,LOW_EVENT_COUNT,,,,,,,
Northcentral,A1,April 1,Irrigated,990003,SS,Cold,late season before/on maturity,Cm2p2,Tmin ≤ −2.2°C,≤−2.2°C,1,19456,0,19456,0.0,,4288.910618832237,LOW_EVENT_COUNT,,,,,,,
Northcentral,A1,April 1,Irrigated,990003,SS,Cold,late season before/on maturity,Cm4,Tmin ≤ −4°C,≤−4°C,2,19456,0,19456,0.0,,4288.910618832237,LOW_EVENT_COUNT,,,,,,,
Northcentral,A1,April 1,Irrigated,990003,SS,Heat,flowering/silking proxy (ADAT ±7 d),H30,Tmax ≥ 30°C,≥30°C,3,19456,19001,455,97.66138980263158,4285.988421662018,4410.942857142857,ESTIMABLE,-120.0048971258492,120.0048971258492,2.7206178137519816,17.261435262149284,86.1731056905669,153.8366885611315,3.59640890178761e-12
Northcentral,A1,April 1,Irrigated,990003,SS,Heat,flowering/silking proxy (ADAT ±7 d),H35,Tmax ≥ 35°C,≥35°C,4,19456,8715,10741,44.79337993421053,4117.561904761905,4427.939018713341,ESTIMABLE,-48.35045164651539,48.35045164651539,1.0919403235269696,9.18671003599591,30.344830839550742,66.35607245348004,1.4165671459025033e-07
Northcentral,A1,April 1,Irrigated,990003,SS,Heat,flowering/silking proxy (ADAT ±7 d),H38,Tmax ≥ 38°C,≥38°C,5,19456,2803,16653,14.40686677631579,3903.9878701391367,4353.700054044316,ESTIMABLE,-84.32859348037556,84.32859348037556,1.9369408189257218,14.040751554163759,56.8092261183398,111.84796084241131,1.901695779931665e-09
Northcentral,A1,April 1,Irrigated,990004,VSS,Cold,late season before/on maturity,C0,Tmin ≤ 0°C,≤0°C,0,19456,0,19456,0.0,,2358.7732833059213,LOW_EVENT_COUNT,,,,,,,
Northcentral,A1,April 1,Irrigated,990004,VSS,Cold,late season before/on maturity,Cm2p2,Tmin ≤ −2.2°C,≤−2.2°C,1,19456,0,19456,0.0,,2358.7732833059213,LOW_EVENT_COUNT,,,,,,,
Northcentral,A1,April 1,Irrigated,990004,VSS,Cold,late season before/on maturity,Cm4,Tmin ≤ −4°C,≤−4°C,2,19456,0,19456,0.0,,2358.7732833059213,LOW_EVENT_COUNT,,,,,,,
Northcentral,A1,April 1,Irrigated,990004,VSS,Heat,flowering/silking proxy (ADAT ±7 d),H30,Tmax ≥ 30°C,≥30°C,3,19456,13977,5479,71.83902138157895,2422.315375259355,2196.676583318124,ESTIMABLE,-96.71237767888103,96.71237767888103,4.402668031030542,5.1524827636594965,86.61369703114501,106.81105832661704,1.327514635958487e-78
Northcentral,A1,April 1,Irrigated,990004,VSS,Heat,flowering/silking proxy (ADAT ±7 d),H35,Tmax ≥ 35°C,≥35°C,4,19456,4651,14805,23.905222039473685,2654.9535583745433,2265.7280648429582,ESTIMABLE,130.78164800314812,-130.78164800314812,-5.7721687802023505,9.682425288853437,-149.7588528523007,-111.80444315399555,1.419738046868128e-41
Northcentral,A1,April 1,Irrigated,990004,VSS,Heat,flowering/silking proxy (ADAT ±7 d),H38,Tmax ≥ 38°C,≥38°C,5,19456,734,18722,3.7726151315789473,3068.801089918256,2330.936491827796,ESTIMABLE,-25.593052834027585,25.593052834027585,1.0979729788330217,18.14356185243661,-9.967674948022992,61.153780616078166,0.15836674653043678
Northeast,A1,April 1,Rainfed,990001,LS,Cold,late season before/on maturity,C0,Tmin ≤ 0°C,≤0°C,0,17746,0,17746,0.0,,4566.098162966302,LOW_EVENT_COUNT,,,,,,,
Northeast,A1,April 1,Rainfed,990001,LS,Cold,late season before/on maturity,Cm2p2,Tmin ≤ −2.2°C,≤−2.2°C,1,17746,0,17746,0.0,,4566.098162966302,LOW_EVENT_COUNT,,,,,,,
Northeast,A1,April 1,Rainfed,990001,LS,Cold,late season before/on maturity,Cm4,Tmin ≤ −4°C,≤−4°C,2,17746,0,17746,0.0,,4566.098162966302,LOW_EVENT_COUNT,,,,,,,
Northeast,A1,April 1,Rainfed,990001,LS,Heat,flowering/silking proxy (ADAT ±7 d),H30,Tmax ≥ 30°C,≥30°C,3,17746,17713,33,99.81404260114955,4561.495511771016,7036.606060606061,ESTIMABLE,-960.53097944466,960.53097944466,13.650486771202448,89.45100268098652,785.2102358089306,1135.8517230803895,6.744066223458245e-27
Northeast,A1,April 1,Rainfed,990001,LS,Heat,flowering/silking proxy (ADAT ±7 d),H35,Tmax ≥ 35°C,≥35°C,4,17746,9392,8354,52.92460272737518,2754.7701235093696,6602.487072061288,ESTIMABLE,-1261.415990489781,1261.415990489781,19.105164110468582,48.560100996361136,1166.2399414512856,1356.5920395282765,9.155681543172546e-149
Northeast,A1,April 1,Rainfed,990001,LS,Heat,flowering/silking proxy (ADAT ±7 d),H38,Tmax ≥ 38°C,≥38°C,5,17746,5703,12043,32.13681956497239,1961.3010696124848,5799.607905007058,ESTIMABLE,-1727.3012286204619,1727.3012286204619,29.78306907832866,24.076303696814755,1680.1125404938564,1774.4899167470674,0.0
Northeast,A1,April 1,Rainfed,990002,MS,Cold,late season before/on maturity,C0,Tmin ≤ 0°C,≤0°C,0,17746,0,17746,0.0,,6213.561027837259,LOW_EVENT_COUNT,,,,,,,
Northeast,A1,April 1,Rainfed,990002,MS,Cold,late season before/on maturity,Cm2p2,Tmin ≤ −2.2°C,≤−2.2°C,1,17746,0,17746,0.0,,6213.561027837259,LOW_EVENT_COUNT,,,,,,,
Northeast,A1,April 1,Rainfed,990002,MS,Cold,late season before/on maturity,Cm4,Tmin ≤ −4°C,≤−4°C,2,17746,0,17746,0.0,,6213.561027837259,LOW_EVENT_COUNT,,,,,,,
Northeast,A1,April 1,Rainfed,990002,MS,Heat,flowering/silking proxy (ADAT ±7 d),H30,Tmax ≥ 30°C,≥30°C,3,17746,17582,164,99.07584807844022,6184.6028324422705,9318.091463414634,ESTIMABLE,-592.1357501047091,592.1357501047091,6.3546891810366475,39.997457099149976,513.7421747171893,670.529325492229,1.3733876669485313e-49
Northeast,A1,April 1,Rainfed,990002,MS,Heat,flowering/silking proxy (ADAT ±7 d),H35,Tmax ≥ 35°C,≥35°C,4,17746,5214,12532,29.381269018370336,4559.237437667817,6901.850462815193,ESTIMABLE,-926.7203311757601,926.7203311757601,13.427128509500632,26.666881470319964,874.4542039139344,978.9864584375857,1.3049463757823603e-264
Northeast,A1,April 1,Rainfed,990002,MS,Heat,flowering/silking proxy (ADAT ±7 d),H38,Tmax ≥ 38°C,≥38°C,5,17746,1276,16470,7.190352755550546,2980.5658307210033,6464.034729811779,ESTIMABLE,-913.4503225970336,913.4503225970336,14.131271887885289,64.73931327357134,786.563600196978,1040.3370449970894,3.311255514342597e-45
Northeast,A1,April 1,Rainfed,990003,SS,Cold,late season before/on maturity,C0,Tmin ≤ 0°C,≤0°C,0,17746,0,17746,0.0,,4058.500957962358,LOW_EVENT_COUNT,,,,,,,
Northeast,A1,April 1,Rainfed,990003,SS,Cold,late season before/on maturity,Cm2p2,Tmin ≤ −2.2°C,≤−2.2°C,1,17746,0,17746,0.0,,4058.500957962358,LOW_EVENT_COUNT,,,,,,,
Northeast,A1,April 1,Rainfed,990003,SS,Cold,late season before/on maturity,Cm4,Tmin ≤ −4°C,≤−4°C,2,17746,0,17746,0.0,,4058.500957962358,LOW_EVENT_COUNT,,,,,,,
Northeast,A1,April 1,Rainfed,990003,SS,Heat,flowering/silking proxy (ADAT ±7 d),H30,Tmax ≥ 30°C,≥30°C,3,17746,15854,1892,89.3384424659078,3981.235019553425,4705.950317124736,ESTIMABLE,161.6853480046047,-161.6853480046047,-3.4357640244572742,12.367911925075807,-185.92600994171673,-137.44468606749265,4.699392781731016e-39
Northeast,A1,April 1,Rainfed,990003,SS,Heat,flowering/silking proxy (ADAT ±7 d),H35,Tmax ≥ 35°C,≥35°C,4,17746,2737,15009,15.423193959202074,2699.959810010961,4306.240788860017,ESTIMABLE,-270.74528701339955,270.74528701339955,6.287277007681529,17.29579311380806,236.84615542627986,304.6444186005192,3.128468324736527e-55
Northeast,A1,April 1,Rainfed,990003,SS,Heat,flowering/silking proxy (ADAT ±7 d),H38,Tmax ≥ 38°C,≥38°C,5,17746,272,17474,1.5327397723430631,2227.2095588235293,4087.0068101178895,ESTIMABLE,-293.2252075368762,293.2252075368762,7.174571053098347,68.57190245597117,158.82674837177905,427.6236667019734,1.901348660318748e-05
Northeast,A1,April 1,Rainfed,990004,VSS,Cold,late season before/on maturity,C0,Tmin ≤ 0°C,≤0°C,0,17746,0,17746,0.0,,2338.3436267327847,LOW_EVENT_COUNT,,,,,,,
Northeast,A1,April 1,Rainfed,990004,VSS,Cold,late season before/on maturity,Cm2p2,Tmin ≤ −2.2°C,≤−2.2°C,1,17746,0,17746,0.0,,2338.3436267327847,LOW_EVENT_COUNT,,,,,,,
Northeast,A1,April 1,Rainfed,990004,VSS,Cold,late season before/on maturity,Cm4,Tmin ≤ −4°C,≤−4°C,2,17746,0,17746,0.0,,2338.3436267327847,LOW_EVENT_COUNT,,,,,,,
Northeast,A1,April 1,Rainfed,990004,VSS,Heat,flowering/silking proxy (ADAT ±7 d),H30,Tmax ≥ 30°C,≥30°C,3,17746,7896,9850,44.49453397948834,2431.9924012158053,2263.2724873096445,ESTIMABLE,-104.78584980599075,104.78584980599075,4.62983800640593,10.728201019967278,83.75896218794901,125.81273742403249,1.5550018068101278e-22
Northeast,A1,April 1,Rainfed,990004,VSS,Heat,flowering/silking proxy (ADAT ±7 d),H35,Tmax ≥ 35°C,≥35°C,4,17746,923,16823,5.201172095120027,2515.500541711809,2328.6238483029188,ESTIMABLE,82.20958447814026,-82.20958447814026,-3.5303934784509705,11.159789932020727,-104.08237081993357,-60.336798136346935,1.7504924566734116e-13
Northeast,A1,April 1,Rainfed,990004,VSS,Heat,flowering/silking proxy (ADAT ±7 d),H38,Tmax ≥ 38°C,≥38°C,5,17746,21,17725,0.11833652654119238,2108.5238095238096,2338.615909732017,ESTIMABLE,263.40837474245563,-263.40837474245563,-11.26343037547537,15.831581603482029,-294.43770450358727,-232.37904498132397,3.687817867624987e-62
Northeast,A1,April 1,Irrigated,990001,LS,Cold,late season before/on maturity,C0,Tmin ≤ 0°C,≤0°C,0,17746,0,17746,0.0,,6465.37011157444,LOW_EVENT_COUNT,,,,,,,
Northeast,A1,April 1,Irrigated,990001,LS,Cold,late season before/on maturity,Cm2p2,Tmin ≤ −2.2°C,≤−2.2°C,1,17746,0,17746,0.0,,6465.37011157444,LOW_EVENT_COUNT,,,,,,,
Northeast,A1,April 1,Irrigated,990001,LS,Cold,late season before/on maturity,Cm4,Tmin ≤ −4°C,≤−4°C,2,17746,0,17746,0.0,,6465.37011157444,LOW_EVENT_COUNT,,,,,,,
Northeast,A1,April 1,Irrigated,990001,LS,Heat,flowering/silking proxy (ADAT ±7 d),H30,Tmax ≥ 30°C,≥30°C,3,17746,17713,33,99.81404260114955,6462.834302489697,7826.484848484848,ESTIMABLE,-1192.7813061702666,1192.7813061702666,15.240319623198154,22.066258844457074,1149.5322335615922,1236.030378778941,0.0
Northeast,A1,April 1,Irrigated,990001,LS,Heat,flowering/silking proxy (ADAT ±7 d),H35,Tmax ≥ 35°C,≥35°C,4,17746,9392,8354,52.92460272737518,5742.76405451448,7277.761311946373,ESTIMABLE,-161.69526932709982,161.69526932709982,2.221772086172689,11.473097318057537,139.20841179258397,184.18212686161567,4.168274358616872e-45
Northeast,A1,April 1,Irrigated,990001,LS,Heat,flowering/silking proxy (ADAT ±7 d),H38,Tmax ≥ 38°C,≥38°C,5,17746,5703,12043,32.13681956497239,5283.129054883395,7025.22403055717,ESTIMABLE,-412.5654111195701,412.5654111195701,5.872629959202163,12.983124141291377,387.1189553958265,438.0118668433137,1.3434818446996324e-221
Northeast,A1,April 1,Irrigated,990002,MS,Cold,late season before/on maturity,C0,Tmin ≤ 0°C,≤0°C,0,17746,0,17746,0.0,,7853.834497915023,LOW_EVENT_COUNT,,,,,,,
Northeast,A1,April 1,Irrigated,990002,MS,Cold,late season before/on maturity,Cm2p2,Tmin ≤ −2.2°C,≤−2.2°C,1,17746,0,17746,0.0,,7853.834497915023,LOW_EVENT_COUNT,,,,,,,
Northeast,A1,April 1,Irrigated,990002,MS,Cold,late season before/on maturity,Cm4,Tmin ≤ −4°C,≤−4°C,2,17746,0,17746,0.0,,7853.834497915023,LOW_EVENT_COUNT,,,,,,,
Northeast,A1,April 1,Irrigated,990002,MS,Heat,flowering/silking proxy (ADAT ±7 d),H30,Tmax ≥ 30°C,≥30°C,3,17746,17582,164,99.07584807844022,7838.043282902969,9546.768292682927,ESTIMABLE,-464.7395323655751,464.7395323655751,4.868029872703335,35.70825461771766,394.7526393640624,534.7264253670878,1.0066775121522911e-38
Northeast,A1,April 1,Irrigated,990002,MS,Heat,flowering/silking proxy (ADAT ±7 d),H35,Tmax ≥ 35°C,≥35°C,4,17746,5214,12532,29.381269018370336,7410.086114307634,8038.458187041175,ESTIMABLE,-252.64130385903198,252.64130385903198,3.1429074827597643,13.154510211795339,226.85893760964876,278.4236701084152,3.3175598284605784e-82
Northeast,A1,April 1,Irrigated,990002,MS,Heat,flowering/silking proxy (ADAT ±7 d),H38,Tmax ≥ 38°C,≥38°C,5,17746,1276,16470,7.190352755550546,7102.619122257053,7912.0343047966,ESTIMABLE,-357.372745691449,357.372745691449,4.516825027854025,26.917451834675582,304.61550953989325,410.1299818430047,3.1635990123082164e-40
Northeast,A1,April 1,Irrigated,990003,SS,Cold,late season before/on maturity,C0,Tmin ≤ 0°C,≤0°C,0,17746,0,17746,0.0,,4527.385946128705,LOW_EVENT_COUNT,,,,,,,
Northeast,A1,April 1,Irrigated,990003,SS,Cold,late season before/on maturity,Cm2p2,Tmin ≤ −2.2°C,≤−2.2°C,1,17746,0,17746,0.0,,4527.385946128705,LOW_EVENT_COUNT,,,,,,,
Northeast,A1,April 1,Irrigated,990003,SS,Cold,late season before/on maturity,Cm4,Tmin ≤ −4°C,≤−4°C,2,17746,0,17746,0.0,,4527.385946128705,LOW_EVENT_COUNT,,,,,,,
Northeast,A1,April 1,Irrigated,990003,SS,Heat,flowering/silking proxy (ADAT ±7 d),H30,Tmax ≥ 30°C,≥30°C,3,17746,15854,1892,89.3384424659078,4503.935536773054,4723.888477801269,ESTIMABLE,132.03708904274427,-132.03708904274427,-2.79509327248557,9.120648288276962,-149.913231203424,-114.16094688206454,1.7001411425118023e-47
Northeast,A1,April 1,Irrigated,990003,SS,Heat,flowering/silking proxy (ADAT ±7 d),H35,Tmax ≥ 35°C,≥35°C,4,17746,2737,15009,15.423193959202074,4230.219218122032,4581.576454127524,ESTIMABLE,-6.292225445694661,6.292225445694661,0.13733756292609764,9.509073076388692,-12.345215310386667,24.92966620177599,0.5081586652957885
Northeast,A1,April 1,Irrigated,990003,SS,Heat,flowering/silking proxy (ADAT ±7 d),H38,Tmax ≥ 38°C,≥38°C,5,17746,272,17474,1.5327397723430631,4389.044117647059,4529.539372782419,ESTIMABLE,-181.64504069310613,181.64504069310613,4.0102320731462076,14.106989263431215,153.9958498064877,209.29423157972454,6.124400106596946e-38
Northeast,A1,April 1,Irrigated,990004,VSS,Cold,late season before/on maturity,C0,Tmin ≤ 0°C,≤0°C,0,17746,0,17746,0.0,,2419.287388707314,LOW_EVENT_COUNT,,,,,,,
Northeast,A1,April 1,Irrigated,990004,VSS,Cold,late season before/on maturity,Cm2p2,Tmin ≤ −2.2°C,≤−2.2°C,1,17746,0,17746,0.0,,2419.287388707314,LOW_EVENT_COUNT,,,,,,,
Northeast,A1,April 1,Irrigated,990004,VSS,Cold,late season before/on maturity,Cm4,Tmin ≤ −4°C,≤−4°C,2,17746,0,17746,0.0,,2419.287388707314,LOW_EVENT_COUNT,,,,,,,
Northeast,A1,April 1,Irrigated,990004,VSS,Heat,flowering/silking proxy (ADAT ±7 d),H30,Tmax ≥ 30°C,≥30°C,3,17746,7896,9850,44.49453397948834,2604.117654508612,2271.1229441624364,ESTIMABLE,-88.77790383571596,88.77790383571596,3.9089871406524055,10.803742671569456,67.60295730120129,109.95285037023064,2.080862977314834e-16
Northeast,A1,April 1,Irrigated,990004,VSS,Heat,flowering/silking proxy (ADAT ±7 d),H35,Tmax ≥ 35°C,≥35°C,4,17746,923,16823,5.201172095120027,3033.0346695557964,2385.6139214171076,ESTIMABLE,189.6135705330248,-189.6135705330248,-7.948208586089662,8.029381317902162,-205.3508687342518,-173.87627233179782,2.7052347274208926e-123
Northeast,A1,April 1,Irrigated,990004,VSS,Heat,flowering/silking proxy (ADAT ±7 d),H38,Tmax ≥ 38°C,≥38°C,5,17746,21,17725,0.11833652654119238,2252.0,2419.485585331453,ESTIMABLE,362.11529627000493,-362.11529627000493,-14.966623420506867,18.630928509744248,-398.63124514764417,-325.5993473923657,3.8105431402263096e-84
Southwest,A1,April 1,Rainfed,990001,LS,Cold,late season before/on maturity,C0,Tmin ≤ 0°C,≤0°C,0,9614,0,9614,0.0,,1824.716767214479,LOW_EVENT_COUNT,,,,,,,
Southwest,A1,April 1,Rainfed,990001,LS,Cold,late season before/on maturity,Cm2p2,Tmin ≤ −2.2°C,≤−2.2°C,1,9614,0,9614,0.0,,1824.716767214479,LOW_EVENT_COUNT,,,,,,,
Southwest,A1,April 1,Rainfed,990001,LS,Cold,late season before/on maturity,Cm4,Tmin ≤ −4°C,≤−4°C,2,9614,0,9614,0.0,,1824.716767214479,LOW_EVENT_COUNT,,,,,,,
Southwest,A1,April 1,Rainfed,990001,LS,Heat,flowering/silking proxy (ADAT ±7 d),H30,Tmax ≥ 30°C,≥30°C,3,9542,9542,0,100.0,1838.4853280234752,,LOW_EVENT_COUNT,,,,,,,
Southwest,A1,April 1,Rainfed,990001,LS,Heat,flowering/silking proxy (ADAT ±7 d),H35,Tmax ≥ 35°C,≥35°C,4,9542,9383,159,98.33368266610773,1800.8329958435468,4060.446540880503,ESTIMABLE,-50.56043203575088,50.56043203575088,1.2451938851234552,173.1578645033105,-288.8227460306044,389.9436101021061,0.7702939731879767
Southwest,A1,April 1,Rainfed,990001,LS,Heat,flowering/silking proxy (ADAT ±7 d),H38,Tmax ≥ 38°C,≥38°C,5,9542,7532,2010,78.93523370362607,1441.8648433351036,3324.726865671642,ESTIMABLE,-554.3088141573123,554.3088141573123,16.672311337230227,28.454317269783274,498.53937710386106,610.0782512107636,1.6020830755193822e-84
Southwest,A1,April 1,Rainfed,990002,MS,Cold,late season before/on maturity,C0,Tmin ≤ 0°C,≤0°C,0,9614,0,9614,0.0,,2510.3677969627624,LOW_EVENT_COUNT,,,,,,,
Southwest,A1,April 1,Rainfed,990002,MS,Cold,late season before/on maturity,Cm2p2,Tmin ≤ −2.2°C,≤−2.2°C,1,9614,0,9614,0.0,,2510.3677969627624,LOW_EVENT_COUNT,,,,,,,
Southwest,A1,April 1,Rainfed,990002,MS,Cold,late season before/on maturity,Cm4,Tmin ≤ −4°C,≤−4°C,2,9614,0,9614,0.0,,2510.3677969627624,LOW_EVENT_COUNT,,,,,,,
Southwest,A1,April 1,Rainfed,990002,MS,Heat,flowering/silking proxy (ADAT ±7 d),H30,Tmax ≥ 30°C,≥30°C,3,9525,9525,0,100.0,2533.824251968504,,LOW_EVENT_COUNT,,,,,,,
Southwest,A1,April 1,Rainfed,990002,MS,Heat,flowering/silking proxy (ADAT ±7 d),H35,Tmax ≥ 35°C,≥35°C,4,9525,8786,739,92.24146981627297,2398.7575688595493,4139.637347767253,ESTIMABLE,-732.6138343821834,732.6138343821834,17.697536591637057,25.945733316184324,681.7611315299812,783.4665372343857,2.0915160769067207e-175
Southwest,A1,April 1,Rainfed,990002,MS,Heat,flowering/silking proxy (ADAT ±7 d),H38,Tmax ≥ 38°C,≥38°C,5,9525,5813,3712,61.028871391076116,1913.2501290211594,3505.644665948276,ESTIMABLE,-977.082336689286,977.082336689286,27.871687800537124,22.023527065916703,933.9170168275461,1020.2476565510258,0.0
Southwest,A1,April 1,Rainfed,990003,SS,Cold,late season before/on maturity,C0,Tmin ≤ 0°C,≤0°C,0,9614,0,9614,0.0,,1848.7411067193675,LOW_EVENT_COUNT,,,,,,,
Southwest,A1,April 1,Rainfed,990003,SS,Cold,late season before/on maturity,Cm2p2,Tmin ≤ −2.2°C,≤−2.2°C,1,9614,0,9614,0.0,,1848.7411067193675,LOW_EVENT_COUNT,,,,,,,
Southwest,A1,April 1,Rainfed,990003,SS,Cold,late season before/on maturity,Cm4,Tmin ≤ −4°C,≤−4°C,2,9614,0,9614,0.0,,1848.7411067193675,LOW_EVENT_COUNT,,,,,,,
Southwest,A1,April 1,Rainfed,990003,SS,Heat,flowering/silking proxy (ADAT ±7 d),H30,Tmax ≥ 30°C,≥30°C,3,9576,9360,216,97.74436090225564,1868.0552350427351,1337.037037037037,ESTIMABLE,126.03558085010982,-126.03558085010982,-9.426483886296303,43.56318617434351,-211.4178568036363,-40.653304896583336,0.003813782308894169
Southwest,A1,April 1,Rainfed,990003,SS,Heat,flowering/silking proxy (ADAT ±7 d),H35,Tmax ≥ 35°C,≥35°C,4,9576,7502,2074,78.34168755221387,1657.5610503865637,2574.1436837029896,ESTIMABLE,-264.0153611044118,264.0153611044118,10.25643450969361,14.383904477673617,235.82342637110708,292.2072958377165,3.0155208960634666e-75
Southwest,A1,April 1,Rainfed,990003,SS,Heat,flowering/silking proxy (ADAT ±7 d),H38,Tmax ≥ 38°C,≥38°C,5,9576,3670,5906,38.3249791144528,1187.6569482288828,2271.4351506942094,ESTIMABLE,-237.30281133787125,237.30281133787125,10.447263320079614,15.400293811672972,207.11879011565716,267.48683256008536,1.4244355623106023e-53
Southwest,A1,April 1,Rainfed,990004,VSS,Cold,late season before/on maturity,C0,Tmin ≤ 0°C,≤0°C,0,9614,0,9614,0.0,,1634.2235281880592,LOW_EVENT_COUNT,,,,,,,
Southwest,A1,April 1,Rainfed,990004,VSS,Cold,late season before/on maturity,Cm2p2,Tmin ≤ −2.2°C,≤−2.2°C,1,9614,0,9614,0.0,,1634.2235281880592,LOW_EVENT_COUNT,,,,,,,
Southwest,A1,April 1,Rainfed,990004,VSS,Cold,late season before/on maturity,Cm4,Tmin ≤ −4°C,≤−4°C,2,9614,0,9614,0.0,,1634.2235281880592,LOW_EVENT_COUNT,,,,,,,
Southwest,A1,April 1,Rainfed,990004,VSS,Heat,flowering/silking proxy (ADAT ±7 d),H30,Tmax ≥ 30°C,≥30°C,3,9613,8855,758,92.11484448143139,1616.6909090909091,1841.1965699208442,ESTIMABLE,78.30134889267224,-78.30134889267224,-4.252742492130459,33.415759446131005,-143.7950339231431,-12.807663862201366,0.01911676739403385
Southwest,A1,April 1,Rainfed,990004,VSS,Heat,flowering/silking proxy (ADAT ±7 d),H35,Tmax ≥ 35°C,≥35°C,4,9613,4486,5127,46.66597316134401,1352.9812750780204,1880.6223912619466,ESTIMABLE,66.36413451960142,-66.36413451960142,-3.528838900778447,14.864868358445946,-95.49874113708451,-37.229527902118335,8.025772046473078e-06
Southwest,A1,April 1,Rainfed,990004,VSS,Heat,flowering/silking proxy (ADAT ±7 d),H38,Tmax ≥ 38°C,≥38°C,5,9613,1292,8321,13.44013315302195,874.703560371517,1752.350438649201,ESTIMABLE,-112.78222340893845,112.78222340893845,6.43605416596218,16.953880052631693,79.5532291075683,146.01121771030859,2.8855621032919226e-11
Southwest,A1,April 1,Irrigated,990001,LS,Cold,late season before/on maturity,C0,Tmin ≤ 0°C,≤0°C,0,9614,0,9614,0.0,,5692.018826711046,LOW_EVENT_COUNT,,,,,,,
Southwest,A1,April 1,Irrigated,990001,LS,Cold,late season before/on maturity,Cm2p2,Tmin ≤ −2.2°C,≤−2.2°C,1,9614,0,9614,0.0,,5692.018826711046,LOW_EVENT_COUNT,,,,,,,
Southwest,A1,April 1,Irrigated,990001,LS,Cold,late season before/on maturity,Cm4,Tmin ≤ −4°C,≤−4°C,2,9614,0,9614,0.0,,5692.018826711046,LOW_EVENT_COUNT,,,,,,,
Southwest,A1,April 1,Irrigated,990001,LS,Heat,flowering/silking proxy (ADAT ±7 d),H30,Tmax ≥ 30°C,≥30°C,3,9613,9613,0,100.0,5692.6109435139915,,LOW_EVENT_COUNT,,,,,,,
Southwest,A1,April 1,Irrigated,990001,LS,Heat,flowering/silking proxy (ADAT ±7 d),H35,Tmax ≥ 35°C,≥35°C,4,9613,9454,159,98.34598980547176,5684.60736196319,6168.496855345912,ESTIMABLE,-64.35073686726626,64.35073686726626,1.0432158494414545,58.26816360517674,-49.8527652441677,178.55423897870023,0.2694242969552317
Southwest,A1,April 1,Irrigated,990001,LS,Heat,flowering/silking proxy (ADAT ±7 d),H38,Tmax ≥ 38°C,≥38°C,5,9613,7603,2010,79.09081452200145,5563.186110745758,6182.171641791045,ESTIMABLE,-102.0001718704618,102.0001718704618,1.6499084428673547,11.43142225522113,79.59499595815873,124.40534778276486,4.546893655640492e-19
Southwest,A1,April 1,Irrigated,990002,MS,Cold,late season before/on maturity,C0,Tmin ≤ 0°C,≤0°C,0,9614,0,9614,0.0,,7157.982733513626,LOW_EVENT_COUNT,,,,,,,
Southwest,A1,April 1,Irrigated,990002,MS,Cold,late season before/on maturity,Cm2p2,Tmin ≤ −2.2°C,≤−2.2°C,1,9614,0,9614,0.0,,7157.982733513626,LOW_EVENT_COUNT,,,,,,,
Southwest,A1,April 1,Irrigated,990002,MS,Cold,late season before/on maturity,Cm4,Tmin ≤ −4°C,≤−4°C,2,9614,0,9614,0.0,,7157.982733513626,LOW_EVENT_COUNT,,,,,,,
Southwest,A1,April 1,Irrigated,990002,MS,Heat,flowering/silking proxy (ADAT ±7 d),H30,Tmax ≥ 30°C,≥30°C,3,9613,9613,0,100.0,7158.727348382399,,LOW_EVENT_COUNT,,,,,,,
Southwest,A1,April 1,Irrigated,990002,MS,Heat,flowering/silking proxy (ADAT ±7 d),H35,Tmax ≥ 35°C,≥35°C,4,9613,8874,739,92.3124934983876,7122.319021861618,7595.9228687415425,ESTIMABLE,64.08450762619813,-64.08450762619813,-0.843669804625272,18.350505667496403,-100.05083783258922,-28.11817741980704,0.0004789742009158626
Southwest,A1,April 1,Irrigated,990002,MS,Heat,flowering/silking proxy (ADAT ±7 d),H38,Tmax ≥ 38°C,≥38°C,5,9613,5901,3712,61.38562363466139,7044.233350279614,7340.739493534483,ESTIMABLE,-186.32476640234717,186.32476640234717,2.538228833300198,18.41253779310222,150.2368554638842,222.41267734081012,4.529509905992452e-24
Southwest,A1,April 1,Irrigated,990003,SS,Cold,late season before/on maturity,C0,Tmin ≤ 0°C,≤0°C,0,9614,0,9614,0.0,,4336.211150405658,LOW_EVENT_COUNT,,,,,,,
Southwest,A1,April 1,Irrigated,990003,SS,Cold,late season before/on maturity,Cm2p2,Tmin ≤ −2.2°C,≤−2.2°C,1,9614,0,9614,0.0,,4336.211150405658,LOW_EVENT_COUNT,,,,,,,
Southwest,A1,April 1,Irrigated,990003,SS,Cold,late season before/on maturity,Cm4,Tmin ≤ −4°C,≤−4°C,2,9614,0,9614,0.0,,4336.211150405658,LOW_EVENT_COUNT,,,,,,,
Southwest,A1,April 1,Irrigated,990003,SS,Heat,flowering/silking proxy (ADAT ±7 d),H30,Tmax ≥ 30°C,≥30°C,3,9613,9397,216,97.75304275460314,4343.563264871767,4036.435185185185,ESTIMABLE,407.09891395868516,-407.09891395868516,-10.085605126346358,87.77073770649636,-579.1263987599298,-235.07142915744058,3.5144347088079634e-06
Southwest,A1,April 1,Irrigated,990003,SS,Heat,flowering/silking proxy (ADAT ±7 d),H35,Tmax ≥ 35°C,≥35°C,4,9613,7539,2074,78.42504941225424,4325.08276959809,4378.753616200579,ESTIMABLE,165.86523623087592,-165.86523623087592,-3.7879554496330923,13.645325573985318,-192.6095829132105,-139.12088954854136,5.365760540851851e-34
Southwest,A1,April 1,Irrigated,990003,SS,Heat,flowering/silking proxy (ADAT ±7 d),H38,Tmax ≥ 38°C,≥38°C,5,9613,3707,5906,38.5623634661396,4225.684111141084,4406.3195055875385,ESTIMABLE,69.15061324825886,-69.15061324825886,-1.5693508643794618,16.02874633531733,-100.56637878280921,-37.73484771370852,1.6020921695885388e-05
Southwest,A1,April 1,Irrigated,990004,VSS,Cold,late season before/on maturity,C0,Tmin ≤ 0°C,≤0°C,0,9614,0,9614,0.0,,2540.950280840441,LOW_EVENT_COUNT,,,,,,,
Southwest,A1,April 1,Irrigated,990004,VSS,Cold,late season before/on maturity,Cm2p2,Tmin ≤ −2.2°C,≤−2.2°C,1,9614,0,9614,0.0,,2540.950280840441,LOW_EVENT_COUNT,,,,,,,
Southwest,A1,April 1,Irrigated,990004,VSS,Cold,late season before/on maturity,Cm4,Tmin ≤ −4°C,≤−4°C,2,9614,0,9614,0.0,,2540.950280840441,LOW_EVENT_COUNT,,,,,,,
Southwest,A1,April 1,Irrigated,990004,VSS,Heat,flowering/silking proxy (ADAT ±7 d),H30,Tmax ≥ 30°C,≥30°C,3,9613,8855,758,92.11484448143139,2579.4119706380575,2094.990765171504,ESTIMABLE,20.320852443676014,-20.320852443676014,-0.9699733660645741,18.23158050553494,-56.054093615767044,15.41238872841502,0.26502345028386143
Southwest,A1,April 1,Irrigated,990004,VSS,Heat,flowering/silking proxy (ADAT ±7 d),H35,Tmax ≥ 35°C,≥35°C,4,9613,4486,5127,46.66597316134401,2421.0352206865805,2646.368636629608,ESTIMABLE,99.2020724248958,-99.2020724248958,-3.748611249838522,7.1749837520227056,-113.26478216852037,-85.13936268127124,1.7736989570972739e-43
Southwest,A1,April 1,Irrigated,990004,VSS,Heat,flowering/silking proxy (ADAT ±7 d),H38,Tmax ≥ 38°C,≥38°C,5,9613,1292,8321,13.44013315302195,2269.6640866873063,2583.3781997356086,ESTIMABLE,-32.97632413636594,32.97632413636594,1.276480700338063,9.660075077800544,14.042924895923914,51.90972337680796,0.0006409377689919634
Southcentral,A1,April 1,Rainfed,990001,LS,Cold,late season before/on maturity,C0,Tmin ≤ 0°C,≤0°C,0,19266,0,19266,0.0,,2840.6788124156546,LOW_EVENT_COUNT,,,,,,,
Southcentral,A1,April 1,Rainfed,990001,LS,Cold,late season before/on maturity,Cm2p2,Tmin ≤ −2.2°C,≤−2.2°C,1,19266,0,19266,0.0,,2840.6788124156546,LOW_EVENT_COUNT,,,,,,,
Southcentral,A1,April 1,Rainfed,990001,LS,Cold,late season before/on maturity,Cm4,Tmin ≤ −4°C,≤−4°C,2,19266,0,19266,0.0,,2840.6788124156546,LOW_EVENT_COUNT,,,,,,,
Southcentral,A1,April 1,Rainfed,990001,LS,Heat,flowering/silking proxy (ADAT ±7 d),H30,Tmax ≥ 30°C,≥30°C,3,19266,19266,0,100.0,2840.6788124156546,,LOW_EVENT_COUNT,,,,,,,
Southcentral,A1,April 1,Rainfed,990001,LS,Heat,flowering/silking proxy (ADAT ±7 d),H35,Tmax ≥ 35°C,≥35°C,4,19266,16418,2848,85.21748157375687,2454.336338165428,5067.845505617977,ESTIMABLE,-650.2851662641526,650.2851662641526,12.83159018054668,40.36180750010911,571.1774772130001,729.3928553153052,2.1217042172496066e-58
Southcentral,A1,April 1,Rainfed,990001,LS,Heat,flowering/silking proxy (ADAT ±7 d),H38,Tmax ≥ 38°C,≥38°C,5,19266,10387,8879,53.9136302294197,1875.0178107249446,3970.346660659984,ESTIMABLE,-617.3496598224967,617.3496598224967,15.54901152434573,11.979016445064183,593.871219019958,640.8281006250355,0.0
Southcentral,A1,April 1,Rainfed,990002,MS,Cold,late season before/on maturity,C0,Tmin ≤ 0°C,≤0°C,0,19266,0,19266,0.0,,4292.022371016298,LOW_EVENT_COUNT,,,,,,,
Southcentral,A1,April 1,Rainfed,990002,MS,Cold,late season before/on maturity,Cm2p2,Tmin ≤ −2.2°C,≤−2.2°C,1,19266,0,19266,0.0,,4292.022371016298,LOW_EVENT_COUNT,,,,,,,
Southcentral,A1,April 1,Rainfed,990002,MS,Cold,late season before/on maturity,Cm4,Tmin ≤ −4°C,≤−4°C,2,19266,0,19266,0.0,,4292.022371016298,LOW_EVENT_COUNT,,,,,,,
Southcentral,A1,April 1,Rainfed,990002,MS,Heat,flowering/silking proxy (ADAT ±7 d),H30,Tmax ≥ 30°C,≥30°C,3,19266,19200,66,99.65742759265027,4284.120364583333,6590.787878787879,ESTIMABLE,214.65377926492144,-214.65377926492144,-3.256875857828377,59.9474020524372,-332.14852825444086,-97.15903027540202,0.00034267237276167426
Southcentral,A1,April 1,Rainfed,990002,MS,Heat,flowering/silking proxy (ADAT ±7 d),H35,Tmax ≥ 35°C,≥35°C,4,19266,12938,6328,67.15457282258902,3437.825939094141,6038.481510745892,ESTIMABLE,-543.4397709188306,543.4397709188306,8.99960975208324,26.28545103243359,491.9212335778696,594.9583082597916,5.871637555191671e-95
Southcentral,A1,April 1,Rainfed,990002,MS,Heat,flowering/silking proxy (ADAT ±7 d),H38,Tmax ≥ 38°C,≥38°C,5,19266,5682,13584,29.49236997819994,2552.866244280183,5019.487411660777,ESTIMABLE,-586.1275263448574,586.1275263448574,11.677039471863678,46.58668427817531,494.81930300049544,677.4357496892194,2.671192818463444e-36
Southcentral,A1,April 1,Rainfed,990003,SS,Cold,late season before/on maturity,C0,Tmin ≤ 0°C,≤0°C,0,19266,0,19266,0.0,,3189.7393854458633,LOW_EVENT_COUNT,,,,,,,
Southcentral,A1,April 1,Rainfed,990003,SS,Cold,late season before/on maturity,Cm2p2,Tmin ≤ −2.2°C,≤−2.2°C,1,19266,0,19266,0.0,,3189.7393854458633,LOW_EVENT_COUNT,,,,,,,
Southcentral,A1,April 1,Rainfed,990003,SS,Cold,late season before/on maturity,Cm4,Tmin ≤ −4°C,≤−4°C,2,19266,0,19266,0.0,,3189.7393854458633,LOW_EVENT_COUNT,,,,,,,
Southcentral,A1,April 1,Rainfed,990003,SS,Heat,flowering/silking proxy (ADAT ±7 d),H30,Tmax ≥ 30°C,≥30°C,3,19266,18149,1117,94.20222153015675,3124.9553694418423,4242.34914950761,ESTIMABLE,405.7351463320025,-405.7351463320025,-9.563926306704255,16.710298326993403,-438.4867292238295,-372.9835634401755,3.147094166278583e-130
Southcentral,A1,April 1,Rainfed,990003,SS,Heat,flowering/silking proxy (ADAT ±7 d),H35,Tmax ≥ 35°C,≥35°C,4,19266,9357,9909,48.567424478355655,2502.9935876883615,3838.2286809970733,ESTIMABLE,-236.90539861002105,236.90539861002105,6.172258567680733,14.863084260267875,207.77428876071187,266.03650845933026,3.387614737450736e-57
Southcentral,A1,April 1,Rainfed,990003,SS,Heat,flowering/silking proxy (ADAT ±7 d),H38,Tmax ≥ 38°C,≥38°C,5,19266,3102,16164,16.10090314543756,1991.5009671179885,3419.690856223707,ESTIMABLE,-204.43023085936022,204.43023085936022,5.978032502186711,11.697891370904895,181.50278507732475,227.3576766413957,2.1897910248530367e-68
Southcentral,A1,April 1,Rainfed,990004,VSS,Cold,late season before/on maturity,C0,Tmin ≤ 0°C,≤0°C,0,19266,0,19266,0.0,,2191.0111076507837,LOW_EVENT_COUNT,,,,,,,
Southcentral,A1,April 1,Rainfed,990004,VSS,Cold,late season before/on maturity,Cm2p2,Tmin ≤ −2.2°C,≤−2.2°C,1,19266,0,19266,0.0,,2191.0111076507837,LOW_EVENT_COUNT,,,,,,,
Southcentral,A1,April 1,Rainfed,990004,VSS,Cold,late season before/on maturity,Cm4,Tmin ≤ −4°C,≤−4°C,2,19266,0,19266,0.0,,2191.0111076507837,LOW_EVENT_COUNT,,,,,,,
Southcentral,A1,April 1,Rainfed,990004,VSS,Heat,flowering/silking proxy (ADAT ±7 d),H30,Tmax ≥ 30°C,≥30°C,3,19266,15145,4121,78.60998650472335,2122.378804886101,2443.240232953167,ESTIMABLE,18.04882607982943,-18.04882607982943,-0.7387249864502127,8.253826213386544,-34.22602819271967,-1.8716239669391896,0.028762800545817042
Southcentral,A1,April 1,Rainfed,990004,VSS,Heat,flowering/silking proxy (ADAT ±7 d),H35,Tmax ≥ 35°C,≥35°C,4,19266,4559,14707,23.663448562233988,1862.6650581267822,2292.7945876113417,ESTIMABLE,-145.1180038546288,145.1180038546288,6.329306804837424,11.872073008766971,121.84916833561546,168.38683937364215,2.329076356232386e-34
Southcentral,A1,April 1,Rainfed,990004,VSS,Heat,flowering/silking proxy (ADAT ±7 d),H38,Tmax ≥ 38°C,≥38°C,5,19266,1326,17940,6.882591093117409,1393.1010558069381,2249.987068004459,ESTIMABLE,-507.9825782807124,507.9825782807124,22.577133242425624,34.80641519929832,439.7632580591402,576.2018985022846,3.043913809809839e-48
Southcentral,A1,April 1,Irrigated,990001,LS,Cold,late season before/on maturity,C0,Tmin ≤ 0°C,≤0°C,0,19266,0,19266,0.0,,5453.94664175231,LOW_EVENT_COUNT,,,,,,,
Southcentral,A1,April 1,Irrigated,990001,LS,Cold,late season before/on maturity,Cm2p2,Tmin ≤ −2.2°C,≤−2.2°C,1,19266,0,19266,0.0,,5453.94664175231,LOW_EVENT_COUNT,,,,,,,
Southcentral,A1,April 1,Irrigated,990001,LS,Cold,late season before/on maturity,Cm4,Tmin ≤ −4°C,≤−4°C,2,19266,0,19266,0.0,,5453.94664175231,LOW_EVENT_COUNT,,,,,,,
Southcentral,A1,April 1,Irrigated,990001,LS,Heat,flowering/silking proxy (ADAT ±7 d),H30,Tmax ≥ 30°C,≥30°C,3,19266,19266,0,100.0,5453.94664175231,,LOW_EVENT_COUNT,,,,,,,
Southcentral,A1,April 1,Irrigated,990001,LS,Heat,flowering/silking proxy (ADAT ±7 d),H35,Tmax ≥ 35°C,≥35°C,4,19266,16418,2848,85.21748157375687,5337.990985503716,6122.401685393258,ESTIMABLE,-70.72793332850995,70.72793332850995,1.1552318348737505,19.70610748500682,32.10467238242139,109.3511942745985,0.0003317735678356149
Southcentral,A1,April 1,Irrigated,990001,LS,Heat,flowering/silking proxy (ADAT ±7 d),H38,Tmax ≥ 38°C,≥38°C,5,19266,10387,8879,53.9136302294197,5158.025223837489,5800.127041333483,ESTIMABLE,51.67725119853547,-51.67725119853547,-0.8909675741629025,10.369128333178642,-72.00036928263945,-31.35413311443149,6.236029175204442e-07
Southcentral,A1,April 1,Irrigated,990002,MS,Cold,late season before/on maturity,C0,Tmin ≤ 0°C,≤0°C,0,19266,0,19266,0.0,,6948.838420014534,LOW_EVENT_COUNT,,,,,,,
Southcentral,A1,April 1,Irrigated,990002,MS,Cold,late season before/on maturity,Cm2p2,Tmin ≤ −2.2°C,≤−2.2°C,1,19266,0,19266,0.0,,6948.838420014534,LOW_EVENT_COUNT,,,,,,,
Southcentral,A1,April 1,Irrigated,990002,MS,Cold,late season before/on maturity,Cm4,Tmin ≤ −4°C,≤−4°C,2,19266,0,19266,0.0,,6948.838420014534,LOW_EVENT_COUNT,,,,,,,
Southcentral,A1,April 1,Irrigated,990002,MS,Heat,flowering/silking proxy (ADAT ±7 d),H30,Tmax ≥ 30°C,≥30°C,3,19266,19200,66,99.65742759265027,6949.613645833333,6723.318181818182,ESTIMABLE,334.1821733085949,-334.1821733085949,-4.970494691331449,43.93626852172144,-420.2956772262498,-248.06866939094,2.8256427774916473e-14
Southcentral,A1,April 1,Irrigated,990002,MS,Heat,flowering/silking proxy (ADAT ±7 d),H35,Tmax ≥ 35°C,≥35°C,4,19266,12938,6328,67.15457282258902,6718.821069717113,7419.123577749684,ESTIMABLE,19.36928833701857,-19.36928833701857,-0.2610724586810768,13.419256638496908,-45.67054804777254,6.931971373735401,0.14890922338086704
Southcentral,A1,April 1,Irrigated,990002,MS,Heat,flowering/silking proxy (ADAT ±7 d),H38,Tmax ≥ 38°C,≥38°C,5,19266,5682,13584,29.49236997819994,6442.312741992257,7160.711130742049,ESTIMABLE,-177.05565553901712,177.05565553901712,2.472598772751628,14.735569236507155,148.17447054376672,205.93684053426753,2.944800340041892e-33
Southcentral,A1,April 1,Irrigated,990003,SS,Cold,late season before/on maturity,C0,Tmin ≤ 0°C,≤0°C,0,19266,0,19266,0.0,,4216.835409529742,LOW_EVENT_COUNT,,,,,,,
Southcentral,A1,April 1,Irrigated,990003,SS,Cold,late season before/on maturity,Cm2p2,Tmin ≤ −2.2°C,≤−2.2°C,1,19266,0,19266,0.0,,4216.835409529742,LOW_EVENT_COUNT,,,,,,,
Southcentral,A1,April 1,Irrigated,990003,SS,Cold,late season before/on maturity,Cm4,Tmin ≤ −4°C,≤−4°C,2,19266,0,19266,0.0,,4216.835409529742,LOW_EVENT_COUNT,,,,,,,
Southcentral,A1,April 1,Irrigated,990003,SS,Heat,flowering/silking proxy (ADAT ±7 d),H30,Tmax ≥ 30°C,≥30°C,3,19266,18149,1117,94.20222153015675,4194.03807372307,4587.246195165622,ESTIMABLE,428.32841821648697,-428.32841821648697,-9.337375845837334,19.76911253162397,-467.0751667847894,-389.5816696481845,4.244087398596933e-104
Southcentral,A1,April 1,Irrigated,990003,SS,Heat,flowering/silking proxy (ADAT ±7 d),H35,Tmax ≥ 35°C,≥35°C,4,19266,9357,9909,48.567424478355655,4055.8405471839264,4368.861741850843,ESTIMABLE,156.28075715353893,-156.28075715353893,-3.577150443019776,8.64728404013015,-173.22912243628204,-139.33239187079582,5.2182801593841885e-73
Southcentral,A1,April 1,Irrigated,990003,SS,Heat,flowering/silking proxy (ADAT ±7 d),H38,Tmax ≥ 38°C,≥38°C,5,19266,3102,16164,16.10090314543756,3683.174403610574,4319.249195743628,ESTIMABLE,70.71494956144795,-70.71494956144795,-1.6372046704583167,11.275798986778574,-92.81510947244719,-48.614789650448714,3.578356857987461e-10
Southcentral,A1,April 1,Irrigated,990004,VSS,Cold,late season before/on maturity,C0,Tmin ≤ 0°C,≤0°C,0,19266,0,19266,0.0,,2541.9527146268038,LOW_EVENT_COUNT,,,,,,,
Southcentral,A1,April 1,Irrigated,990004,VSS,Cold,late season before/on maturity,Cm2p2,Tmin ≤ −2.2°C,≤−2.2°C,1,19266,0,19266,0.0,,2541.9527146268038,LOW_EVENT_COUNT,,,,,,,
Southcentral,A1,April 1,Irrigated,990004,VSS,Cold,late season before/on maturity,Cm4,Tmin ≤ −4°C,≤−4°C,2,19266,0,19266,0.0,,2541.9527146268038,LOW_EVENT_COUNT,,,,,,,
Southcentral,A1,April 1,Irrigated,990004,VSS,Heat,flowering/silking proxy (ADAT ±7 d),H30,Tmax ≥ 30°C,≥30°C,3,19266,15145,4121,78.60998650472335,2555.666424562562,2491.5537490900265,ESTIMABLE,-9.33259773528813,9.33259773528813,0.37456939223954583,6.862366388930261,-4.117393235733367,22.782588706309628,0.17384009467691405
Southcentral,A1,April 1,Irrigated,990004,VSS,Heat,flowering/silking proxy (ADAT ±7 d),H35,Tmax ≥ 35°C,≥35°C,4,19266,4559,14707,23.663448562233988,2619.637420486949,2517.8713537771127,ESTIMABLE,-54.452136933266736,54.452136933266736,2.1626258566221788,6.165505890366926,42.367967441678005,66.53630642485547,1.0306098724870151e-18
Southcentral,A1,April 1,Irrigated,990004,VSS,Heat,flowering/silking proxy (ADAT ±7 d),H38,Tmax ≥ 38°C,≥38°C,5,19266,1326,17940,6.882591093117409,2462.0339366515836,2547.8597547380155,ESTIMABLE,-210.83658459006585,210.83658459006585,8.275046701373295,6.9302130703698746,197.25361656695216,224.41955261317955,2.742583446785425e-203
Southeast,A1,April 1,Rainfed,990001,LS,Cold,late season before/on maturity,C0,Tmin ≤ 0°C,≤0°C,0,20444,0,20444,0.0,,4639.599833692037,LOW_EVENT_COUNT,,,,,,,
Southeast,A1,April 1,Rainfed,990001,LS,Cold,late season before/on maturity,Cm2p2,Tmin ≤ −2.2°C,≤−2.2°C,1,20444,0,20444,0.0,,4639.599833692037,LOW_EVENT_COUNT,,,,,,,
Southeast,A1,April 1,Rainfed,990001,LS,Cold,late season before/on maturity,Cm4,Tmin ≤ −4°C,≤−4°C,2,20444,0,20444,0.0,,4639.599833692037,LOW_EVENT_COUNT,,,,,,,
Southeast,A1,April 1,Rainfed,990001,LS,Heat,flowering/silking proxy (ADAT ±7 d),H30,Tmax ≥ 30°C,≥30°C,3,20444,20370,74,99.63803560946977,4635.477908689249,5774.243243243243,ESTIMABLE,24.589429668433638,-24.589429668433638,-0.4258467929491379,33.967159325764925,-91.16383860406671,41.984979267199435,0.4691162299799719
Southeast,A1,April 1,Rainfed,990001,LS,Heat,flowering/silking proxy (ADAT ±7 d),H35,Tmax ≥ 35°C,≥35°C,4,20444,9784,10660,47.857562120915674,2869.81980784955,6263.945778611633,ESTIMABLE,-1152.837141516666,1152.837141516666,18.40432823433835,24.743732736613772,1104.3403165098182,1201.3339665235137,0.0
Southeast,A1,April 1,Rainfed,990001,LS,Heat,flowering/silking proxy (ADAT ±7 d),H38,Tmax ≥ 38°C,≥38°C,5,20444,3437,17007,16.81177851692428,1478.508874018039,5278.434997354031,ESTIMABLE,-1572.317913218855,1572.317913218855,29.78757745443536,19.266109842419358,1534.5570318055204,1610.0787946321896,0.0
Southeast,A1,April 1,Rainfed,990002,MS,Cold,late season before/on maturity,C0,Tmin ≤ 0°C,≤0°C,0,20444,0,20444,0.0,,6437.61367638427,LOW_EVENT_COUNT,,,,,,,
Southeast,A1,April 1,Rainfed,990002,MS,Cold,late season before/on maturity,Cm2p2,Tmin ≤ −2.2°C,≤−2.2°C,1,20444,0,20444,0.0,,6437.61367638427,LOW_EVENT_COUNT,,,,,,,
Southeast,A1,April 1,Rainfed,990002,MS,Cold,late season before/on maturity,Cm4,Tmin ≤ −4°C,≤−4°C,2,20444,0,20444,0.0,,6437.61367638427,LOW_EVENT_COUNT,,,,,,,
Southeast,A1,April 1,Rainfed,990002,MS,Heat,flowering/silking proxy (ADAT ±7 d),H30,Tmax ≥ 30°C,≥30°C,3,20444,19436,1008,95.06945803169634,6340.378061329492,8312.486111111111,ESTIMABLE,149.41440998700142,-149.41440998700142,-1.797469589600668,28.21609299303017,-204.71693603777354,-94.1118839362293,1.1878125104342281e-07
Southeast,A1,April 1,Rainfed,990002,MS,Heat,flowering/silking proxy (ADAT ±7 d),H35,Tmax ≥ 35°C,≥35°C,4,20444,4505,15939,22.035805126198397,4482.101442841287,6990.3197816676075,ESTIMABLE,-1657.0869662099412,1657.0869662099412,23.70545294016045,31.038209430500757,1596.2531935815482,1717.9207388383343,0.0
Southeast,A1,April 1,Rainfed,990002,MS,Heat,flowering/silking proxy (ADAT ±7 d),H38,Tmax ≥ 38°C,≥38°C,5,20444,1110,19334,5.429465857953434,2434.917117117117,6667.41574428468,ESTIMABLE,-1408.5130598386784,1408.5130598386784,21.12532222167274,63.2417471316716,1284.5615131412128,1532.464606536144,6.92236534121001e-110
Southeast,A1,April 1,Rainfed,990003,SS,Cold,late season before/on maturity,C0,Tmin ≤ 0°C,≤0°C,0,20444,0,20444,0.0,,4160.40422617883,LOW_EVENT_COUNT,,,,,,,
Southeast,A1,April 1,Rainfed,990003,SS,Cold,late season before/on maturity,Cm2p2,Tmin ≤ −2.2°C,≤−2.2°C,1,20444,0,20444,0.0,,4160.40422617883,LOW_EVENT_COUNT,,,,,,,
Southeast,A1,April 1,Rainfed,990003,SS,Cold,late season before/on maturity,Cm4,Tmin ≤ −4°C,≤−4°C,2,20444,0,20444,0.0,,4160.40422617883,LOW_EVENT_COUNT,,,,,,,
Southeast,A1,April 1,Rainfed,990003,SS,Heat,flowering/silking proxy (ADAT ±7 d),H30,Tmax ≥ 30°C,≥30°C,3,20444,15316,5128,74.91684601839171,4005.160681640115,4624.076248049922,ESTIMABLE,136.19595232000893,-136.19595232000893,-2.9453656257819247,10.317219252084588,-156.417330474698,-115.97457416531986,8.676305459860692e-40
Southeast,A1,April 1,Rainfed,990003,SS,Heat,flowering/silking proxy (ADAT ±7 d),H35,Tmax ≥ 35°C,≥35°C,4,20444,1560,18884,7.630600665231853,2871.8871794871793,4266.848125397161,ESTIMABLE,-629.7626302379625,629.7626302379625,14.759433936480777,15.53868793831891,599.3073615118506,660.2178989640745,0.0
Southeast,A1,April 1,Rainfed,990003,SS,Heat,flowering/silking proxy (ADAT ±7 d),H38,Tmax ≥ 38°C,≥38°C,5,20444,132,20312,0.6456662101350029,2327.5151515151515,4172.315478534856,ESTIMABLE,-591.7743697829285,591.7743697829285,14.183356288070888,30.97696643045273,531.0606312289349,652.4881083369221,2.35257060891454e-81
Southeast,A1,April 1,Rainfed,990004,VSS,Cold,late season before/on maturity,C0,Tmin ≤ 0°C,≤0°C,0,20444,0,20444,0.0,,2524.696194482489,LOW_EVENT_COUNT,,,,,,,
Southeast,A1,April 1,Rainfed,990004,VSS,Cold,late season before/on maturity,Cm2p2,Tmin ≤ −2.2°C,≤−2.2°C,1,20444,0,20444,0.0,,2524.696194482489,LOW_EVENT_COUNT,,,,,,,
Southeast,A1,April 1,Rainfed,990004,VSS,Cold,late season before/on maturity,Cm4,Tmin ≤ −4°C,≤−4°C,2,20444,0,20444,0.0,,2524.696194482489,LOW_EVENT_COUNT,,,,,,,
Southeast,A1,April 1,Rainfed,990004,VSS,Heat,flowering/silking proxy (ADAT ±7 d),H30,Tmax ≥ 30°C,≥30°C,3,20444,8408,12036,41.12698102132655,2584.5933634633684,2482.8537720172817,ESTIMABLE,14.5259258363345,-14.5259258363345,-0.5850495909202257,6.535021616943157,-27.334332843733797,-1.7175188289352015,0.026230530082962052
Southeast,A1,April 1,Rainfed,990004,VSS,Heat,flowering/silking proxy (ADAT ±7 d),H35,Tmax ≥ 35°C,≥35°C,4,20444,614,19830,3.003326159264332,2279.128664495114,2532.2997478567827,ESTIMABLE,-257.2284446269506,257.2284446269506,10.157898757627585,18.37270494944535,221.2186046274569,293.2382846264443,1.5461339518225206e-44
Southeast,A1,April 1,Rainfed,990004,VSS,Heat,flowering/silking proxy (ADAT ±7 d),H38,Tmax ≥ 38°C,≥38°C,5,20444,132,20312,0.6456662101350029,2365.689393939394,2525.7295194958647,ESTIMABLE,-134.64415179515066,134.64415179515066,5.330901458602171,47.87600694593222,40.808902457534046,228.4794011327673,0.00491807528253795
Southeast,A1,April 1,Irrigated,990001,LS,Cold,late season before/on maturity,C0,Tmin ≤ 0°C,≤0°C,0,20444,0,20444,0.0,,6092.058843670515,LOW_EVENT_COUNT,,,,,,,
Southeast,A1,April 1,Irrigated,990001,LS,Cold,late season before/on maturity,Cm2p2,Tmin ≤ −2.2°C,≤−2.2°C,1,20444,0,20444,0.0,,6092.058843670515,LOW_EVENT_COUNT,,,,,,,
Southeast,A1,April 1,Irrigated,990001,LS,Cold,late season before/on maturity,Cm4,Tmin ≤ −4°C,≤−4°C,2,20444,0,20444,0.0,,6092.058843670515,LOW_EVENT_COUNT,,,,,,,
Southeast,A1,April 1,Irrigated,990001,LS,Heat,flowering/silking proxy (ADAT ±7 d),H30,Tmax ≥ 30°C,≥30°C,3,20444,20370,74,99.63803560946977,6089.951742758959,6672.081081081081,ESTIMABLE,-43.04810588985108,43.04810588985108,0.6451975832835048,33.64746452792653,-22.89971275597393,108.9959245356761,0.2007610480535205
Southeast,A1,April 1,Irrigated,990001,LS,Heat,flowering/silking proxy (ADAT ±7 d),H35,Tmax ≥ 35°C,≥35°C,4,20444,9784,10660,47.857562120915674,5261.180192150449,6854.658911819887,ESTIMABLE,-205.40992444270816,205.40992444270816,2.9966469095713553,9.599495669189858,186.59525866134783,224.2245902240685,1.3948944779583354e-101
Southeast,A1,April 1,Irrigated,990001,LS,Heat,flowering/silking proxy (ADAT ±7 d),H38,Tmax ≥ 38°C,≥38°C,5,20444,3437,17007,16.81177851692428,4365.86412569101,6440.911154230611,ESTIMABLE,-261.20480865432773,261.20480865432773,4.055401516954002,7.221362550726243,247.05119813559799,275.3584191730575,1.7321675142225249e-286
Southeast,A1,April 1,Irrigated,990002,MS,Cold,late season before/on maturity,C0,Tmin ≤ 0°C,≤0°C,0,20444,0,20444,0.0,,7782.232537663862,LOW_EVENT_COUNT,,,,,,,
Southeast,A1,April 1,Irrigated,990002,MS,Cold,late season before/on maturity,Cm2p2,Tmin ≤ −2.2°C,≤−2.2°C,1,20444,0,20444,0.0,,7782.232537663862,LOW_EVENT_COUNT,,,,,,,
Southeast,A1,April 1,Irrigated,990002,MS,Cold,late season before/on maturity,Cm4,Tmin ≤ −4°C,≤−4°C,2,20444,0,20444,0.0,,7782.232537663862,LOW_EVENT_COUNT,,,,,,,
Southeast,A1,April 1,Irrigated,990002,MS,Heat,flowering/silking proxy (ADAT ±7 d),H30,Tmax ≥ 30°C,≥30°C,3,20444,19436,1008,95.06945803169634,7744.225406462235,8515.076388888889,ESTIMABLE,-51.43577486544218,51.43577486544218,0.6040553544834835,16.64513562590805,18.81190852087783,84.05964121000653,0.002000631625143807
Southeast,A1,April 1,Irrigated,990002,MS,Heat,flowering/silking proxy (ADAT ±7 d),H35,Tmax ≥ 35°C,≥35°C,4,20444,4505,15939,22.035805126198397,7289.922752497226,7921.379007465964,ESTIMABLE,-502.9791386681575,502.9791386681575,6.349641119230573,14.50470530254365,474.55043866880476,531.4078386675102,1.7529118225489036e-263
Southeast,A1,April 1,Irrigated,990002,MS,Heat,flowering/silking proxy (ADAT ±7 d),H38,Tmax ≥ 38°C,≥38°C,5,20444,1110,19334,5.429465857953434,6979.137837837838,7828.339660701356,ESTIMABLE,-308.8058205914375,308.8058205914375,3.9447166829213822,22.753495633024322,264.20978862832044,353.4018525545546,5.886116159112641e-42
Southeast,A1,April 1,Irrigated,990003,SS,Cold,late season before/on maturity,C0,Tmin ≤ 0°C,≤0°C,0,20444,0,20444,0.0,,4469.081197417335,LOW_EVENT_COUNT,,,,,,,
Southeast,A1,April 1,Irrigated,990003,SS,Cold,late season before/on maturity,Cm2p2,Tmin ≤ −2.2°C,≤−2.2°C,1,20444,0,20444,0.0,,4469.081197417335,LOW_EVENT_COUNT,,,,,,,
Southeast,A1,April 1,Irrigated,990003,SS,Cold,late season before/on maturity,Cm4,Tmin ≤ −4°C,≤−4°C,2,20444,0,20444,0.0,,4469.081197417335,LOW_EVENT_COUNT,,,,,,,
Southeast,A1,April 1,Irrigated,990003,SS,Heat,flowering/silking proxy (ADAT ±7 d),H30,Tmax ≥ 30°C,≥30°C,3,20444,15316,5128,74.91684601839171,4402.16198746409,4668.951443057722,ESTIMABLE,115.95065409055024,-115.95065409055024,-2.483440993222528,9.6777246782033,-134.9186459121232,-96.9826622689773,4.458792609297595e-33
Southeast,A1,April 1,Irrigated,990003,SS,Heat,flowering/silking proxy (ADAT ±7 d),H35,Tmax ≥ 35°C,≥35°C,4,20444,1560,18884,7.630600665231853,3928.351282051282,4513.750688413472,ESTIMABLE,-185.59831682183,185.59831682183,4.111842448415456,8.891034974483523,168.1722084865563,203.0244251571037,9.080348797570008e-97
Southeast,A1,April 1,Irrigated,990003,SS,Heat,flowering/silking proxy (ADAT ±7 d),H38,Tmax ≥ 38°C,≥38°C,5,20444,132,20312,0.6456662101350029,3115.2045454545455,4477.879529342261,ESTIMABLE,-116.01522091031939,116.01522091031939,2.5908517670050055,22.849539023513064,71.23094736089126,160.7994944597475,3.8272540606228736e-07
Southeast,A1,April 1,Irrigated,990004,VSS,Cold,late season before/on maturity,C0,Tmin ≤ 0°C,≤0°C,0,20444,0,20444,0.0,,2589.161416552534,LOW_EVENT_COUNT,,,,,,,
Southeast,A1,April 1,Irrigated,990004,VSS,Cold,late season before/on maturity,Cm2p2,Tmin ≤ −2.2°C,≤−2.2°C,1,20444,0,20444,0.0,,2589.161416552534,LOW_EVENT_COUNT,,,,,,,
Southeast,A1,April 1,Irrigated,990004,VSS,Cold,late season before/on maturity,Cm4,Tmin ≤ −4°C,≤−4°C,2,20444,0,20444,0.0,,2589.161416552534,LOW_EVENT_COUNT,,,,,,,
Southeast,A1,April 1,Irrigated,990004,VSS,Heat,flowering/silking proxy (ADAT ±7 d),H30,Tmax ≥ 30°C,≥30°C,3,20444,8408,12036,41.12698102132655,2707.5748097050428,2506.441259554669,ESTIMABLE,-7.490092107623519,7.490092107623519,0.298833738036786,5.650015143368515,-3.5837340854846813,18.563918300731718,0.18494688595057748
Southeast,A1,April 1,Irrigated,990004,VSS,Heat,flowering/silking proxy (ADAT ±7 d),H35,Tmax ≥ 35°C,≥35°C,4,20444,614,19830,3.003326159264332,2558.757328990228,2590.102824004034,ESTIMABLE,-13.515202792343185,13.515202792343185,0.521801785901691,10.297231671498979,-6.667000424259996,33.697406008946366,0.18934866264080982
Southeast,A1,April 1,Irrigated,990004,VSS,Heat,flowering/silking proxy (ADAT ±7 d),H38,Tmax ≥ 38°C,≥38°C,5,20444,132,20312,0.6456662101350029,2700.5227272727275,2588.437721543915,ESTIMABLE,79.78696930579468,-79.78696930579468,-3.0824372802836635,17.168433077622222,-113.4364798089204,-46.137458802668974,3.3629742833715004e-06
Northwest,A10,April 10,Rainfed,990001,LS,Cold,late season before/on maturity,C0,Tmin ≤ 0°C,≤0°C,0,18962,66,18896,0.34806455015293747,777.1515151515151,2213.3286939034715,ESTIMABLE,55.9782832380986,-55.9782832380986,-2.5291446043368353,31.61354131727005,-117.93968564371684,5.983119167519639,0.07660962554390624
Northwest,A10,April 10,Rainfed,990001,LS,Cold,late season before/on maturity,Cm2p2,Tmin ≤ −2.2°C,≤−2.2°C,1,18962,36,18926,0.18985339099251133,690.0277777777778,2211.217901299799,ESTIMABLE,17.030323520064293,-17.030323520064293,-0.7701784392236297,29.624023799614932,-75.09234324446697,41.03169620433838,0.5653709793822097
Northwest,A10,April 10,Rainfed,990001,LS,Cold,late season before/on maturity,Cm4,Tmin ≤ −4°C,≤−4°C,2,18962,0,18962,0.0,,2208.3298702668494,LOW_EVENT_COUNT,,,,,,,
Northwest,A10,April 10,Rainfed,990001,LS,Heat,flowering/silking proxy (ADAT ±7 d),H30,Tmax ≥ 30°C,≥30°C,3,18192,18192,0,100.0,2301.8002968337732,,LOW_EVENT_COUNT,,,,,,,
Northwest,A10,April 10,Rainfed,990001,LS,Heat,flowering/silking proxy (ADAT ±7 d),H35,Tmax ≥ 35°C,≥35°C,4,18192,17479,713,96.0806948109059,2129.1475484867556,6534.3352033660585,ESTIMABLE,-1233.1946459961123,1233.1946459961123,18.872534199972655,52.93592383575072,1129.4421417896856,1336.947150202539,4.86845278835737e-120
Northwest,A10,April 10,Rainfed,990001,LS,Heat,flowering/silking proxy (ADAT ±7 d),H38,Tmax ≥ 38°C,≥38°C,5,18192,14120,4072,77.61653474054529,1797.2905099150141,4051.2301080550096,ESTIMABLE,-489.7043684539943,489.7043684539943,12.087794457301284,27.75178182549699,435.31187556920696,544.0968613387817,1.0947284795312256e-69
Northwest,A10,April 10,Rainfed,990002,MS,Cold,late season before/on maturity,C0,Tmin ≤ 0°C,≤0°C,0,18962,0,18962,0.0,,2627.6721864782194,LOW_EVENT_COUNT,,,,,,,
Northwest,A10,April 10,Rainfed,990002,MS,Cold,late season before/on maturity,Cm2p2,Tmin ≤ −2.2°C,≤−2.2°C,1,18962,0,18962,0.0,,2627.6721864782194,LOW_EVENT_COUNT,,,,,,,
Northwest,A10,April 10,Rainfed,990002,MS,Cold,late season before/on maturity,Cm4,Tmin ≤ −4°C,≤−4°C,2,18962,0,18962,0.0,,2627.6721864782194,LOW_EVENT_COUNT,,,,,,,
Northwest,A10,April 10,Rainfed,990002,MS,Heat,flowering/silking proxy (ADAT ±7 d),H30,Tmax ≥ 30°C,≥30°C,3,18192,18192,0,100.0,2738.891820580475,,LOW_EVENT_COUNT,,,,,,,
Northwest,A10,April 10,Rainfed,990002,MS,Heat,flowering/silking proxy (ADAT ±7 d),H35,Tmax ≥ 35°C,≥35°C,4,18192,17599,593,96.74032541776604,2696.218989715325,4005.3322091062396,ESTIMABLE,-1049.9361385952338,1049.9361385952338,26.213459552947278,86.42714075669883,880.5420554253303,1219.3302217651374,5.862632436812156e-34
Northwest,A10,April 10,Rainfed,990002,MS,Heat,flowering/silking proxy (ADAT ±7 d),H38,Tmax ≥ 38°C,≥38°C,5,18192,13295,4897,73.08157431838171,2311.4383602858215,3899.3969777414745,ESTIMABLE,-674.8347885814043,674.8347885814043,17.306132010500445,29.832562839427396,616.3640398495986,733.3055373132099,2.7086921330596544e-113
Northwest,A10,April 10,Rainfed,990003,SS,Cold,late season before/on maturity,C0,Tmin ≤ 0°C,≤0°C,0,18962,0,18962,0.0,,2363.3258622508174,LOW_EVENT_COUNT,,,,,,,
Northwest,A10,April 10,Rainfed,990003,SS,Cold,late season before/on maturity,Cm2p2,Tmin ≤ −2.2°C,≤−2.2°C,1,18962,0,18962,0.0,,2363.3258622508174,LOW_EVENT_COUNT,,,,,,,
Northwest,A10,April 10,Rainfed,990003,SS,Cold,late season before/on maturity,Cm4,Tmin ≤ −4°C,≤−4°C,2,18962,0,18962,0.0,,2363.3258622508174,LOW_EVENT_COUNT,,,,,,,
Northwest,A10,April 10,Rainfed,990003,SS,Heat,flowering/silking proxy (ADAT ±7 d),H30,Tmax ≥ 30°C,≥30°C,3,18206,18203,3,99.98352191585192,2461.32121078943,3318.3333333333335,LOW_EVENT_COUNT,,,,,,,
Northwest,A10,April 10,Rainfed,990003,SS,Heat,flowering/silking proxy (ADAT ±7 d),H35,Tmax ≥ 35°C,≥35°C,4,18206,13976,4230,76.7659013512029,2155.091728677733,3473.717021276596,ESTIMABLE,-517.4435315015812,517.4435315015812,14.89596096435685,15.405730075363037,487.2488553983241,547.6382076048383,2.5340382307316007e-247
Northwest,A10,April 10,Rainfed,990003,SS,Heat,flowering/silking proxy (ADAT ±7 d),H38,Tmax ≥ 38°C,≥38°C,5,18206,7593,10613,41.706030978798196,1630.0509679968393,3056.2902101196646,ESTIMABLE,-299.63629396787206,299.63629396787206,9.803921531265196,12.395120801171455,275.34230361355276,323.93028432219137,4.204363196736401e-129
Northwest,A10,April 10,Rainfed,990004,VSS,Cold,late season before/on maturity,C0,Tmin ≤ 0°C,≤0°C,0,18962,0,18962,0.0,,1898.6969728931547,LOW_EVENT_COUNT,,,,,,,
Northwest,A10,April 10,Rainfed,990004,VSS,Cold,late season before/on maturity,Cm2p2,Tmin ≤ −2.2°C,≤−2.2°C,1,18962,0,18962,0.0,,1898.6969728931547,LOW_EVENT_COUNT,,,,,,,
Northwest,A10,April 10,Rainfed,990004,VSS,Cold,late season before/on maturity,Cm4,Tmin ≤ −4°C,≤−4°C,2,18962,0,18962,0.0,,1898.6969728931547,LOW_EVENT_COUNT,,,,,,,
Northwest,A10,April 10,Rainfed,990004,VSS,Heat,flowering/silking proxy (ADAT ±7 d),H30,Tmax ≥ 30°C,≥30°C,3,18205,16423,1782,90.21148036253777,1935.9255312671253,2362.1700336700337,ESTIMABLE,198.584178157318,-198.584178157318,-8.406853669580409,13.527367818647004,-225.0973318874923,-172.07102442714373,8.636243899761522e-49
Northwest,A10,April 10,Rainfed,990004,VSS,Heat,flowering/silking proxy (ADAT ±7 d),H35,Tmax ≥ 35°C,≥35°C,4,18205,8040,10165,44.16369129360066,1786.199751243781,2129.0748647319233,ESTIMABLE,71.84708283334733,-71.84708283334733,-3.3745681762296207,14.89928567388138,-101.04914614952843,-42.64501951716623,1.419955453621163e-06
Northwest,A10,April 10,Rainfed,990004,VSS,Heat,flowering/silking proxy (ADAT ±7 d),H38,Tmax ≥ 38°C,≥38°C,5,18205,2605,15600,14.309255698983796,1590.92783109405,2042.2259615384614,ESTIMABLE,-103.83900816455247,103.83900816455247,5.084599359726476,12.1870985783012,79.95273387504282,127.72528245406211,1.5899718444605712e-17
Northwest,A10,April 10,Irrigated,990001,LS,Cold,late season before/on maturity,C0,Tmin ≤ 0°C,≤0°C,0,18962,156,18806,0.8226980276342158,6870.794871794872,6777.305115388705,ESTIMABLE,920.8146470646459,-920.8146470646459,-13.586737374031204,28.469301833330938,-976.6134533229747,-865.0158408063171,1.678011395750792e-229
Northwest,A10,April 10,Irrigated,990001,LS,Cold,late season before/on maturity,Cm2p2,Tmin ≤ −2.2°C,≤−2.2°C,1,18962,54,18908,0.284780086488767,7254.092592592592,6776.714776814047,ESTIMABLE,990.0937521791456,-990.0937521791456,-14.610232019306274,37.54312643570603,-1063.676927860163,-916.5105764981281,2.8584595392737745e-153
Northwest,A10,April 10,Irrigated,990001,LS,Cold,late season before/on maturity,Cm4,Tmin ≤ −4°C,≤−4°C,2,18962,0,18962,0.0,,6778.074253770699,LOW_EVENT_COUNT,,,,,,,
Northwest,A10,April 10,Irrigated,990001,LS,Heat,flowering/silking proxy (ADAT ±7 d),H30,Tmax ≥ 30°C,≥30°C,3,18914,18914,0,100.0,6795.275668816749,,LOW_EVENT_COUNT,,,,,,,
Northwest,A10,April 10,Irrigated,990001,LS,Heat,flowering/silking proxy (ADAT ±7 d),H35,Tmax ≥ 35°C,≥35°C,4,18914,18204,710,96.2461668605266,6738.4747308283895,8251.61971830986,ESTIMABLE,-460.9817123986791,460.9817123986791,5.586560313435044,32.69574755534784,396.89922474258384,525.0642000547745,3.844608526141521e-45
Northwest,A10,April 10,Irrigated,990001,LS,Heat,flowering/silking proxy (ADAT ±7 d),H38,Tmax ≥ 38°C,≥38°C,5,18914,14888,4026,78.71417997250714,6625.739454594304,7422.214356681569,ESTIMABLE,-15.145490406915593,15.145490406915593,0.204056224720611,9.347388260431861,-3.1750539330433636,33.46603474687455,0.10516975063978178
Northwest,A10,April 10,Irrigated,990002,MS,Cold,late season before/on maturity,C0,Tmin ≤ 0°C,≤0°C,0,18962,0,18962,0.0,,7841.580107583588,LOW_EVENT_COUNT,,,,,,,
Northwest,A10,April 10,Irrigated,990002,MS,Cold,late season before/on maturity,Cm2p2,Tmin ≤ −2.2°C,≤−2.2°C,1,18962,0,18962,0.0,,7841.580107583588,LOW_EVENT_COUNT,,,,,,,
Northwest,A10,April 10,Irrigated,990002,MS,Cold,late season before/on maturity,Cm4,Tmin ≤ −4°C,≤−4°C,2,18962,0,18962,0.0,,7841.580107583588,LOW_EVENT_COUNT,,,,,,,
Northwest,A10,April 10,Irrigated,990002,MS,Heat,flowering/silking proxy (ADAT ±7 d),H30,Tmax ≥ 30°C,≥30°C,3,18914,18914,0,100.0,7861.480490641852,,LOW_EVENT_COUNT,,,,,,,
Northwest,A10,April 10,Irrigated,990002,MS,Heat,flowering/silking proxy (ADAT ±7 d),H35,Tmax ≥ 35°C,≥35°C,4,18914,18292,622,96.71143068626414,7844.566750492018,8358.885852090032,ESTIMABLE,-192.95586365145556,192.95586365145556,2.308392135815677,28.28353368258389,137.5211562780656,248.3905710248455,8.965804498566482e-12
Northwest,A10,April 10,Irrigated,990002,MS,Heat,flowering/silking proxy (ADAT ±7 d),H38,Tmax ≥ 38°C,≥38°C,5,18914,13446,5468,71.09019773712593,7603.657444593187,8495.4762253109,ESTIMABLE,-39.30109058179025,39.30109058179025,0.46261197770996043,11.134898570805301,17.477090411505337,61.12509075207516,0.00041627984860178
Northwest,A10,April 10,Irrigated,990003,SS,Cold,late season before/on maturity,C0,Tmin ≤ 0°C,≤0°C,0,18962,0,18962,0.0,,4636.988134163063,LOW_EVENT_COUNT,,,,,,,
Northwest,A10,April 10,Irrigated,990003,SS,Cold,late season before/on maturity,Cm2p2,Tmin ≤ −2.2°C,≤−2.2°C,1,18962,0,18962,0.0,,4636.988134163063,LOW_EVENT_COUNT,,,,,,,
Northwest,A10,April 10,Irrigated,990003,SS,Cold,late season before/on maturity,Cm4,Tmin ≤ −4°C,≤−4°C,2,18962,0,18962,0.0,,4636.988134163063,LOW_EVENT_COUNT,,,,,,,
Northwest,A10,April 10,Irrigated,990003,SS,Heat,flowering/silking proxy (ADAT ±7 d),H30,Tmax ≥ 30°C,≥30°C,3,18914,18911,3,99.9841387332135,4648.9346412141085,3522.0,LOW_EVENT_COUNT,,,,,,,
Northwest,A10,April 10,Irrigated,990003,SS,Heat,flowering/silking proxy (ADAT ±7 d),H35,Tmax ≥ 35°C,≥35°C,4,18914,14431,4483,76.29798033202918,4667.027925992655,4589.937318759759,ESTIMABLE,-33.11769778280143,33.11769778280143,0.7215283234358005,7.80119021916146,17.827645916698835,48.40774964890402,2.1838791158344414e-05
Northwest,A10,April 10,Irrigated,990003,SS,Heat,flowering/silking proxy (ADAT ±7 d),H38,Tmax ≥ 38°C,≥38°C,5,18914,7968,10946,42.12752458496352,4509.972389558233,4749.781564041659,ESTIMABLE,-111.99017721365347,111.99017721365347,2.3577963681841267,6.216988820517265,99.80510303315148,124.17525139415545,1.5246412104585598e-72
Northwest,A10,April 10,Irrigated,990004,VSS,Cold,late season before/on maturity,C0,Tmin ≤ 0°C,≤0°C,0,18962,0,18962,0.0,,2315.1354814892943,LOW_EVENT_COUNT,,,,,,,
Northwest,A10,April 10,Irrigated,990004,VSS,Cold,late season before/on maturity,Cm2p2,Tmin ≤ −2.2°C,≤−2.2°C,1,18962,0,18962,0.0,,2315.1354814892943,LOW_EVENT_COUNT,,,,,,,
Northwest,A10,April 10,Irrigated,990004,VSS,Cold,late season before/on maturity,Cm4,Tmin ≤ −4°C,≤−4°C,2,18962,0,18962,0.0,,2315.1354814892943,LOW_EVENT_COUNT,,,,,,,
Northwest,A10,April 10,Irrigated,990004,VSS,Heat,flowering/silking proxy (ADAT ±7 d),H30,Tmax ≥ 30°C,≥30°C,3,18914,16889,2025,89.29364491910754,2285.4839244478653,2617.314074074074,ESTIMABLE,69.27771955756177,-69.27771955756177,-2.6469012734770896,7.836539186615522,-84.637054126765,-53.91838498835853,9.54224448096583e-19
Northwest,A10,April 10,Irrigated,990004,VSS,Heat,flowering/silking proxy (ADAT ±7 d),H35,Tmax ≥ 35°C,≥35°C,4,18914,8060,10854,42.61393676641641,2317.12952853598,2323.8930348258705,ESTIMABLE,-42.6666534430042,42.6666534430042,1.835999024206431,7.490151565001013,27.986226136855894,57.34708074915251,1.223871628105059e-08
Northwest,A10,April 10,Irrigated,990004,VSS,Heat,flowering/silking proxy (ADAT ±7 d),H38,Tmax ≥ 38°C,≥38°C,5,18914,2774,16140,14.666384688590462,2434.3017303532806,2301.5394052044608,ESTIMABLE,45.77657179259808,-45.77657179259808,-1.9889545097113577,7.7018674753096645,-60.871954657905455,-30.681188927290698,2.788842643728167e-09
Northcentral,A10,April 10,Rainfed,990001,LS,Cold,late season before/on maturity,C0,Tmin ≤ 0°C,≤0°C,0,19456,24,19432,0.12335526315789473,2999.1666666666665,3016.716704405105,ESTIMABLE,-891.223914488259,891.223914488259,29.542844151950554,81.5581020718911,731.3729717799108,1051.0748571966071,8.518821186698685e-28
Northcentral,A10,April 10,Rainfed,990001,LS,Cold,late season before/on maturity,Cm2p2,Tmin ≤ −2.2°C,≤−2.2°C,1,19456,3,19453,0.015419407894736841,3619.3333333333335,3016.6021179252557,LOW_EVENT_COUNT,,,,,,,
Northcentral,A10,April 10,Rainfed,990001,LS,Cold,late season before/on maturity,Cm4,Tmin ≤ −4°C,≤−4°C,2,19456,0,19456,0.0,,3016.6950555098683,LOW_EVENT_COUNT,,,,,,,
Northcentral,A10,April 10,Rainfed,990001,LS,Heat,flowering/silking proxy (ADAT ±7 d),H30,Tmax ≥ 30°C,≥30°C,3,19114,19114,0,100.0,3070.6717066024903,,LOW_EVENT_COUNT,,,,,,,
Northcentral,A10,April 10,Rainfed,990001,LS,Heat,flowering/silking proxy (ADAT ±7 d),H35,Tmax ≥ 35°C,≥35°C,4,19114,16836,2278,88.08203411112274,2652.6252672843907,6160.324846356453,ESTIMABLE,-510.9460913149947,510.9460913149947,8.294142014559437,38.51283124738288,435.46232912745546,586.4298535025339,3.6014858626191127e-40
Northcentral,A10,April 10,Rainfed,990001,LS,Heat,flowering/silking proxy (ADAT ±7 d),H38,Tmax ≥ 38°C,≥38°C,5,19114,11059,8055,57.858114471068326,1754.6521385297044,4877.48243327126,ESTIMABLE,-822.863332766339,822.863332766339,16.870657024887652,25.666344043924585,772.5582228254327,873.1684427072453,1.5920879980244672e-225
Northcentral,A10,April 10,Rainfed,990002,MS,Cold,late season before/on maturity,C0,Tmin ≤ 0°C,≤0°C,0,19456,0,19456,0.0,,4225.355725740132,LOW_EVENT_COUNT,,,,,,,
Northcentral,A10,April 10,Rainfed,990002,MS,Cold,late season before/on maturity,Cm2p2,Tmin ≤ −2.2°C,≤−2.2°C,1,19456,0,19456,0.0,,4225.355725740132,LOW_EVENT_COUNT,,,,,,,
Northcentral,A10,April 10,Rainfed,990002,MS,Cold,late season before/on maturity,Cm4,Tmin ≤ −4°C,≤−4°C,2,19456,0,19456,0.0,,4225.355725740132,LOW_EVENT_COUNT,,,,,,,
Northcentral,A10,April 10,Rainfed,990002,MS,Heat,flowering/silking proxy (ADAT ±7 d),H30,Tmax ≥ 30°C,≥30°C,3,19114,19114,0,100.0,4300.958512085383,,LOW_EVENT_COUNT,,,,,,,
Northcentral,A10,April 10,Rainfed,990002,MS,Heat,flowering/silking proxy (ADAT ±7 d),H35,Tmax ≥ 35°C,≥35°C,4,19114,15372,3742,80.42272679711206,3673.3743819932342,6879.051309460182,ESTIMABLE,-469.1846134838167,469.1846134838167,6.820484284491184,24.184848335375143,421.7831817749179,516.5860451927155,7.726108714687857e-84
Northcentral,A10,April 10,Rainfed,990002,MS,Heat,flowering/silking proxy (ADAT ±7 d),H38,Tmax ≥ 38°C,≥38°C,5,19114,7589,11525,39.70388197132991,3012.272763209909,5149.5343167028195,ESTIMABLE,-622.8541235159056,622.8541235159056,12.095348534636255,25.00143701774875,573.8522073993715,671.8560396324397,5.415424742387978e-137
Northcentral,A10,April 10,Rainfed,990003,SS,Cold,late season before/on maturity,C0,Tmin ≤ 0°C,≤0°C,0,19456,0,19456,0.0,,3190.4812397203946,LOW_EVENT_COUNT,,,,,,,
Northcentral,A10,April 10,Rainfed,990003,SS,Cold,late season before/on maturity,Cm2p2,Tmin ≤ −2.2°C,≤−2.2°C,1,19456,0,19456,0.0,,3190.4812397203946,LOW_EVENT_COUNT,,,,,,,
Northcentral,A10,April 10,Rainfed,990003,SS,Cold,late season before/on maturity,Cm4,Tmin ≤ −4°C,≤−4°C,2,19456,0,19456,0.0,,3190.4812397203946,LOW_EVENT_COUNT,,,,,,,
Northcentral,A10,April 10,Rainfed,990003,SS,Heat,flowering/silking proxy (ADAT ±7 d),H30,Tmax ≥ 30°C,≥30°C,3,19114,18589,525,97.25332217222977,3225.6919145731345,4022.1257142857144,ESTIMABLE,174.27747488475904,-174.27747488475904,-4.332969361593134,16.86775358249722,-207.33766440655006,-141.21728536296803,5.05014118950124e-25
Northcentral,A10,April 10,Rainfed,990003,SS,Heat,flowering/silking proxy (ADAT ±7 d),H35,Tmax ≥ 35°C,≥35°C,4,19114,10088,9026,52.77806843151617,2526.5209159397305,4053.4522490582763,ESTIMABLE,-465.44611346844687,465.44611346844687,11.48270868557986,18.98678518460228,428.2326983244277,502.65952861246603,1.0420488668498268e-132
Northcentral,A10,April 10,Rainfed,990003,SS,Heat,flowering/silking proxy (ADAT ±7 d),H38,Tmax ≥ 38°C,≥38°C,5,19114,3352,15762,17.536883959401486,1891.5587708830549,3535.9407435604617,ESTIMABLE,-377.55632838284856,377.55632838284856,10.677676911595357,19.13416168850324,340.0540605990161,415.058596166681,1.1442339316349423e-86
Northcentral,A10,April 10,Rainfed,990004,VSS,Cold,late season before/on maturity,C0,Tmin ≤ 0°C,≤0°C,0,19456,0,19456,0.0,,2204.7294921875,LOW_EVENT_COUNT,,,,,,,
Northcentral,A10,April 10,Rainfed,990004,VSS,Cold,late season before/on maturity,Cm2p2,Tmin ≤ −2.2°C,≤−2.2°C,1,19456,0,19456,0.0,,2204.7294921875,LOW_EVENT_COUNT,,,,,,,
Northcentral,A10,April 10,Rainfed,990004,VSS,Cold,late season before/on maturity,Cm4,Tmin ≤ −4°C,≤−4°C,2,19456,0,19456,0.0,,2204.7294921875,LOW_EVENT_COUNT,,,,,,,
Northcentral,A10,April 10,Rainfed,990004,VSS,Heat,flowering/silking proxy (ADAT ±7 d),H30,Tmax ≥ 30°C,≥30°C,3,19114,14445,4669,75.57287851836351,2193.140325372101,2402.078603555365,ESTIMABLE,-147.2910888891321,147.2910888891321,6.131818029231999,10.67163362339336,126.37507133107445,168.20710644718977,2.4749189695483745e-43
Northcentral,A10,April 10,Rainfed,990004,VSS,Heat,flowering/silking proxy (ADAT ±7 d),H35,Tmax ≥ 35°C,≥35°C,4,19114,5120,13994,26.786648529873393,2239.97109375,2245.7170930398743,ESTIMABLE,165.72420552659835,-165.72420552659835,-7.379567356913545,10.667441762986986,-186.6320071892313,-144.8164038639654,1.9946222887840683e-54
Northcentral,A10,April 10,Rainfed,990004,VSS,Heat,flowering/silking proxy (ADAT ±7 d),H38,Tmax ≥ 38°C,≥38°C,5,19114,974,18140,5.095741341425134,2201.0420944558523,2246.494046306505,ESTIMABLE,71.88112693871629,-71.88112693871629,-3.19970253457369,19.26063465001578,-109.63127717213146,-34.13097670530113,0.00018994833212000896
Northcentral,A10,April 10,Irrigated,990001,LS,Cold,late season before/on maturity,C0,Tmin ≤ 0°C,≤0°C,0,19456,24,19432,0.12335526315789473,6080.375,6075.641519143681,ESTIMABLE,-794.5789211342494,794.5789211342494,13.078107367437962,62.20045839830422,672.6682628516912,916.4895794168076,2.276448783917659e-37
Northcentral,A10,April 10,Irrigated,990001,LS,Cold,late season before/on maturity,Cm2p2,Tmin ≤ −2.2°C,≤−2.2°C,1,19456,3,19453,0.015419407894736841,6769.0,6075.540430781884,LOW_EVENT_COUNT,,,,,,,
Northcentral,A10,April 10,Irrigated,990001,LS,Cold,late season before/on maturity,Cm4,Tmin ≤ −4°C,≤−4°C,2,19456,0,19456,0.0,,6075.6473581414475,LOW_EVENT_COUNT,,,,,,,
Northcentral,A10,April 10,Irrigated,990001,LS,Heat,flowering/silking proxy (ADAT ±7 d),H30,Tmax ≥ 30°C,≥30°C,3,19456,19456,0,100.0,6075.6473581414475,,LOW_EVENT_COUNT,,,,,,,
Northcentral,A10,April 10,Irrigated,990001,LS,Heat,flowering/silking proxy (ADAT ±7 d),H35,Tmax ≥ 35°C,≥35°C,4,19456,17161,2295,88.20415296052632,5932.619893945574,7145.143790849673,ESTIMABLE,39.124717987201315,-39.124717987201315,-0.5475707576005094,21.74440067524807,-81.74296017609596,3.493524201693333,0.07197110830171435
Northcentral,A10,April 10,Irrigated,990001,LS,Heat,flowering/silking proxy (ADAT ±7 d),H38,Tmax ≥ 38°C,≥38°C,5,19456,11295,8161,58.05407072368421,5595.816555998229,6739.743536331332,ESTIMABLE,-101.53998150057548,101.53998150057548,1.5065852424979231,10.75420892443637,80.46211932646096,122.61784367469,3.661397704287676e-21
Northcentral,A10,April 10,Irrigated,990002,MS,Cold,late season before/on maturity,C0,Tmin ≤ 0°C,≤0°C,0,19456,0,19456,0.0,,7174.0826994243425,LOW_EVENT_COUNT,,,,,,,
Northcentral,A10,April 10,Irrigated,990002,MS,Cold,late season before/on maturity,Cm2p2,Tmin ≤ −2.2°C,≤−2.2°C,1,19456,0,19456,0.0,,7174.0826994243425,LOW_EVENT_COUNT,,,,,,,
Northcentral,A10,April 10,Irrigated,990002,MS,Cold,late season before/on maturity,Cm4,Tmin ≤ −4°C,≤−4°C,2,19456,0,19456,0.0,,7174.0826994243425,LOW_EVENT_COUNT,,,,,,,
Northcentral,A10,April 10,Irrigated,990002,MS,Heat,flowering/silking proxy (ADAT ±7 d),H30,Tmax ≥ 30°C,≥30°C,3,19456,19456,0,100.0,7174.0826994243425,,LOW_EVENT_COUNT,,,,,,,
Northcentral,A10,April 10,Irrigated,990002,MS,Heat,flowering/silking proxy (ADAT ±7 d),H35,Tmax ≥ 35°C,≥35°C,4,19456,15666,3790,80.5201480263158,6983.849929784246,7960.411609498681,ESTIMABLE,88.34523717055193,-88.34523717055193,-1.1098074007270535,12.220405040522609,-112.29679092646798,-64.39368341463587,4.854129763438385e-13
Northcentral,A10,April 10,Irrigated,990002,MS,Heat,flowering/silking proxy (ADAT ±7 d),H38,Tmax ≥ 38°C,≥38°C,5,19456,7559,11897,38.85176809210526,6790.755787802619,7417.637219467092,ESTIMABLE,-143.67875100015573,143.67875100015573,1.9369881102176374,8.886287740040775,126.26194707341598,161.0955549268955,8.39976406342197e-59
Northcentral,A10,April 10,Irrigated,990003,SS,Cold,late season before/on maturity,C0,Tmin ≤ 0°C,≤0°C,0,19456,0,19456,0.0,,4307.631990131579,LOW_EVENT_COUNT,,,,,,,
Northcentral,A10,April 10,Irrigated,990003,SS,Cold,late season before/on maturity,Cm2p2,Tmin ≤ −2.2°C,≤−2.2°C,1,19456,0,19456,0.0,,4307.631990131579,LOW_EVENT_COUNT,,,,,,,
Northcentral,A10,April 10,Irrigated,990003,SS,Cold,late season before/on maturity,Cm4,Tmin ≤ −4°C,≤−4°C,2,19456,0,19456,0.0,,4307.631990131579,LOW_EVENT_COUNT,,,,,,,
Northcentral,A10,April 10,Irrigated,990003,SS,Heat,flowering/silking proxy (ADAT ±7 d),H30,Tmax ≥ 30°C,≥30°C,3,19456,18931,525,97.30160361842105,4314.811631715176,4048.7409523809524,ESTIMABLE,-137.65606673887225,137.65606673887225,3.399972197725333,10.08665189010467,117.88659230967424,157.42554116807028,2.093547331687833e-42
Northcentral,A10,April 10,Irrigated,990003,SS,Heat,flowering/silking proxy (ADAT ±7 d),H35,Tmax ≥ 35°C,≥35°C,4,19456,10429,9027,53.60300164473684,4184.196471377889,4450.238506702116,ESTIMABLE,-97.67840306892597,97.67840306892597,2.194902653460507,9.762482479966522,78.54428900848832,116.81251712936363,1.4417881142639888e-23
Northcentral,A10,April 10,Irrigated,990003,SS,Heat,flowering/silking proxy (ADAT ±7 d),H38,Tmax ≥ 38°C,≥38°C,5,19456,3593,15863,18.467310855263158,4156.286668522126,4341.911996469772,ESTIMABLE,-54.393511528882215,54.393511528882215,1.2527548133888324,7.770486811730348,39.16363723554726,69.62338582221717,2.5593809417199767e-12
Northcentral,A10,April 10,Irrigated,990004,VSS,Cold,late season before/on maturity,C0,Tmin ≤ 0°C,≤0°C,0,19456,0,19456,0.0,,2359.460577713816,LOW_EVENT_COUNT,,,,,,,
Northcentral,A10,April 10,Irrigated,990004,VSS,Cold,late season before/on maturity,Cm2p2,Tmin ≤ −2.2°C,≤−2.2°C,1,19456,0,19456,0.0,,2359.460577713816,LOW_EVENT_COUNT,,,,,,,
Northcentral,A10,April 10,Irrigated,990004,VSS,Cold,late season before/on maturity,Cm4,Tmin ≤ −4°C,≤−4°C,2,19456,0,19456,0.0,,2359.460577713816,LOW_EVENT_COUNT,,,,,,,
Northcentral,A10,April 10,Irrigated,990004,VSS,Heat,flowering/silking proxy (ADAT ±7 d),H30,Tmax ≥ 30°C,≥30°C,3,19456,14781,4675,75.97142269736842,2343.9482443677693,2408.5060962566845,ESTIMABLE,-180.79510094933426,180.79510094933426,7.506524531132687,9.896299902854697,161.39870955953182,200.1914923391367,1.4621231469479203e-74
Northcentral,A10,April 10,Irrigated,990004,VSS,Heat,flowering/silking proxy (ADAT ±7 d),H35,Tmax ≥ 35°C,≥35°C,4,19456,5562,13894,28.587582236842106,2606.195073714491,2260.6886425795306,ESTIMABLE,181.9170480563215,-181.9170480563215,-8.04697491861362,9.596138034156434,-200.7251329939431,-163.1089631186999,3.8423890078417505e-80
Northcentral,A10,April 10,Irrigated,990004,VSS,Heat,flowering/silking proxy (ADAT ±7 d),H38,Tmax ≥ 38°C,≥38°C,5,19456,1180,18276,6.0649671052631575,2962.7949152542374,2320.505964105931,ESTIMABLE,47.05970534800472,-47.05970534800472,-2.0279932943907073,11.215602268039394,-69.04188185828768,-25.07752883772176,2.7177306643639433e-05
Northeast,A10,April 10,Rainfed,990001,LS,Cold,late season before/on maturity,C0,Tmin ≤ 0°C,≤0°C,0,17746,54,17692,0.3042939253916376,7578.574074074074,4869.60089305901,ESTIMABLE,415.2491401813437,-415.2491401813437,-8.527375226442643,55.00893402005235,-523.0646696885865,-307.433610674101,4.394279297726867e-14
Northeast,A10,April 10,Rainfed,990001,LS,Cold,late season before/on maturity,Cm2p2,Tmin ≤ −2.2°C,≤−2.2°C,1,17746,0,17746,0.0,,4877.844133889327,LOW_EVENT_COUNT,,,,,,,
Northeast,A10,April 10,Rainfed,990001,LS,Cold,late season before/on maturity,Cm4,Tmin ≤ −4°C,≤−4°C,2,17746,0,17746,0.0,,4877.844133889327,LOW_EVENT_COUNT,,,,,,,
Northeast,A10,April 10,Rainfed,990001,LS,Heat,flowering/silking proxy (ADAT ±7 d),H30,Tmax ≥ 30°C,≥30°C,3,17746,17713,33,99.81404260114955,4871.951730367527,8040.636363636364,ESTIMABLE,-1108.3080043197356,1108.3080043197356,13.783834440418659,43.01946972696472,1023.9913930208736,1192.6246156185975,2.3086508851938676e-146
Northeast,A10,April 10,Rainfed,990001,LS,Heat,flowering/silking proxy (ADAT ±7 d),H35,Tmax ≥ 35°C,≥35°C,4,17746,10319,7427,58.148315113264964,3335.079852698905,7021.345496162649,ESTIMABLE,-687.4577788083953,687.4577788083953,9.790969254882974,31.70064377285324,625.325658726869,749.5898988899216,2.7860120778217884e-104
Northeast,A10,April 10,Rainfed,990001,LS,Heat,flowering/silking proxy (ADAT ±7 d),H38,Tmax ≥ 38°C,≥38°C,5,17746,6189,11557,34.875464893497124,2246.098238810793,6287.1956390066625,ESTIMABLE,-1687.0576368355935,1687.0576368355935,26.8332295303306,32.207907417425965,1623.9312982800382,1750.1839753911488,0.0
Northeast,A10,April 10,Rainfed,990002,MS,Cold,late season before/on maturity,C0,Tmin ≤ 0°C,≤0°C,0,17746,0,17746,0.0,,6465.524512566212,LOW_EVENT_COUNT,,,,,,,
Northeast,A10,April 10,Rainfed,990002,MS,Cold,late season before/on maturity,Cm2p2,Tmin ≤ −2.2°C,≤−2.2°C,1,17746,0,17746,0.0,,6465.524512566212,LOW_EVENT_COUNT,,,,,,,
Northeast,A10,April 10,Rainfed,990002,MS,Cold,late season before/on maturity,Cm4,Tmin ≤ −4°C,≤−4°C,2,17746,0,17746,0.0,,6465.524512566212,LOW_EVENT_COUNT,,,,,,,
Northeast,A10,April 10,Rainfed,990002,MS,Heat,flowering/silking proxy (ADAT ±7 d),H30,Tmax ≥ 30°C,≥30°C,3,17746,17505,241,98.6419474811225,6431.279748643245,8952.88796680498,ESTIMABLE,-329.25588324046214,329.25588324046214,3.67764998804027,25.07268655831191,280.1143205905093,378.397445890415,2.1572366297605394e-39
Northeast,A10,April 10,Rainfed,990002,MS,Heat,flowering/silking proxy (ADAT ±7 d),H35,Tmax ≥ 35°C,≥35°C,4,17746,6468,11278,36.447650174687254,4917.3044217687075,7353.437932257492,ESTIMABLE,-628.7430317127814,628.7430317127814,8.550327581533805,24.418022959736152,580.8845861380264,676.6014772875365,3.295923440865503e-146
Northeast,A10,April 10,Rainfed,990002,MS,Heat,flowering/silking proxy (ADAT ±7 d),H38,Tmax ≥ 38°C,≥38°C,5,17746,1942,15804,10.943311168714077,3962.7899073120493,6773.061250316376,ESTIMABLE,-401.34284273432405,401.34284273432405,5.925575273892245,58.728395137947054,286.2373033941106,516.4483820745374,8.264779708888185e-12
Northeast,A10,April 10,Rainfed,990003,SS,Cold,late season before/on maturity,C0,Tmin ≤ 0°C,≤0°C,0,17746,0,17746,0.0,,4200.670348247492,LOW_EVENT_COUNT,,,,,,,
Northeast,A10,April 10,Rainfed,990003,SS,Cold,late season before/on maturity,Cm2p2,Tmin ≤ −2.2°C,≤−2.2°C,1,17746,0,17746,0.0,,4200.670348247492,LOW_EVENT_COUNT,,,,,,,
Northeast,A10,April 10,Rainfed,990003,SS,Cold,late season before/on maturity,Cm4,Tmin ≤ −4°C,≤−4°C,2,17746,0,17746,0.0,,4200.670348247492,LOW_EVENT_COUNT,,,,,,,
Northeast,A10,April 10,Rainfed,990003,SS,Heat,flowering/silking proxy (ADAT ±7 d),H30,Tmax ≥ 30°C,≥30°C,3,17746,15938,1808,89.81178857207259,4161.732651524658,4543.916482300885,ESTIMABLE,119.05766701165268,-119.05766701165268,-2.6201552663962238,12.146718746146506,-142.86479828443737,-95.25053573886801,1.1078110212043822e-22
Northeast,A10,April 10,Rainfed,990003,SS,Heat,flowering/silking proxy (ADAT ±7 d),H35,Tmax ≥ 35°C,≥35°C,4,17746,3471,14275,19.55933731545137,3105.851627772976,4466.878108581436,ESTIMABLE,-338.5392317701082,338.5392317701082,7.578877765205449,14.937212714278544,309.26283282070847,367.8156307195079,1.0118206753540013e-113
Northeast,A10,April 10,Rainfed,990003,SS,Heat,flowering/silking proxy (ADAT ±7 d),H38,Tmax ≥ 38°C,≥38°C,5,17746,505,17241,2.845711709681055,1477.0851485148514,4280.445913810104,ESTIMABLE,-749.9034430641826,749.9034430641826,17.519283228056953,46.54371718152323,658.679433681779,841.1274524465863,2.107693954540301e-58
Northeast,A10,April 10,Rainfed,990004,VSS,Cold,late season before/on maturity,C0,Tmin ≤ 0°C,≤0°C,0,17746,0,17746,0.0,,2398.26749690071,LOW_EVENT_COUNT,,,,,,,
Northeast,A10,April 10,Rainfed,990004,VSS,Cold,late season before/on maturity,Cm2p2,Tmin ≤ −2.2°C,≤−2.2°C,1,17746,0,17746,0.0,,2398.26749690071,LOW_EVENT_COUNT,,,,,,,
Northeast,A10,April 10,Rainfed,990004,VSS,Cold,late season before/on maturity,Cm4,Tmin ≤ −4°C,≤−4°C,2,17746,0,17746,0.0,,2398.26749690071,LOW_EVENT_COUNT,,,,,,,
Northeast,A10,April 10,Rainfed,990004,VSS,Heat,flowering/silking proxy (ADAT ±7 d),H30,Tmax ≥ 30°C,≥30°C,3,17746,9414,8332,53.048574326608815,2413.733694497557,2380.792846855497,ESTIMABLE,13.006578582290278,-13.006578582290278,-0.5463129057813285,5.858845609800788,-24.48970496848043,-1.5234521961001217,0.026419447399115593
Northeast,A10,April 10,Rainfed,990004,VSS,Heat,flowering/silking proxy (ADAT ±7 d),H35,Tmax ≥ 35°C,≥35°C,4,17746,1469,16277,8.27792178519103,2749.1286589516676,2366.6022608588805,ESTIMABLE,-44.42020501289484,44.42020501289484,1.8769611500655792,14.445817899860685,16.106922201943856,72.73348782384582,0.0021053602522172997
Northeast,A10,April 10,Rainfed,990004,VSS,Heat,flowering/silking proxy (ADAT ±7 d),H38,Tmax ≥ 38°C,≥38°C,5,17746,21,17725,0.11833652654119238,2651.904761904762,2397.9669957686883,ESTIMABLE,-77.87643633383549,77.87643633383549,3.247602509594655,12.901341912885634,52.590270832342554,103.16260183532842,1.5768296754406084e-09
Northeast,A10,April 10,Irrigated,990001,LS,Cold,late season before/on maturity,C0,Tmin ≤ 0°C,≤0°C,0,17746,54,17692,0.3042939253916376,7579.722222222223,6626.53442233778,ESTIMABLE,-261.5530409343969,261.5530409343969,3.947056247873884,33.63536158228294,195.62894362614017,327.4771382426536,7.477516645475978e-15
Northeast,A10,April 10,Irrigated,990001,LS,Cold,late season before/on maturity,Cm2p2,Tmin ≤ −2.2°C,≤−2.2°C,1,17746,0,17746,0.0,,6629.434914910403,LOW_EVENT_COUNT,,,,,,,
Northeast,A10,April 10,Irrigated,990001,LS,Cold,late season before/on maturity,Cm4,Tmin ≤ −4°C,≤−4°C,2,17746,0,17746,0.0,,6629.434914910403,LOW_EVENT_COUNT,,,,,,,
Northeast,A10,April 10,Irrigated,990001,LS,Heat,flowering/silking proxy (ADAT ±7 d),H30,Tmax ≥ 30°C,≥30°C,3,17746,17713,33,99.81404260114955,6626.540111782307,8183.242424242424,ESTIMABLE,-1290.6787948675742,1290.6787948675742,15.77221751422158,41.90555609361969,1208.5454141719565,1372.8121755631919,2.6443250759387296e-208
Northeast,A10,April 10,Irrigated,990001,LS,Heat,flowering/silking proxy (ADAT ±7 d),H35,Tmax ≥ 35°C,≥35°C,4,17746,10319,7427,58.148315113264964,6030.70791743386,7461.3002558233475,ESTIMABLE,-89.32576844325276,89.32576844325276,1.1971876935730654,9.184111326139211,71.3252410140135,107.32629587249201,2.333234835427831e-22
Northeast,A10,April 10,Irrigated,990001,LS,Heat,flowering/silking proxy (ADAT ±7 d),H38,Tmax ≥ 38°C,≥38°C,5,17746,6189,11557,34.875464893497124,5532.13507836484,7217.060482824262,ESTIMABLE,-262.75395057182675,262.75395057182675,3.640733664310416,12.556478168644627,238.1437055886198,287.3641955550337,3.119974482079772e-97
Northeast,A10,April 10,Irrigated,990002,MS,Cold,late season before/on maturity,C0,Tmin ≤ 0°C,≤0°C,0,17746,0,17746,0.0,,7733.7002704834895,LOW_EVENT_COUNT,,,,,,,
Northeast,A10,April 10,Irrigated,990002,MS,Cold,late season before/on maturity,Cm2p2,Tmin ≤ −2.2°C,≤−2.2°C,1,17746,0,17746,0.0,,7733.7002704834895,LOW_EVENT_COUNT,,,,,,,
Northeast,A10,April 10,Irrigated,990002,MS,Cold,late season before/on maturity,Cm4,Tmin ≤ −4°C,≤−4°C,2,17746,0,17746,0.0,,7733.7002704834895,LOW_EVENT_COUNT,,,,,,,
Northeast,A10,April 10,Irrigated,990002,MS,Heat,flowering/silking proxy (ADAT ±7 d),H30,Tmax ≥ 30°C,≥30°C,3,17746,17505,241,98.6419474811225,7716.459925735504,8985.950207468879,ESTIMABLE,-398.7336375612199,398.7336375612199,4.437300767923277,35.07861219210061,329.9808210370551,467.4864540853847,6.1148653728139575e-30
Northeast,A10,April 10,Irrigated,990002,MS,Heat,flowering/silking proxy (ADAT ±7 d),H35,Tmax ≥ 35°C,≥35°C,4,17746,6468,11278,36.447650174687254,7146.589363017934,8070.411863805639,ESTIMABLE,-164.87081617044993,164.87081617044993,2.0429046119674044,14.325958271857328,136.7924539135859,192.94917842731397,1.1948867533645062e-30
Northeast,A10,April 10,Irrigated,990002,MS,Heat,flowering/silking proxy (ADAT ±7 d),H38,Tmax ≥ 38°C,≥38°C,5,17746,1942,15804,10.943311168714077,6701.413491246138,7860.547962541129,ESTIMABLE,-206.35727183495138,206.35727183495138,2.6252275645200815,34.03728281761465,139.64542338082265,273.0691202890801,1.3386896390730355e-09
Northeast,A10,April 10,Irrigated,990003,SS,Cold,late season before/on maturity,C0,Tmin ≤ 0°C,≤0°C,0,17746,0,17746,0.0,,4566.117660317818,LOW_EVENT_COUNT,,,,,,,
Northeast,A10,April 10,Irrigated,990003,SS,Cold,late season before/on maturity,Cm2p2,Tmin ≤ −2.2°C,≤−2.2°C,1,17746,0,17746,0.0,,4566.117660317818,LOW_EVENT_COUNT,,,,,,,
Northeast,A10,April 10,Irrigated,990003,SS,Cold,late season before/on maturity,Cm4,Tmin ≤ −4°C,≤−4°C,2,17746,0,17746,0.0,,4566.117660317818,LOW_EVENT_COUNT,,,,,,,
Northeast,A10,April 10,Irrigated,990003,SS,Heat,flowering/silking proxy (ADAT ±7 d),H30,Tmax ≥ 30°C,≥30°C,3,17746,15938,1808,89.81178857207259,4568.236478855565,4547.4397123893805,ESTIMABLE,84.98973110447905,-84.98973110447905,-1.8689578417703208,9.083875169473462,-102.79379927670472,-67.18566293225338,8.272681277702821e-21
Northeast,A10,April 10,Irrigated,990003,SS,Heat,flowering/silking proxy (ADAT ±7 d),H35,Tmax ≥ 35°C,≥35°C,4,17746,3471,14275,19.55933731545137,4179.317775857102,4660.168966725044,ESTIMABLE,-78.19405676065924,78.19405676065924,1.677923210917618,8.88365033543933,60.782422051950974,95.6056914693675,1.3437673354819439e-18
Northeast,A10,April 10,Irrigated,990003,SS,Heat,flowering/silking proxy (ADAT ±7 d),H38,Tmax ≥ 38°C,≥38°C,5,17746,505,17241,2.845711709681055,4078.1267326732673,4580.411229047039,ESTIMABLE,-101.54287722567294,101.54287722567294,2.216894338694543,12.741039562922552,76.5708985567448,126.51485589460108,1.589979842416082e-15
Northeast,A10,April 10,Irrigated,990004,VSS,Cold,late season before/on maturity,C0,Tmin ≤ 0°C,≤0°C,0,17746,0,17746,0.0,,2424.8014200383186,LOW_EVENT_COUNT,,,,,,,
Northeast,A10,April 10,Irrigated,990004,VSS,Cold,late season before/on maturity,Cm2p2,Tmin ≤ −2.2°C,≤−2.2°C,1,17746,0,17746,0.0,,2424.8014200383186,LOW_EVENT_COUNT,,,,,,,
Northeast,A10,April 10,Irrigated,990004,VSS,Cold,late season before/on maturity,Cm4,Tmin ≤ −4°C,≤−4°C,2,17746,0,17746,0.0,,2424.8014200383186,LOW_EVENT_COUNT,,,,,,,
Northeast,A10,April 10,Irrigated,990004,VSS,Heat,flowering/silking proxy (ADAT ±7 d),H30,Tmax ≥ 30°C,≥30°C,3,17746,9414,8332,53.048574326608815,2463.157318886764,2381.464594335094,ESTIMABLE,14.367879482620566,-14.367879482620566,-0.6033211460207363,5.68118195156732,-25.50279149731149,-3.232967467929642,0.011437825641392447
Northeast,A10,April 10,Irrigated,990004,VSS,Heat,flowering/silking proxy (ADAT ±7 d),H35,Tmax ≥ 35°C,≥35°C,4,17746,1469,16277,8.27792178519103,2949.1885636487405,2377.475456165141,ESTIMABLE,143.5752126127301,-143.5752126127301,-6.038977699661151,10.070155550271073,-163.31235480997753,-123.83807041548266,4.026386301677241e-46
Northeast,A10,April 10,Irrigated,990004,VSS,Heat,flowering/silking proxy (ADAT ±7 d),H38,Tmax ≥ 38°C,≥38°C,5,17746,21,17725,0.11833652654119238,2917.0,2424.2182792665726,ESTIMABLE,-4.02899215679484,4.02899215679484,0.16619758176288393,6.573641654820978,-8.85510873392656,16.913093047516238,0.5399417403632045
Southwest,A10,April 10,Rainfed,990001,LS,Cold,late season before/on maturity,C0,Tmin ≤ 0°C,≤0°C,0,9614,0,9614,0.0,,1636.116080715623,LOW_EVENT_COUNT,,,,,,,
Southwest,A10,April 10,Rainfed,990001,LS,Cold,late season before/on maturity,Cm2p2,Tmin ≤ −2.2°C,≤−2.2°C,1,9614,0,9614,0.0,,1636.116080715623,LOW_EVENT_COUNT,,,,,,,
Southwest,A10,April 10,Rainfed,990001,LS,Cold,late season before/on maturity,Cm4,Tmin ≤ −4°C,≤−4°C,2,9614,0,9614,0.0,,1636.116080715623,LOW_EVENT_COUNT,,,,,,,
Southwest,A10,April 10,Rainfed,990001,LS,Heat,flowering/silking proxy (ADAT ±7 d),H30,Tmax ≥ 30°C,≥30°C,3,8848,8848,0,100.0,1777.759945750452,,LOW_EVENT_COUNT,,,,,,,
Southwest,A10,April 10,Rainfed,990001,LS,Heat,flowering/silking proxy (ADAT ±7 d),H35,Tmax ≥ 35°C,≥35°C,4,8848,8749,99,98.88110307414105,1760.7725454337638,3279.0,ESTIMABLE,-948.731644768111,948.731644768111,28.933566476612107,151.274371038709,652.2393257482923,1245.2239637879297,3.57367300571482e-10
Southwest,A10,April 10,Rainfed,990001,LS,Heat,flowering/silking proxy (ADAT ±7 d),H38,Tmax ≥ 38°C,≥38°C,5,8848,7281,1567,82.28978300180832,1565.331685208076,2764.798978940651,ESTIMABLE,-620.7673098747989,620.7673098747989,22.4525296270418,27.336216879235412,567.1893093179216,674.3453104316762,3.6836326899023265e-114
Southwest,A10,April 10,Rainfed,990002,MS,Cold,late season before/on maturity,C0,Tmin ≤ 0°C,≤0°C,0,9614,0,9614,0.0,,2268.2259205325568,LOW_EVENT_COUNT,,,,,,,
Southwest,A10,April 10,Rainfed,990002,MS,Cold,late season before/on maturity,Cm2p2,Tmin ≤ −2.2°C,≤−2.2°C,1,9614,0,9614,0.0,,2268.2259205325568,LOW_EVENT_COUNT,,,,,,,
Southwest,A10,April 10,Rainfed,990002,MS,Cold,late season before/on maturity,Cm4,Tmin ≤ −4°C,≤−4°C,2,9614,0,9614,0.0,,2268.2259205325568,LOW_EVENT_COUNT,,,,,,,
Southwest,A10,April 10,Rainfed,990002,MS,Heat,flowering/silking proxy (ADAT ±7 d),H30,Tmax ≥ 30°C,≥30°C,3,8844,8844,0,100.0,2465.708276797829,,LOW_EVENT_COUNT,,,,,,,
Southwest,A10,April 10,Rainfed,990002,MS,Heat,flowering/silking proxy (ADAT ±7 d),H35,Tmax ≥ 35°C,≥35°C,4,8844,8309,535,93.95070104025328,2359.5037910699243,4115.153271028037,ESTIMABLE,-773.3364060461724,773.3364060461724,18.79240832876632,56.98491157656777,661.6480316939001,885.0247803984448,5.958773139526704e-42
Southwest,A10,April 10,Rainfed,990002,MS,Heat,flowering/silking proxy (ADAT ±7 d),H38,Tmax ≥ 38°C,≥38°C,5,8844,6130,2714,69.31252826775214,1984.6970636215335,3552.148489314665,ESTIMABLE,-621.3167478280071,621.3167478280071,17.49129434473279,33.14086278187651,556.3618503589453,686.271645297069,2.019406972016807e-78
Southwest,A10,April 10,Rainfed,990003,SS,Cold,late season before/on maturity,C0,Tmin ≤ 0°C,≤0°C,0,9614,0,9614,0.0,,1855.4587060536717,LOW_EVENT_COUNT,,,,,,,
Southwest,A10,April 10,Rainfed,990003,SS,Cold,late season before/on maturity,Cm2p2,Tmin ≤ −2.2°C,≤−2.2°C,1,9614,0,9614,0.0,,1855.4587060536717,LOW_EVENT_COUNT,,,,,,,
Southwest,A10,April 10,Rainfed,990003,SS,Cold,late season before/on maturity,Cm4,Tmin ≤ −4°C,≤−4°C,2,9614,0,9614,0.0,,1855.4587060536717,LOW_EVENT_COUNT,,,,,,,
Southwest,A10,April 10,Rainfed,990003,SS,Heat,flowering/silking proxy (ADAT ±7 d),H30,Tmax ≥ 30°C,≥30°C,3,8846,8843,3,99.96608636671942,2015.22096573561,5927.0,LOW_EVENT_COUNT,,,,,,,
Southwest,A10,April 10,Rainfed,990003,SS,Heat,flowering/silking proxy (ADAT ±7 d),H35,Tmax ≥ 35°C,≥35°C,4,8846,7216,1630,81.57359258421886,1776.7143847006653,3078.2877300613495,ESTIMABLE,-360.56154074725913,360.56154074725913,11.713055190590428,32.68209221179457,296.50581707272477,424.6172644217935,2.666864208011254e-28
Southwest,A10,April 10,Rainfed,990003,SS,Heat,flowering/silking proxy (ADAT ±7 d),H38,Tmax ≥ 38°C,≥38°C,5,8846,3906,4940,44.15555053131359,1184.0087045570917,2674.8263157894735,ESTIMABLE,-263.2979063770777,263.2979063770777,9.84355151670345,21.276958428404235,221.59583415684946,304.999978597306,3.5782604031299013e-35
Southwest,A10,April 10,Rainfed,990004,VSS,Cold,late season before/on maturity,C0,Tmin ≤ 0°C,≤0°C,0,9614,0,9614,0.0,,1772.2810484709798,LOW_EVENT_COUNT,,,,,,,
Southwest,A10,April 10,Rainfed,990004,VSS,Cold,late season before/on maturity,Cm2p2,Tmin ≤ −2.2°C,≤−2.2°C,1,9614,0,9614,0.0,,1772.2810484709798,LOW_EVENT_COUNT,,,,,,,
Southwest,A10,April 10,Rainfed,990004,VSS,Cold,late season before/on maturity,Cm4,Tmin ≤ −4°C,≤−4°C,2,9614,0,9614,0.0,,1772.2810484709798,LOW_EVENT_COUNT,,,,,,,
Southwest,A10,April 10,Rainfed,990004,VSS,Heat,flowering/silking proxy (ADAT ±7 d),H30,Tmax ≥ 30°C,≥30°C,3,8859,8541,318,96.41043007111412,1908.632127385552,2317.87106918239,ESTIMABLE,47.31310713930112,-47.31310713930112,-2.041231187030193,23.293059278395937,-92.96666441471369,-1.659549863888543,0.042233643285896245
Southwest,A10,April 10,Rainfed,990004,VSS,Heat,flowering/silking proxy (ADAT ±7 d),H35,Tmax ≥ 35°C,≥35°C,4,8859,4949,3910,55.86409301275539,1752.100828450192,2140.04168797954,ESTIMABLE,171.24890879906232,-171.24890879906232,-8.002129573501074,12.96959777757499,-196.66885333708004,-145.8289642610446,8.333876136249248e-40
Southwest,A10,April 10,Rainfed,990004,VSS,Heat,flowering/silking proxy (ADAT ±7 d),H38,Tmax ≥ 38°C,≥38°C,5,8859,1696,7163,19.14437295405802,1483.278891509434,2027.5120759458327,ESTIMABLE,-85.40104296385553,85.40104296385553,4.212110200330915,19.90570362778093,46.38658076647661,124.41550516123445,1.7844795355009545e-05
Southwest,A10,April 10,Irrigated,990001,LS,Cold,late season before/on maturity,C0,Tmin ≤ 0°C,≤0°C,0,9614,0,9614,0.0,,5715.723528188059,LOW_EVENT_COUNT,,,,,,,
Southwest,A10,April 10,Irrigated,990001,LS,Cold,late season before/on maturity,Cm2p2,Tmin ≤ −2.2°C,≤−2.2°C,1,9614,0,9614,0.0,,5715.723528188059,LOW_EVENT_COUNT,,,,,,,
Southwest,A10,April 10,Irrigated,990001,LS,Cold,late season before/on maturity,Cm4,Tmin ≤ −4°C,≤−4°C,2,9614,0,9614,0.0,,5715.723528188059,LOW_EVENT_COUNT,,,,,,,
Southwest,A10,April 10,Irrigated,990001,LS,Heat,flowering/silking proxy (ADAT ±7 d),H30,Tmax ≥ 30°C,≥30°C,3,9614,9614,0,100.0,5715.723528188059,,LOW_EVENT_COUNT,,,,,,,
Southwest,A10,April 10,Irrigated,990001,LS,Heat,flowering/silking proxy (ADAT ±7 d),H35,Tmax ≥ 35°C,≥35°C,4,9614,9515,99,98.97025171624713,5714.223646873358,5859.878787878788,ESTIMABLE,-312.8079785094527,312.8079785094527,5.338130528510228,30.115508616024677,253.78266624593866,371.83329077296673,2.8432934985308475e-25
Southwest,A10,April 10,Irrigated,990001,LS,Heat,flowering/silking proxy (ADAT ±7 d),H38,Tmax ≥ 38°C,≥38°C,5,9614,7896,1718,82.13022675265238,5687.547619047619,5845.221187427241,ESTIMABLE,-136.17625961848617,136.17625961848617,2.329702422748245,9.759877246128717,117.04725172254192,155.30526751443043,3.0308229951111016e-44
Southwest,A10,April 10,Irrigated,990002,MS,Cold,late season before/on maturity,C0,Tmin ≤ 0°C,≤0°C,0,9614,0,9614,0.0,,7070.914915747868,LOW_EVENT_COUNT,,,,,,,
Southwest,A10,April 10,Irrigated,990002,MS,Cold,late season before/on maturity,Cm2p2,Tmin ≤ −2.2°C,≤−2.2°C,1,9614,0,9614,0.0,,7070.914915747868,LOW_EVENT_COUNT,,,,,,,
Southwest,A10,April 10,Irrigated,990002,MS,Cold,late season before/on maturity,Cm4,Tmin ≤ −4°C,≤−4°C,2,9614,0,9614,0.0,,7070.914915747868,LOW_EVENT_COUNT,,,,,,,
Southwest,A10,April 10,Irrigated,990002,MS,Heat,flowering/silking proxy (ADAT ±7 d),H30,Tmax ≥ 30°C,≥30°C,3,9614,9614,0,100.0,7070.914915747868,,LOW_EVENT_COUNT,,,,,,,
Southwest,A10,April 10,Irrigated,990002,MS,Heat,flowering/silking proxy (ADAT ±7 d),H35,Tmax ≥ 35°C,≥35°C,4,9614,9025,589,93.87351778656127,7033.150470914127,7649.563667232597,ESTIMABLE,96.92387202618862,-96.92387202618862,-1.267050988036982,22.330872928147635,-140.69157870869847,-53.15616534367876,1.4225398600154687e-05
Southwest,A10,April 10,Irrigated,990002,MS,Heat,flowering/silking proxy (ADAT ±7 d),H38,Tmax ≥ 38°C,≥38°C,5,9614,6481,3133,67.41210734345746,6964.739392069125,7290.552186402809,ESTIMABLE,-203.8557727846903,203.8557727846903,2.796163686543387,10.552933177360492,183.17240382580587,224.5391417435747,3.831046206578992e-83
Southwest,A10,April 10,Irrigated,990003,SS,Cold,late season before/on maturity,C0,Tmin ≤ 0°C,≤0°C,0,9614,0,9614,0.0,,4453.245995423341,LOW_EVENT_COUNT,,,,,,,
Southwest,A10,April 10,Irrigated,990003,SS,Cold,late season before/on maturity,Cm2p2,Tmin ≤ −2.2°C,≤−2.2°C,1,9614,0,9614,0.0,,4453.245995423341,LOW_EVENT_COUNT,,,,,,,
Southwest,A10,April 10,Irrigated,990003,SS,Cold,late season before/on maturity,Cm4,Tmin ≤ −4°C,≤−4°C,2,9614,0,9614,0.0,,4453.245995423341,LOW_EVENT_COUNT,,,,,,,
Southwest,A10,April 10,Irrigated,990003,SS,Heat,flowering/silking proxy (ADAT ±7 d),H30,Tmax ≥ 30°C,≥30°C,3,9614,9611,3,99.96879550655294,4452.785974404328,5927.0,LOW_EVENT_COUNT,,,,,,,
Southwest,A10,April 10,Irrigated,990003,SS,Heat,flowering/silking proxy (ADAT ±7 d),H35,Tmax ≥ 35°C,≥35°C,4,9614,7838,1776,81.52693987934262,4394.819979586629,4711.096846846847,ESTIMABLE,126.72966130040723,-126.72966130040723,-2.690024540362141,10.4805149667714,-147.27109317471218,-106.18822942610228,1.1651589812919857e-33
Southwest,A10,April 10,Irrigated,990003,SS,Heat,flowering/silking proxy (ADAT ±7 d),H38,Tmax ≥ 38°C,≥38°C,5,9614,4162,5452,43.29103390888288,4279.641518500721,4585.7738444607485,ESTIMABLE,-67.2999899335786,67.2999899335786,1.4675819657978044,13.74067422597213,40.36876332737545,94.23121653978176,9.688274779590797e-07
Southwest,A10,April 10,Irrigated,990004,VSS,Cold,late season before/on maturity,C0,Tmin ≤ 0°C,≤0°C,0,9614,0,9614,0.0,,2506.381422924901,LOW_EVENT_COUNT,,,,,,,
Southwest,A10,April 10,Irrigated,990004,VSS,Cold,late season before/on maturity,Cm2p2,Tmin ≤ −2.2°C,≤−2.2°C,1,9614,0,9614,0.0,,2506.381422924901,LOW_EVENT_COUNT,,,,,,,
Southwest,A10,April 10,Irrigated,990004,VSS,Cold,late season before/on maturity,Cm4,Tmin ≤ −4°C,≤−4°C,2,9614,0,9614,0.0,,2506.381422924901,LOW_EVENT_COUNT,,,,,,,
Southwest,A10,April 10,Irrigated,990004,VSS,Heat,flowering/silking proxy (ADAT ±7 d),H30,Tmax ≥ 30°C,≥30°C,3,9614,9317,297,96.91075514874142,2507.724911452184,2464.23569023569,ESTIMABLE,-9.219828510309862,9.219828510309862,0.37414556354502104,10.974097333406013,-12.289007026002968,30.72866404662269,0.4008273213391992
Southwest,A10,April 10,Irrigated,990004,VSS,Heat,flowering/silking proxy (ADAT ±7 d),H35,Tmax ≥ 35°C,≥35°C,4,9614,5224,4390,54.33742458914084,2583.074272588055,2415.1186788154896,ESTIMABLE,142.70094968057242,-142.70094968057242,-5.908651650632796,4.0902843057368345,-150.71775960634602,-134.68413975479882,1.1390550111408616e-266
Southwest,A10,April 10,Irrigated,990004,VSS,Heat,flowering/silking proxy (ADAT ±7 d),H38,Tmax ≥ 38°C,≥38°C,5,9614,1590,8024,16.53838152693988,2499.5427672955975,2507.7365403788635,ESTIMABLE,-4.932100833787866,4.932100833787866,0.19667539848674592,9.839851988501508,-14.353654676879925,24.217856344455654,0.6162041269184886
Southcentral,A10,April 10,Rainfed,990001,LS,Cold,late season before/on maturity,C0,Tmin ≤ 0°C,≤0°C,0,19266,0,19266,0.0,,2904.301204193917,LOW_EVENT_COUNT,,,,,,,
Southcentral,A10,April 10,Rainfed,990001,LS,Cold,late season before/on maturity,Cm2p2,Tmin ≤ −2.2°C,≤−2.2°C,1,19266,0,19266,0.0,,2904.301204193917,LOW_EVENT_COUNT,,,,,,,
Southcentral,A10,April 10,Rainfed,990001,LS,Cold,late season before/on maturity,Cm4,Tmin ≤ −4°C,≤−4°C,2,19266,0,19266,0.0,,2904.301204193917,LOW_EVENT_COUNT,,,,,,,
Southcentral,A10,April 10,Rainfed,990001,LS,Heat,flowering/silking proxy (ADAT ±7 d),H30,Tmax ≥ 30°C,≥30°C,3,18847,18847,0,100.0,2968.868626306574,,LOW_EVENT_COUNT,,,,,,,
Southcentral,A10,April 10,Rainfed,990001,LS,Heat,flowering/silking proxy (ADAT ±7 d),H35,Tmax ≥ 35°C,≥35°C,4,18847,16455,2392,87.30832493234998,2652.8653904588273,5142.711956521739,ESTIMABLE,-555.2329754223717,555.2329754223717,10.796501536864263,30.195402172522904,496.0510746655243,614.4148761792192,1.6392405408753912e-75
Southcentral,A10,April 10,Rainfed,990001,LS,Heat,flowering/silking proxy (ADAT ±7 d),H38,Tmax ≥ 38°C,≥38°C,5,18847,10935,7912,58.01984400700377,2074.7378143575675,4204.627022244692,ESTIMABLE,-768.9808942816516,768.9808942816516,18.28892052049653,15.867492272941988,737.8811809017177,800.0806076615854,0.0
Southcentral,A10,April 10,Rainfed,990002,MS,Cold,late season before/on maturity,C0,Tmin ≤ 0°C,≤0°C,0,19266,0,19266,0.0,,4419.292691788643,LOW_EVENT_COUNT,,,,,,,
Southcentral,A10,April 10,Rainfed,990002,MS,Cold,late season before/on maturity,Cm2p2,Tmin ≤ −2.2°C,≤−2.2°C,1,19266,0,19266,0.0,,4419.292691788643,LOW_EVENT_COUNT,,,,,,,
Southcentral,A10,April 10,Rainfed,990002,MS,Cold,late season before/on maturity,Cm4,Tmin ≤ −4°C,≤−4°C,2,19266,0,19266,0.0,,4419.292691788643,LOW_EVENT_COUNT,,,,,,,
Southcentral,A10,April 10,Rainfed,990002,MS,Heat,flowering/silking proxy (ADAT ±7 d),H30,Tmax ≥ 30°C,≥30°C,3,18850,18799,51,99.72944297082228,4512.151710197351,6238.294117647059,ESTIMABLE,568.3410026632547,-568.3410026632547,-9.110519509740907,89.74639126820057,-744.2406972913678,-392.44130803514156,2.408375612220991e-10
Southcentral,A10,April 10,Rainfed,990002,MS,Heat,flowering/silking proxy (ADAT ±7 d),H35,Tmax ≥ 35°C,≥35°C,4,18850,13408,5442,71.12997347480106,3702.839946300716,6522.310731348769,ESTIMABLE,-373.11070571139226,373.11070571139226,5.720529442396491,22.664534356682253,328.6890346459244,417.53237677686013,6.843231769934354e-61
Southcentral,A10,April 10,Rainfed,990002,MS,Heat,flowering/silking proxy (ADAT ±7 d),H38,Tmax ≥ 38°C,≥38°C,5,18850,6316,12534,33.50663129973475,2811.704718176061,5376.046433700335,ESTIMABLE,-531.4855086665863,531.4855086665863,9.886177792939273,27.783558546261006,477.0307345535547,585.9402827796179,1.434507508238269e-81
Southcentral,A10,April 10,Rainfed,990003,SS,Cold,late season before/on maturity,C0,Tmin ≤ 0°C,≤0°C,0,19266,0,19266,0.0,,3339.5398110661267,LOW_EVENT_COUNT,,,,,,,
Southcentral,A10,April 10,Rainfed,990003,SS,Cold,late season before/on maturity,Cm2p2,Tmin ≤ −2.2°C,≤−2.2°C,1,19266,0,19266,0.0,,3339.5398110661267,LOW_EVENT_COUNT,,,,,,,
Southcentral,A10,April 10,Rainfed,990003,SS,Cold,late season before/on maturity,Cm4,Tmin ≤ −4°C,≤−4°C,2,19266,0,19266,0.0,,3339.5398110661267,LOW_EVENT_COUNT,,,,,,,
Southcentral,A10,April 10,Rainfed,990003,SS,Heat,flowering/silking proxy (ADAT ±7 d),H30,Tmax ≥ 30°C,≥30°C,3,18860,18385,475,97.48144220572641,3365.773946151754,5178.5684210526315,ESTIMABLE,214.49623890472847,-214.49623890472847,-4.1419987429871306,19.651868060428388,-253.01319253210113,-175.9792852773558,9.79430282426734e-28
Southcentral,A10,April 10,Rainfed,990003,SS,Heat,flowering/silking proxy (ADAT ±7 d),H35,Tmax ≥ 35°C,≥35°C,4,18860,10125,8735,53.68504772004242,2835.032,4079.5506582713224,ESTIMABLE,-267.791086590799,267.791086590799,6.564229961156394,14.556411574606546,239.2610441604282,296.32112902116984,1.3940919365916519e-75
Southcentral,A10,April 10,Rainfed,990003,SS,Heat,flowering/silking proxy (ADAT ±7 d),H38,Tmax ≥ 38°C,≥38°C,5,18860,3750,15110,19.88335100742312,2109.647466666667,3734.506684315023,ESTIMABLE,-481.660121640527,481.660121640527,12.897556822257297,19.106857047543716,444.21136996958603,519.108873311468,3.2111882036096793e-140
Southcentral,A10,April 10,Rainfed,990004,VSS,Cold,late season before/on maturity,C0,Tmin ≤ 0°C,≤0°C,0,19266,0,19266,0.0,,2300.3809301359906,LOW_EVENT_COUNT,,,,,,,
Southcentral,A10,April 10,Rainfed,990004,VSS,Cold,late season before/on maturity,Cm2p2,Tmin ≤ −2.2°C,≤−2.2°C,1,19266,0,19266,0.0,,2300.3809301359906,LOW_EVENT_COUNT,,,,,,,
Southcentral,A10,April 10,Rainfed,990004,VSS,Cold,late season before/on maturity,Cm4,Tmin ≤ −4°C,≤−4°C,2,19266,0,19266,0.0,,2300.3809301359906,LOW_EVENT_COUNT,,,,,,,
Southcentral,A10,April 10,Rainfed,990004,VSS,Heat,flowering/silking proxy (ADAT ±7 d),H30,Tmax ≥ 30°C,≥30°C,3,18841,14873,3968,78.93954673318827,2344.6089558259932,2380.9904233870966,ESTIMABLE,-4.787995274839055,4.787995274839055,0.20109258852153866,10.39989465145967,-15.595423685032635,25.171414234710745,0.6452371546975272
Southcentral,A10,April 10,Rainfed,990004,VSS,Heat,flowering/silking proxy (ADAT ±7 d),H35,Tmax ≥ 35°C,≥35°C,4,18841,5119,13722,27.169470834881377,2375.0673959757764,2343.766870718554,ESTIMABLE,-78.4037231953113,78.4037231953113,3.3452014436604025,8.865492845466939,61.02767651299858,95.77976987762402,9.260338306675172e-19
Southcentral,A10,April 10,Rainfed,990004,VSS,Heat,flowering/silking proxy (ADAT ±7 d),H38,Tmax ≥ 38°C,≥38°C,5,18841,1079,17762,5.726872246696035,1925.4235403151065,2378.2010471793715,ESTIMABLE,-260.1345577388009,260.1345577388009,10.938291278919813,30.803625958123536,199.76056026763564,320.5085552099661,3.0421985520115276e-17
Southcentral,A10,April 10,Irrigated,990001,LS,Cold,late season before/on maturity,C0,Tmin ≤ 0°C,≤0°C,0,19266,0,19266,0.0,,5427.109571265441,LOW_EVENT_COUNT,,,,,,,
Southcentral,A10,April 10,Irrigated,990001,LS,Cold,late season before/on maturity,Cm2p2,Tmin ≤ −2.2°C,≤−2.2°C,1,19266,0,19266,0.0,,5427.109571265441,LOW_EVENT_COUNT,,,,,,,
Southcentral,A10,April 10,Irrigated,990001,LS,Cold,late season before/on maturity,Cm4,Tmin ≤ −4°C,≤−4°C,2,19266,0,19266,0.0,,5427.109571265441,LOW_EVENT_COUNT,,,,,,,
Southcentral,A10,April 10,Irrigated,990001,LS,Heat,flowering/silking proxy (ADAT ±7 d),H30,Tmax ≥ 30°C,≥30°C,3,19266,19266,0,100.0,5427.109571265441,,LOW_EVENT_COUNT,,,,,,,
Southcentral,A10,April 10,Irrigated,990001,LS,Heat,flowering/silking proxy (ADAT ±7 d),H35,Tmax ≥ 35°C,≥35°C,4,19266,16847,2419,87.44420222153016,5371.670742565442,5813.210417527904,ESTIMABLE,-357.70199859843876,357.70199859843876,6.1532608129907205,16.02113352475605,326.30115389840967,389.10284329846786,2.0256575108522487e-110
Southcentral,A10,April 10,Irrigated,990001,LS,Heat,flowering/silking proxy (ADAT ±7 d),H38,Tmax ≥ 38°C,≥38°C,5,19266,11216,8050,58.216547285373196,5213.86697574893,5724.218757763975,ESTIMABLE,-81.95929033872753,81.95929033872753,1.4317987101307585,7.755958358066955,66.75789129132389,97.16068938613117,4.2262731732354216e-26
Southcentral,A10,April 10,Irrigated,990002,MS,Cold,late season before/on maturity,C0,Tmin ≤ 0°C,≤0°C,0,19266,0,19266,0.0,,6897.983494238555,LOW_EVENT_COUNT,,,,,,,
Southcentral,A10,April 10,Irrigated,990002,MS,Cold,late season before/on maturity,Cm2p2,Tmin ≤ −2.2°C,≤−2.2°C,1,19266,0,19266,0.0,,6897.983494238555,LOW_EVENT_COUNT,,,,,,,
Southcentral,A10,April 10,Irrigated,990002,MS,Cold,late season before/on maturity,Cm4,Tmin ≤ −4°C,≤−4°C,2,19266,0,19266,0.0,,6897.983494238555,LOW_EVENT_COUNT,,,,,,,
Southcentral,A10,April 10,Irrigated,990002,MS,Heat,flowering/silking proxy (ADAT ±7 d),H30,Tmax ≥ 30°C,≥30°C,3,19266,19215,51,99.73528495795702,6899.734426229508,6238.294117647059,ESTIMABLE,536.7548984743244,-536.7548984743244,-8.604193523930482,65.69475464300106,-665.5142515478019,-407.9955454008468,3.072726510373114e-16
Southcentral,A10,April 10,Irrigated,990002,MS,Heat,flowering/silking proxy (ADAT ±7 d),H35,Tmax ≥ 35°C,≥35°C,4,19266,13684,5582,71.02667912384511,6701.67874890383,7379.214976710857,ESTIMABLE,118.51820823227409,-118.51820823227409,-1.6061086254611503,14.262840920030127,-146.47286275275727,-90.56355371179092,9.604192471717554e-17
Southcentral,A10,April 10,Irrigated,990002,MS,Heat,flowering/silking proxy (ADAT ±7 d),H38,Tmax ≥ 38°C,≥38°C,5,19266,6405,12861,33.24509498598567,6475.048868071819,7108.612238550657,ESTIMABLE,-10.424310608949773,10.424310608949773,0.1466433990085685,13.594251995863472,-16.219933699704377,37.068554917603926,0.4431900178717949
Southcentral,A10,April 10,Irrigated,990003,SS,Cold,late season before/on maturity,C0,Tmin ≤ 0°C,≤0°C,0,19266,0,19266,0.0,,4229.4084397383995,LOW_EVENT_COUNT,,,,,,,
Southcentral,A10,April 10,Irrigated,990003,SS,Cold,late season before/on maturity,Cm2p2,Tmin ≤ −2.2°C,≤−2.2°C,1,19266,0,19266,0.0,,4229.4084397383995,LOW_EVENT_COUNT,,,,,,,
Southcentral,A10,April 10,Irrigated,990003,SS,Cold,late season before/on maturity,Cm4,Tmin ≤ −4°C,≤−4°C,2,19266,0,19266,0.0,,4229.4084397383995,LOW_EVENT_COUNT,,,,,,,
Southcentral,A10,April 10,Irrigated,990003,SS,Heat,flowering/silking proxy (ADAT ±7 d),H30,Tmax ≥ 30°C,≥30°C,3,19266,18791,475,97.534516765286,4205.294981640147,5183.336842105263,ESTIMABLE,22.92949533345875,-22.92949533345875,-0.4423693854352269,7.452820199144027,-37.53675450703368,-8.322236159883824,0.002093620458679649
Southcentral,A10,April 10,Irrigated,990003,SS,Heat,flowering/silking proxy (ADAT ±7 d),H35,Tmax ≥ 35°C,≥35°C,4,19266,10236,9030,53.12986608533167,4060.3394880812816,4421.057364341085,ESTIMABLE,21.991027206804656,-21.991027206804656,-0.4974155590962842,8.228084338164445,-38.11777617136505,-5.864278242244257,0.007524824451348716
Southcentral,A10,April 10,Irrigated,990003,SS,Heat,flowering/silking proxy (ADAT ±7 d),H38,Tmax ≥ 38°C,≥38°C,5,19266,3764,15502,19.537008200975812,3775.9213602550476,4339.518449232357,ESTIMABLE,-97.2895683914477,97.2895683914477,2.2419438822447644,9.163292225222456,79.32984565019581,115.2492911326996,2.475775935010407e-26
Southcentral,A10,April 10,Irrigated,990004,VSS,Cold,late season before/on maturity,C0,Tmin ≤ 0°C,≤0°C,0,19266,0,19266,0.0,,2475.9095816464237,LOW_EVENT_COUNT,,,,,,,
Southcentral,A10,April 10,Irrigated,990004,VSS,Cold,late season before/on maturity,Cm2p2,Tmin ≤ −2.2°C,≤−2.2°C,1,19266,0,19266,0.0,,2475.9095816464237,LOW_EVENT_COUNT,,,,,,,
Southcentral,A10,April 10,Irrigated,990004,VSS,Cold,late season before/on maturity,Cm4,Tmin ≤ −4°C,≤−4°C,2,19266,0,19266,0.0,,2475.9095816464237,LOW_EVENT_COUNT,,,,,,,
Southcentral,A10,April 10,Irrigated,990004,VSS,Heat,flowering/silking proxy (ADAT ±7 d),H30,Tmax ≥ 30°C,≥30°C,3,19266,15286,3980,79.34184573860688,2501.534410571765,2377.4922110552766,ESTIMABLE,-42.93997502184775,42.93997502184775,1.8061037097063026,8.806364047344983,25.6798186543032,60.2001313893923,1.0824964383800275e-06
Southcentral,A10,April 10,Irrigated,990004,VSS,Heat,flowering/silking proxy (ADAT ±7 d),H35,Tmax ≥ 35°C,≥35°C,4,19266,5483,13783,28.45946226513028,2740.8533649461974,2370.5125879706884,ESTIMABLE,55.20998959432868,-55.20998959432868,-2.3290316986501214,4.189697946450386,-63.421646675472864,-46.9983325131845,1.1815303129894892e-39
Southcentral,A10,April 10,Irrigated,990004,VSS,Heat,flowering/silking proxy (ADAT ±7 d),H38,Tmax ≥ 38°C,≥38°C,5,19266,1076,18190,5.584968338004775,2608.3029739776953,2468.0780648708082,ESTIMABLE,-14.706292525248424,14.706292525248424,0.5958601040448948,9.99837318968397,-4.890158830523022,34.30274388101987,0.14132667347921976
Southeast,A10,April 10,Rainfed,990001,LS,Cold,late season before/on maturity,C0,Tmin ≤ 0°C,≤0°C,0,20444,0,20444,0.0,,5030.47285267071,LOW_EVENT_COUNT,,,,,,,
Southeast,A10,April 10,Rainfed,990001,LS,Cold,late season before/on maturity,Cm2p2,Tmin ≤ −2.2°C,≤−2.2°C,1,20444,0,20444,0.0,,5030.47285267071,LOW_EVENT_COUNT,,,,,,,
Southeast,A10,April 10,Rainfed,990001,LS,Cold,late season before/on maturity,Cm4,Tmin ≤ −4°C,≤−4°C,2,20444,0,20444,0.0,,5030.47285267071,LOW_EVENT_COUNT,,,,,,,
Southeast,A10,April 10,Rainfed,990001,LS,Heat,flowering/silking proxy (ADAT ±7 d),H30,Tmax ≥ 30°C,≥30°C,3,20421,20397,24,99.88247392390187,5033.555375790557,7231.583333333333,ESTIMABLE,-414.49018649987966,414.49018649987966,5.731665769366501,33.675018343097264,348.48836336868334,480.492009631076,8.148757990645221e-35
Southeast,A10,April 10,Rainfed,990001,LS,Heat,flowering/silking proxy (ADAT ±7 d),H35,Tmax ≥ 35°C,≥35°C,4,20421,10208,10213,49.98775770040645,3365.197394200627,6706.261823166553,ESTIMABLE,-923.8395644569501,923.8395644569501,13.775775369604238,21.167585409904135,882.3518594138625,965.3272695000378,0.0
Southeast,A10,April 10,Rainfed,990001,LS,Heat,flowering/silking proxy (ADAT ±7 d),H38,Tmax ≥ 38°C,≥38°C,5,20421,4606,15815,22.555212771166936,2029.952887537994,5911.667657287386,ESTIMABLE,-1594.000485950031,1594.000485950031,26.963634939543443,29.591207380579604,1536.0027852250391,1651.9981866750227,0.0
Southeast,A10,April 10,Rainfed,990002,MS,Cold,late season before/on maturity,C0,Tmin ≤ 0°C,≤0°C,0,20444,0,20444,0.0,,6811.849638035609,LOW_EVENT_COUNT,,,,,,,
Southeast,A10,April 10,Rainfed,990002,MS,Cold,late season before/on maturity,Cm2p2,Tmin ≤ −2.2°C,≤−2.2°C,1,20444,0,20444,0.0,,6811.849638035609,LOW_EVENT_COUNT,,,,,,,
Southeast,A10,April 10,Rainfed,990002,MS,Cold,late season before/on maturity,Cm4,Tmin ≤ −4°C,≤−4°C,2,20444,0,20444,0.0,,6811.849638035609,LOW_EVENT_COUNT,,,,,,,
Southeast,A10,April 10,Rainfed,990002,MS,Heat,flowering/silking proxy (ADAT ±7 d),H30,Tmax ≥ 30°C,≥30°C,3,20421,19436,985,95.17653396013907,6736.842611648487,8450.945177664975,ESTIMABLE,191.5584723412383,-191.5584723412383,-2.2667106260197816,23.871550462600002,-238.34585150306478,-144.77109317941185,1.0189801282168634e-15
Southeast,A10,April 10,Rainfed,990002,MS,Heat,flowering/silking proxy (ADAT ±7 d),H35,Tmax ≥ 35°C,≥35°C,4,20421,5143,15278,25.18485872386269,4998.231771339685,7432.618667364838,ESTIMABLE,-1357.4886581941464,1357.4886581941464,18.26393521511619,31.575405086170132,1295.6020014279902,1419.3753149603026,0.0
Southeast,A10,April 10,Rainfed,990002,MS,Heat,flowering/silking proxy (ADAT ±7 d),H38,Tmax ≥ 38°C,≥38°C,5,20421,1337,19084,6.547181822633563,3397.112939416604,7059.291238734018,ESTIMABLE,-1362.5798303556298,1362.5798303556298,19.30193533989949,66.43803333021712,1232.3636778247326,1492.795982886527,1.7881334075391235e-93
Southeast,A10,April 10,Rainfed,990003,SS,Cold,late season before/on maturity,C0,Tmin ≤ 0°C,≤0°C,0,20444,0,20444,0.0,,4331.086382312659,LOW_EVENT_COUNT,,,,,,,
Southeast,A10,April 10,Rainfed,990003,SS,Cold,late season before/on maturity,Cm2p2,Tmin ≤ −2.2°C,≤−2.2°C,1,20444,0,20444,0.0,,4331.086382312659,LOW_EVENT_COUNT,,,,,,,
Southeast,A10,April 10,Rainfed,990003,SS,Cold,late season before/on maturity,Cm4,Tmin ≤ −4°C,≤−4°C,2,20444,0,20444,0.0,,4331.086382312659,LOW_EVENT_COUNT,,,,,,,
Southeast,A10,April 10,Rainfed,990003,SS,Heat,flowering/silking proxy (ADAT ±7 d),H30,Tmax ≥ 30°C,≥30°C,3,20421,16961,3460,83.05665736251898,4275.592535817464,4631.908959537573,ESTIMABLE,-56.41734624831934,56.41734624831934,1.2180150072282891,12.799449232918795,31.33088672984968,81.503805766789,1.044283922490039e-05
Southeast,A10,April 10,Rainfed,990003,SS,Heat,flowering/silking proxy (ADAT ±7 d),H35,Tmax ≥ 35°C,≥35°C,4,20421,2025,18396,9.91626267078008,3317.1481481481483,4448.1139921722115,ESTIMABLE,-613.3431075616863,613.3431075616863,13.788835192646753,15.50866936893628,582.9466741504317,643.739540972941,0.0
Southeast,A10,April 10,Rainfed,990003,SS,Heat,flowering/silking proxy (ADAT ±7 d),H38,Tmax ≥ 38°C,≥38°C,5,20421,168,20253,0.8226825326869399,1879.1309523809523,4356.344047795388,ESTIMABLE,-961.6137141166463,961.6137141166463,22.073869822180125,35.428817975358136,892.1745068701191,1031.0529213631735,3.1356700000045006e-162
Southeast,A10,April 10,Rainfed,990004,VSS,Cold,late season before/on maturity,C0,Tmin ≤ 0°C,≤0°C,0,20444,0,20444,0.0,,2499.000489141068,LOW_EVENT_COUNT,,,,,,,
Southeast,A10,April 10,Rainfed,990004,VSS,Cold,late season before/on maturity,Cm2p2,Tmin ≤ −2.2°C,≤−2.2°C,1,20444,0,20444,0.0,,2499.000489141068,LOW_EVENT_COUNT,,,,,,,
Southeast,A10,April 10,Rainfed,990004,VSS,Cold,late season before/on maturity,Cm4,Tmin ≤ −4°C,≤−4°C,2,20444,0,20444,0.0,,2499.000489141068,LOW_EVENT_COUNT,,,,,,,
Southeast,A10,April 10,Rainfed,990004,VSS,Heat,flowering/silking proxy (ADAT ±7 d),H30,Tmax ≥ 30°C,≥30°C,3,20421,9129,11292,44.70398119582782,2665.5688465330268,2369.428622033298,ESTIMABLE,20.017329121907718,-20.017329121907718,-0.8448167180799089,3.982047315654727,-27.821998445325384,-12.212659798490053,4.984881238508317e-07
Southeast,A10,April 10,Rainfed,990004,VSS,Heat,flowering/silking proxy (ADAT ±7 d),H35,Tmax ≥ 35°C,≥35°C,4,20421,460,19961,2.2525831252142403,2368.4521739130437,2504.8884324432643,ESTIMABLE,-115.6181916972929,115.6181916972929,4.61570224844382,27.002002956409903,62.695238392285425,168.54114500230037,1.85356236927793e-05
Southeast,A10,April 10,Rainfed,990004,VSS,Heat,flowering/silking proxy (ADAT ±7 d),H38,Tmax ≥ 38°C,≥38°C,5,20421,114,20307,0.5582488614661378,2335.2982456140353,2502.7498892007684,ESTIMABLE,74.82269276585245,-74.82269276585245,-2.9896192619449655,13.509770043570194,-101.30135549066816,-48.34403004103675,3.0522393652068564e-08
Southeast,A10,April 10,Irrigated,990001,LS,Cold,late season before/on maturity,C0,Tmin ≤ 0°C,≤0°C,0,20444,0,20444,0.0,,6134.536489923694,LOW_EVENT_COUNT,,,,,,,
Southeast,A10,April 10,Irrigated,990001,LS,Cold,late season before/on maturity,Cm2p2,Tmin ≤ −2.2°C,≤−2.2°C,1,20444,0,20444,0.0,,6134.536489923694,LOW_EVENT_COUNT,,,,,,,
Southeast,A10,April 10,Irrigated,990001,LS,Cold,late season before/on maturity,Cm4,Tmin ≤ −4°C,≤−4°C,2,20444,0,20444,0.0,,6134.536489923694,LOW_EVENT_COUNT,,,,,,,
Southeast,A10,April 10,Irrigated,990001,LS,Heat,flowering/silking proxy (ADAT ±7 d),H30,Tmax ≥ 30°C,≥30°C,3,20444,20420,24,99.88260614361182,6133.01096963761,7432.5,ESTIMABLE,-411.71303501945533,411.71303501945533,5.539361386067344,29.49677137950634,353.90042545541104,469.5256445834996,2.816031411902135e-44
Southeast,A10,April 10,Irrigated,990001,LS,Heat,flowering/silking proxy (ADAT ±7 d),H35,Tmax ≥ 35°C,≥35°C,4,20444,10231,10213,50.04402269614557,5250.613136545792,7020.017722510526,ESTIMABLE,-197.17975211955357,197.17975211955357,2.8088212866938087,7.42567518111281,182.62569620367952,211.73380803542761,2.322563354207001e-155
Southeast,A10,April 10,Irrigated,990001,LS,Heat,flowering/silking proxy (ADAT ±7 d),H38,Tmax ≥ 38°C,≥38°C,5,20444,4606,15838,22.52983760516533,4469.140034737299,6618.866334133098,ESTIMABLE,-339.98051907168605,339.98051907168605,5.13653701266676,11.42359678974965,317.59068078986934,362.37035735350275,1.240339544894669e-194
Southeast,A10,April 10,Irrigated,990002,MS,Cold,late season before/on maturity,C0,Tmin ≤ 0°C,≤0°C,0,20444,0,20444,0.0,,7708.290500880454,LOW_EVENT_COUNT,,,,,,,
Southeast,A10,April 10,Irrigated,990002,MS,Cold,late season before/on maturity,Cm2p2,Tmin ≤ −2.2°C,≤−2.2°C,1,20444,0,20444,0.0,,7708.290500880454,LOW_EVENT_COUNT,,,,,,,
Southeast,A10,April 10,Irrigated,990002,MS,Cold,late season before/on maturity,Cm4,Tmin ≤ −4°C,≤−4°C,2,20444,0,20444,0.0,,7708.290500880454,LOW_EVENT_COUNT,,,,,,,
Southeast,A10,April 10,Irrigated,990002,MS,Heat,flowering/silking proxy (ADAT ±7 d),H30,Tmax ≥ 30°C,≥30°C,3,20444,19459,985,95.18196047740169,7670.216352330541,8460.457868020305,ESTIMABLE,-183.70499304490934,183.70499304490934,2.1713363024866075,17.511101589776544,149.38386459932525,218.02612149049344,9.524586962170842e-26
Southeast,A10,April 10,Irrigated,990002,MS,Heat,flowering/silking proxy (ADAT ±7 d),H35,Tmax ≥ 35°C,≥35°C,4,20444,5143,15301,25.15652514185091,6999.823643787672,7946.421671786158,ESTIMABLE,-433.8937224055566,433.8937224055566,5.460240348761005,17.432338499021867,399.72696678116273,468.0604780299505,9.508762195644765e-137
Southeast,A10,April 10,Irrigated,990002,MS,Heat,flowering/silking proxy (ADAT ±7 d),H38,Tmax ≥ 38°C,≥38°C,5,20444,1337,19107,6.539816082958326,6221.267015706806,7812.344010048673,ESTIMABLE,-468.3010037641872,468.3010037641872,5.994372536102254,20.29836085303986,428.51694754703135,508.0850599813431,9.080289999521604e-118
Southeast,A10,April 10,Irrigated,990003,SS,Cold,late season before/on maturity,C0,Tmin ≤ 0°C,≤0°C,0,20444,0,20444,0.0,,4501.016337311681,LOW_EVENT_COUNT,,,,,,,
Southeast,A10,April 10,Irrigated,990003,SS,Cold,late season before/on maturity,Cm2p2,Tmin ≤ −2.2°C,≤−2.2°C,1,20444,0,20444,0.0,,4501.016337311681,LOW_EVENT_COUNT,,,,,,,
Southeast,A10,April 10,Irrigated,990003,SS,Cold,late season before/on maturity,Cm4,Tmin ≤ −4°C,≤−4°C,2,20444,0,20444,0.0,,4501.016337311681,LOW_EVENT_COUNT,,,,,,,
Southeast,A10,April 10,Irrigated,990003,SS,Heat,flowering/silking proxy (ADAT ±7 d),H30,Tmax ≥ 30°C,≥30°C,3,20444,16984,3460,83.07571903737038,4471.985280263778,4643.520231213873,ESTIMABLE,-20.386687651729538,20.386687651729538,0.4390351853038058,11.070851156072717,-1.311781892376608,42.085157195835684,0.0655520864424151
Southeast,A10,April 10,Irrigated,990003,SS,Heat,flowering/silking proxy (ADAT ±7 d),H35,Tmax ≥ 35°C,≥35°C,4,20444,2025,18419,9.905106632752886,4091.025679012346,4546.091047288126,ESTIMABLE,-92.08728409107847,92.08728409107847,2.0256365992936103,10.028241887457662,72.43229116340548,111.74227701875147,4.200465672154334e-20
Southeast,A10,April 10,Irrigated,990003,SS,Heat,flowering/silking proxy (ADAT ±7 d),H38,Tmax ≥ 38°C,≥38°C,5,20444,168,20276,0.8217569947172765,3421.970238095238,4509.956944170448,ESTIMABLE,59.87376017598045,-59.87376017598045,-1.3275905051238468,12.232796134467133,-83.84960002975683,-35.89792032220408,9.854207048977919e-07
Southeast,A10,April 10,Irrigated,990004,VSS,Cold,late season before/on maturity,C0,Tmin ≤ 0°C,≤0°C,0,20444,0,20444,0.0,,2504.9848366268834,LOW_EVENT_COUNT,,,,,,,
Southeast,A10,April 10,Irrigated,990004,VSS,Cold,late season before/on maturity,Cm2p2,Tmin ≤ −2.2°C,≤−2.2°C,1,20444,0,20444,0.0,,2504.9848366268834,LOW_EVENT_COUNT,,,,,,,
Southeast,A10,April 10,Irrigated,990004,VSS,Cold,late season before/on maturity,Cm4,Tmin ≤ −4°C,≤−4°C,2,20444,0,20444,0.0,,2504.9848366268834,LOW_EVENT_COUNT,,,,,,,
Southeast,A10,April 10,Irrigated,990004,VSS,Heat,flowering/silking proxy (ADAT ±7 d),H30,Tmax ≥ 30°C,≥30°C,3,20444,9152,11292,44.766190569360205,2672.237980769231,2369.428622033298,ESTIMABLE,17.579142248373447,-17.579142248373447,-0.7419148264229251,3.2647887145953747,-23.9780105461132,-11.180273950633694,7.266023210250127e-08
Southeast,A10,April 10,Irrigated,990004,VSS,Heat,flowering/silking proxy (ADAT ±7 d),H35,Tmax ≥ 35°C,≥35°C,4,20444,542,19902,2.651144590099785,2534.9778597785976,2504.1680233142397,ESTIMABLE,100.95936702538307,-100.95936702538307,-4.031653071416686,9.139263010609211,-118.87199337141624,-83.04674067934991,2.272360211861228e-28
Southeast,A10,April 10,Irrigated,990004,VSS,Heat,flowering/silking proxy (ADAT ±7 d),H38,Tmax ≥ 38°C,≥38°C,5,20444,114,20330,0.5576208178438662,2393.342105263158,2505.6108706345303,ESTIMABLE,130.1993164962381,-130.1993164962381,-5.196310329834494,11.751415027133437,-153.23166671680244,-107.16696627567379,1.578239605992105e-28
Northwest,A20,April 20,Rainfed,990001,LS,Cold,late season before/on maturity,C0,Tmin ≤ 0°C,≤0°C,0,18962,156,18806,0.8226980276342158,968.9102564102565,2186.4565564181644,ESTIMABLE,108.36652059101026,-108.36652059101026,-4.956262235026312,52.00312559430837,-210.29077383936777,-6.442267342652755,0.037174150748017394
Northwest,A20,April 20,Rainfed,990001,LS,Cold,late season before/on maturity,Cm2p2,Tmin ≤ −2.2°C,≤−2.2°C,1,18962,36,18926,0.18985339099251133,777.8611111111111,2179.1001268096798,ESTIMABLE,149.14499704888468,-149.14499704888468,-6.844338872451951,27.79232888941123,-203.61696071862275,-94.67303337914659,8.031980432257307e-08
Northwest,A20,April 20,Rainfed,990001,LS,Cold,late season before/on maturity,Cm4,Tmin ≤ −4°C,≤−4°C,2,18962,0,18962,0.0,,2176.439827022466,LOW_EVENT_COUNT,,,,,,,
Northwest,A20,April 20,Rainfed,990001,LS,Heat,flowering/silking proxy (ADAT ±7 d),H30,Tmax ≥ 30°C,≥30°C,3,18287,18287,0,100.0,2256.775414228687,,LOW_EVENT_COUNT,,,,,,,
Northwest,A20,April 20,Rainfed,990001,LS,Heat,flowering/silking proxy (ADAT ±7 d),H35,Tmax ≥ 35°C,≥35°C,4,18287,17751,536,97.068956089025,2112.8041800461947,7024.748134328358,ESTIMABLE,-761.8875310912238,761.8875310912238,10.845762958646894,96.07576878125582,573.5824844929647,950.1925776894828,2.1902314136506793e-15
Northwest,A20,April 20,Rainfed,990001,LS,Heat,flowering/silking proxy (ADAT ±7 d),H38,Tmax ≥ 38°C,≥38°C,5,18287,14499,3788,79.28583146497512,1746.3764397544658,4210.385427666315,ESTIMABLE,-621.0076246745359,621.0076246745359,14.749424615473767,39.53631199060988,543.5178770914015,698.4973722576703,1.3485741862754546e-55
Northwest,A20,April 20,Rainfed,990002,MS,Cold,late season before/on maturity,C0,Tmin ≤ 0°C,≤0°C,0,18962,0,18962,0.0,,2709.8409450479908,LOW_EVENT_COUNT,,,,,,,
Northwest,A20,April 20,Rainfed,990002,MS,Cold,late season before/on maturity,Cm2p2,Tmin ≤ −2.2°C,≤−2.2°C,1,18962,0,18962,0.0,,2709.8409450479908,LOW_EVENT_COUNT,,,,,,,
Northwest,A20,April 20,Rainfed,990002,MS,Cold,late season before/on maturity,Cm4,Tmin ≤ −4°C,≤−4°C,2,18962,0,18962,0.0,,2709.8409450479908,LOW_EVENT_COUNT,,,,,,,
Northwest,A20,April 20,Rainfed,990002,MS,Heat,flowering/silking proxy (ADAT ±7 d),H30,Tmax ≥ 30°C,≥30°C,3,18287,18287,0,100.0,2809.8651501066333,,LOW_EVENT_COUNT,,,,,,,
Northwest,A20,April 20,Rainfed,990002,MS,Heat,flowering/silking proxy (ADAT ±7 d),H35,Tmax ≥ 35°C,≥35°C,4,18287,17346,941,94.85426805927708,2671.629309350859,5358.046758767269,ESTIMABLE,-201.50098165283964,201.50098165283964,3.7607171181014323,66.23278435224815,71.68710972662521,331.3148535790541,0.0023476621418759007
Northwest,A20,April 20,Rainfed,990002,MS,Heat,flowering/silking proxy (ADAT ±7 d),H38,Tmax ≥ 38°C,≥38°C,5,18287,12846,5441,70.24662328430033,2219.274871555348,4204.226980334497,ESTIMABLE,-782.9150590698467,782.9150590698467,18.62209302047618,22.092224880517662,739.6150939656724,826.2150241740211,4.3635230014615734e-275
Northwest,A20,April 20,Rainfed,990003,SS,Cold,late season before/on maturity,C0,Tmin ≤ 0°C,≤0°C,0,18962,0,18962,0.0,,2251.0725661850015,LOW_EVENT_COUNT,,,,,,,
Northwest,A20,April 20,Rainfed,990003,SS,Cold,late season before/on maturity,Cm2p2,Tmin ≤ −2.2°C,≤−2.2°C,1,18962,0,18962,0.0,,2251.0725661850015,LOW_EVENT_COUNT,,,,,,,
Northwest,A20,April 20,Rainfed,990003,SS,Cold,late season before/on maturity,Cm4,Tmin ≤ −4°C,≤−4°C,2,18962,0,18962,0.0,,2251.0725661850015,LOW_EVENT_COUNT,,,,,,,
Northwest,A20,April 20,Rainfed,990003,SS,Heat,flowering/silking proxy (ADAT ±7 d),H30,Tmax ≥ 30°C,≥30°C,3,18287,18287,0,100.0,2334.1629572920656,,LOW_EVENT_COUNT,,,,,,,
Northwest,A20,April 20,Rainfed,990003,SS,Heat,flowering/silking proxy (ADAT ±7 d),H35,Tmax ≥ 35°C,≥35°C,4,18287,16145,2142,88.28676108711106,2219.3821616599566,3199.3057889822594,ESTIMABLE,-362.796357253545,362.796357253545,11.3398462411108,23.389392238981948,316.95399084485973,408.6387236622303,2.916116616185971e-54
Northwest,A20,April 20,Rainfed,990003,SS,Heat,flowering/silking proxy (ADAT ±7 d),H38,Tmax ≥ 38°C,≥38°C,5,18287,9896,8391,54.11494504292667,1655.7918350848827,3134.2059349302826,ESTIMABLE,-403.39472582012934,403.39472582012934,12.870715396341767,28.48841515630855,347.55845813713955,459.2309935031191,1.6209393669346872e-45
Northwest,A20,April 20,Rainfed,990004,VSS,Cold,late season before/on maturity,C0,Tmin ≤ 0°C,≤0°C,0,18962,0,18962,0.0,,2181.318637274549,LOW_EVENT_COUNT,,,,,,,
Northwest,A20,April 20,Rainfed,990004,VSS,Cold,late season before/on maturity,Cm2p2,Tmin ≤ −2.2°C,≤−2.2°C,1,18962,0,18962,0.0,,2181.318637274549,LOW_EVENT_COUNT,,,,,,,
Northwest,A20,April 20,Rainfed,990004,VSS,Cold,late season before/on maturity,Cm4,Tmin ≤ −4°C,≤−4°C,2,18962,0,18962,0.0,,2181.318637274549,LOW_EVENT_COUNT,,,,,,,
Northwest,A20,April 20,Rainfed,990004,VSS,Heat,flowering/silking proxy (ADAT ±7 d),H30,Tmax ≥ 30°C,≥30°C,3,18287,17161,1126,93.84262044075027,2270.936716974535,2123.107460035524,ESTIMABLE,152.81896759646872,-152.81896759646872,-7.197891320767708,20.454353081436768,-192.90876296315065,-112.72917222978678,7.94548110346368e-14
Northwest,A20,April 20,Rainfed,990004,VSS,Heat,flowering/silking proxy (ADAT ±7 d),H35,Tmax ≥ 35°C,≥35°C,4,18287,9387,8900,51.33154700060152,2074.6760413337593,2459.2337078651685,ESTIMABLE,115.87340529422066,-115.87340529422066,-4.7117687482743955,4.310653670695518,-124.32213123860926,-107.42467934983206,3.692586772288771e-159
Northwest,A20,April 20,Rainfed,990004,VSS,Heat,flowering/silking proxy (ADAT ±7 d),H38,Tmax ≥ 38°C,≥38°C,5,18287,3442,14845,18.822114070104444,1772.8730389308541,2375.2061300101045,ESTIMABLE,-147.48366706902323,147.48366706902323,6.209299698481151,12.151650694416368,123.66686935525601,171.30046478279044,6.730867829765358e-34
Northwest,A20,April 20,Irrigated,990001,LS,Cold,late season before/on maturity,C0,Tmin ≤ 0°C,≤0°C,0,18962,246,18716,1.297331505115494,6775.548780487805,6976.151634964736,ESTIMABLE,841.5321672776579,-841.5321672776579,-12.062985601687135,34.82179787252791,-909.7816369847461,-773.2826975705697,4.969770300023335e-129
Northwest,A20,April 20,Irrigated,990001,LS,Cold,late season before/on maturity,Cm2p2,Tmin ≤ −2.2°C,≤−2.2°C,1,18962,54,18908,0.284780086488767,7718.166666666667,6971.422572456103,ESTIMABLE,1090.5784132447052,-1090.5784132447052,-15.643556274347079,58.04280385087914,-1204.3402183541511,-976.8166081352593,9.254730511105935e-79
Northwest,A20,April 20,Irrigated,990001,LS,Cold,late season before/on maturity,Cm4,Tmin ≤ −4°C,≤−4°C,2,18962,0,18962,0.0,,6973.549150933446,LOW_EVENT_COUNT,,,,,,,
Northwest,A20,April 20,Irrigated,990001,LS,Heat,flowering/silking proxy (ADAT ±7 d),H30,Tmax ≥ 30°C,≥30°C,3,18962,18962,0,100.0,6973.549150933446,,LOW_EVENT_COUNT,,,,,,,
Northwest,A20,April 20,Irrigated,990001,LS,Heat,flowering/silking proxy (ADAT ±7 d),H35,Tmax ≥ 35°C,≥35°C,4,18962,18426,536,97.17329395633372,6913.811027895365,9027.158582089553,ESTIMABLE,-200.77869128174504,200.77869128174504,2.2241626693044094,55.909378532857964,91.19832295932659,310.35905960416346,0.00032922825798237866
Northwest,A20,April 20,Irrigated,990001,LS,Heat,flowering/silking proxy (ADAT ±7 d),H38,Tmax ≥ 38°C,≥38°C,5,18962,15165,3797,79.9757409555954,6743.040685789647,7894.186726362918,ESTIMABLE,-15.120942498921183,15.120942498921183,0.1915452854494087,21.405429433086912,-26.83292826354279,57.07481326138515,0.47993514711457747
Northwest,A20,April 20,Irrigated,990002,MS,Cold,late season before/on maturity,C0,Tmin ≤ 0°C,≤0°C,0,18962,0,18962,0.0,,7974.529110853286,LOW_EVENT_COUNT,,,,,,,
Northwest,A20,April 20,Irrigated,990002,MS,Cold,late season before/on maturity,Cm2p2,Tmin ≤ −2.2°C,≤−2.2°C,1,18962,0,18962,0.0,,7974.529110853286,LOW_EVENT_COUNT,,,,,,,
Northwest,A20,April 20,Irrigated,990002,MS,Cold,late season before/on maturity,Cm4,Tmin ≤ −4°C,≤−4°C,2,18962,0,18962,0.0,,7974.529110853286,LOW_EVENT_COUNT,,,,,,,
Northwest,A20,April 20,Irrigated,990002,MS,Heat,flowering/silking proxy (ADAT ±7 d),H30,Tmax ≥ 30°C,≥30°C,3,18962,18962,0,100.0,7974.529110853286,,LOW_EVENT_COUNT,,,,,,,
Northwest,A20,April 20,Irrigated,990002,MS,Heat,flowering/silking proxy (ADAT ±7 d),H35,Tmax ≥ 35°C,≥35°C,4,18962,18018,944,95.02162219175193,7920.662837162838,9002.667372881357,ESTIMABLE,-133.98237550499147,133.98237550499147,1.4882519808360932,19.23054298710907,96.29120384710838,171.67354716287457,3.233901848795726e-12
Northwest,A20,April 20,Irrigated,990002,MS,Heat,flowering/silking proxy (ADAT ±7 d),H38,Tmax ≥ 38°C,≥38°C,5,18962,13267,5695,69.96624828604578,7704.854149393232,8602.76049165935,ESTIMABLE,-11.029937223406728,11.029937223406728,0.1282139289371197,11.278396589962666,-11.075313896279456,33.13518834309291,0.3280889991830433
Northwest,A20,April 20,Irrigated,990003,SS,Cold,late season before/on maturity,C0,Tmin ≤ 0°C,≤0°C,0,18962,0,18962,0.0,,4701.179675139753,LOW_EVENT_COUNT,,,,,,,
Northwest,A20,April 20,Irrigated,990003,SS,Cold,late season before/on maturity,Cm2p2,Tmin ≤ −2.2°C,≤−2.2°C,1,18962,0,18962,0.0,,4701.179675139753,LOW_EVENT_COUNT,,,,,,,
Northwest,A20,April 20,Irrigated,990003,SS,Cold,late season before/on maturity,Cm4,Tmin ≤ −4°C,≤−4°C,2,18962,0,18962,0.0,,4701.179675139753,LOW_EVENT_COUNT,,,,,,,
Northwest,A20,April 20,Irrigated,990003,SS,Heat,flowering/silking proxy (ADAT ±7 d),H30,Tmax ≥ 30°C,≥30°C,3,18962,18962,0,100.0,4701.179675139753,,LOW_EVENT_COUNT,,,,,,,
Northwest,A20,April 20,Irrigated,990003,SS,Heat,flowering/silking proxy (ADAT ±7 d),H35,Tmax ≥ 35°C,≥35°C,4,18962,16720,2242,88.17635270541082,4734.837141148325,4450.174843889385,ESTIMABLE,-63.96773636061656,63.96773636061656,1.4374207442310232,9.443642147643013,45.45853786835177,82.47693485288136,1.255907479811994e-11
Northwest,A20,April 20,Irrigated,990003,SS,Heat,flowering/silking proxy (ADAT ±7 d),H38,Tmax ≥ 38°C,≥38°C,5,18962,10217,8745,53.881447104735784,4551.68434961339,4875.838765008576,ESTIMABLE,-109.34849019371381,109.34849019371381,2.2426600932428795,10.503985162893649,88.76105758029917,129.93592280712846,2.2277460255852044e-25
Northwest,A20,April 20,Irrigated,990004,VSS,Cold,late season before/on maturity,C0,Tmin ≤ 0°C,≤0°C,0,18962,0,18962,0.0,,2777.9015926590023,LOW_EVENT_COUNT,,,,,,,
Northwest,A20,April 20,Irrigated,990004,VSS,Cold,late season before/on maturity,Cm2p2,Tmin ≤ −2.2°C,≤−2.2°C,1,18962,0,18962,0.0,,2777.9015926590023,LOW_EVENT_COUNT,,,,,,,
Northwest,A20,April 20,Irrigated,990004,VSS,Cold,late season before/on maturity,Cm4,Tmin ≤ −4°C,≤−4°C,2,18962,0,18962,0.0,,2777.9015926590023,LOW_EVENT_COUNT,,,,,,,
Northwest,A20,April 20,Irrigated,990004,VSS,Heat,flowering/silking proxy (ADAT ±7 d),H30,Tmax ≥ 30°C,≥30°C,3,18962,17836,1126,94.06180782617868,2801.377831352321,2406.0346358792185,ESTIMABLE,51.807972277406286,-51.807972277406286,-2.1532513083908498,16.66230314141797,-84.46548633407411,-19.150458220738464,0.0018753603253554556
Northwest,A20,April 20,Irrigated,990004,VSS,Heat,flowering/silking proxy (ADAT ±7 d),H35,Tmax ≥ 35°C,≥35°C,4,18962,9946,9016,52.452272966986605,2847.6900261411624,2700.914485359361,ESTIMABLE,106.3310101162309,-106.3310101162309,-3.936852154802057,3.9767290476286963,-114.12525582585741,-98.53676440660439,1.688756987782844e-157
Northwest,A20,April 20,Irrigated,990004,VSS,Heat,flowering/silking proxy (ADAT ±7 d),H38,Tmax ≥ 38°C,≥38°C,5,18962,3885,15077,20.488345111275184,3044.8651222651224,2709.1111626981497,ESTIMABLE,80.61951505094093,-80.61951505094093,-2.9758658914035707,6.425668535161502,-93.21359395644973,-68.02543614543214,4.155821141312552e-36
Northcentral,A20,April 20,Rainfed,990001,LS,Cold,late season before/on maturity,C0,Tmin ≤ 0°C,≤0°C,0,19456,147,19309,0.7555509868421053,6375.040816326531,3103.135895178414,ESTIMABLE,837.7467310628094,-837.7467310628094,-26.99677872195292,71.66702121657214,-978.2115115265588,-697.2819505990601,1.4434969945464034e-31
Northcentral,A20,April 20,Rainfed,990001,LS,Cold,late season before/on maturity,Cm2p2,Tmin ≤ −2.2°C,≤−2.2°C,1,19456,24,19432,0.12335526315789473,3678.0416666666665,3127.177284890902,ESTIMABLE,319.305530940777,-319.305530940777,-10.2106629030441,56.500645830331585,-430.0447618714801,-208.5663000100739,1.5918263462578005e-08
Northcentral,A20,April 20,Rainfed,990001,LS,Cold,late season before/on maturity,Cm4,Tmin ≤ −4°C,≤−4°C,2,19456,0,19456,0.0,,3127.856805098684,LOW_EVENT_COUNT,,,,,,,
Northcentral,A20,April 20,Rainfed,990001,LS,Heat,flowering/silking proxy (ADAT ±7 d),H30,Tmax ≥ 30°C,≥30°C,3,19155,19155,0,100.0,3177.0076742364918,,LOW_EVENT_COUNT,,,,,,,
Northcentral,A20,April 20,Rainfed,990001,LS,Heat,flowering/silking proxy (ADAT ±7 d),H35,Tmax ≥ 35°C,≥35°C,4,19155,17435,1720,91.02062124771601,2822.2660739891026,6772.891279069768,ESTIMABLE,-348.92423149892176,348.92423149892176,5.151776650796101,41.219786787835595,268.134933944344,429.7135290534995,2.5622007805157273e-17
Northcentral,A20,April 20,Rainfed,990001,LS,Heat,flowering/silking proxy (ADAT ±7 d),H38,Tmax ≥ 38°C,≥38°C,5,19155,12780,6375,66.71887235708692,2119.709467918623,5296.579607843138,ESTIMABLE,-803.9737128464992,803.9737128464992,15.179111282609265,31.911027237696842,741.4292487509367,866.5181769420617,4.6337285723633425e-140
Northcentral,A20,April 20,Rainfed,990002,MS,Cold,late season before/on maturity,C0,Tmin ≤ 0°C,≤0°C,0,19456,0,19456,0.0,,4064.0632195723683,LOW_EVENT_COUNT,,,,,,,
Northcentral,A20,April 20,Rainfed,990002,MS,Cold,late season before/on maturity,Cm2p2,Tmin ≤ −2.2°C,≤−2.2°C,1,19456,0,19456,0.0,,4064.0632195723683,LOW_EVENT_COUNT,,,,,,,
Northcentral,A20,April 20,Rainfed,990002,MS,Cold,late season before/on maturity,Cm4,Tmin ≤ −4°C,≤−4°C,2,19456,0,19456,0.0,,4064.0632195723683,LOW_EVENT_COUNT,,,,,,,
Northcentral,A20,April 20,Rainfed,990002,MS,Heat,flowering/silking proxy (ADAT ±7 d),H30,Tmax ≥ 30°C,≥30°C,3,19155,19155,0,100.0,4127.925554685461,,LOW_EVENT_COUNT,,,,,,,
Northcentral,A20,April 20,Rainfed,990002,MS,Heat,flowering/silking proxy (ADAT ±7 d),H35,Tmax ≥ 35°C,≥35°C,4,19155,15226,3929,79.48838423388149,3407.270852489163,6920.668872486638,ESTIMABLE,-256.03134524714454,256.03134524714454,3.699517343836607,36.99187777799305,183.5285970817706,328.5340934125185,4.475636128119756e-12
Northcentral,A20,April 20,Rainfed,990002,MS,Heat,flowering/silking proxy (ADAT ±7 d),H38,Tmax ≥ 38°C,≥38°C,5,19155,9174,9981,47.89350039154268,2504.8568781338568,5619.763250175333,ESTIMABLE,-763.2783824582549,763.2783824582549,13.582038041094366,25.15533719683254,713.9748275335023,812.5819373830075,3.1456362093571113e-202
Northcentral,A20,April 20,Rainfed,990003,SS,Cold,late season before/on maturity,C0,Tmin ≤ 0°C,≤0°C,0,19456,0,19456,0.0,,3160.474249588816,LOW_EVENT_COUNT,,,,,,,
Northcentral,A20,April 20,Rainfed,990003,SS,Cold,late season before/on maturity,Cm2p2,Tmin ≤ −2.2°C,≤−2.2°C,1,19456,0,19456,0.0,,3160.474249588816,LOW_EVENT_COUNT,,,,,,,
Northcentral,A20,April 20,Rainfed,990003,SS,Cold,late season before/on maturity,Cm4,Tmin ≤ −4°C,≤−4°C,2,19456,0,19456,0.0,,3160.474249588816,LOW_EVENT_COUNT,,,,,,,
Northcentral,A20,April 20,Rainfed,990003,SS,Heat,flowering/silking proxy (ADAT ±7 d),H30,Tmax ≥ 30°C,≥30°C,3,19155,18933,222,98.84103367267032,3199.146516664026,4147.504504504504,ESTIMABLE,-328.95648056204317,328.95648056204317,7.931431544071175,28.902161163889193,272.3092856054481,385.6036755186382,5.156884507178127e-30
Northcentral,A20,April 20,Rainfed,990003,SS,Heat,flowering/silking proxy (ADAT ±7 d),H35,Tmax ≥ 35°C,≥35°C,4,19155,12354,6801,64.49490994518402,2755.2560304354865,4036.4290545508015,ESTIMABLE,-421.05317797988505,421.05317797988505,10.431328589937088,17.505389718606008,386.74324459607953,455.36311136369056,7.80814210971007e-128
Northcentral,A20,April 20,Rainfed,990003,SS,Heat,flowering/silking proxy (ADAT ±7 d),H38,Tmax ≥ 38°C,≥38°C,5,19155,4664,14491,24.34873401200731,2066.2382075471696,3578.307363190946,ESTIMABLE,-506.40471082123304,506.40471082123304,14.152074135119795,18.43837357214674,470.2661626863303,542.5432589561358,4.6356319578854466e-166
Northcentral,A20,April 20,Rainfed,990004,VSS,Cold,late season before/on maturity,C0,Tmin ≤ 0°C,≤0°C,0,19456,0,19456,0.0,,2588.1421669407896,LOW_EVENT_COUNT,,,,,,,
Northcentral,A20,April 20,Rainfed,990004,VSS,Cold,late season before/on maturity,Cm2p2,Tmin ≤ −2.2°C,≤−2.2°C,1,19456,0,19456,0.0,,2588.1421669407896,LOW_EVENT_COUNT,,,,,,,
Northcentral,A20,April 20,Rainfed,990004,VSS,Cold,late season before/on maturity,Cm4,Tmin ≤ −4°C,≤−4°C,2,19456,0,19456,0.0,,2588.1421669407896,LOW_EVENT_COUNT,,,,,,,
Northcentral,A20,April 20,Rainfed,990004,VSS,Heat,flowering/silking proxy (ADAT ±7 d),H30,Tmax ≥ 30°C,≥30°C,3,19155,16214,2941,84.64630644740276,2621.0899222893795,2671.3845630737846,ESTIMABLE,67.82651268097894,-67.82651268097894,-2.539002194537483,7.74875994853337,-83.01380310495078,-52.63922225700709,2.0737076704116327e-18
Northcentral,A20,April 20,Rainfed,990004,VSS,Heat,flowering/silking proxy (ADAT ±7 d),H35,Tmax ≥ 35°C,≥35°C,4,19155,6371,12784,33.260245366744975,2535.997017736619,2675.0670369211516,ESTIMABLE,-194.9179083987478,194.9179083987478,7.2864681784979535,9.41188863567875,176.47094564631564,213.36487115117998,2.8289113186161813e-95
Northcentral,A20,April 20,Rainfed,990004,VSS,Heat,flowering/silking proxy (ADAT ±7 d),H38,Tmax ≥ 38°C,≥38°C,5,19155,1381,17774,7.209605847037327,2230.48660391021,2659.7609992123325,ESTIMABLE,-273.9963254805342,273.9963254805342,10.301539332356407,17.10313384287039,240.4747991257401,307.5178518353283,9.2291926211996e-58
Northcentral,A20,April 20,Irrigated,990001,LS,Cold,late season before/on maturity,C0,Tmin ≤ 0°C,≤0°C,0,19456,147,19309,0.7555509868421053,8196.122448979591,6257.588223108395,ESTIMABLE,541.5521609192109,-541.5521609192109,-8.65432722017941,43.35685803187361,-626.5300411444994,-456.57428069392245,8.404222292822544e-36
Northcentral,A20,April 20,Irrigated,990001,LS,Cold,late season before/on maturity,Cm2p2,Tmin ≤ −2.2°C,≤−2.2°C,1,19456,24,19432,0.12335526315789473,6417.125,6272.055887196377,ESTIMABLE,-341.6641005759859,341.6641005759859,5.4474020436177994,37.73627442064923,267.7023618007933,415.6258393511785,1.378291096992776e-19
Northcentral,A20,April 20,Irrigated,990001,LS,Cold,late season before/on maturity,Cm4,Tmin ≤ −4°C,≤−4°C,2,19456,0,19456,0.0,,6272.234837582237,LOW_EVENT_COUNT,,,,,,,
Northcentral,A20,April 20,Irrigated,990001,LS,Heat,flowering/silking proxy (ADAT ±7 d),H30,Tmax ≥ 30°C,≥30°C,3,19456,19456,0,100.0,6272.234837582237,,LOW_EVENT_COUNT,,,,,,,
Northcentral,A20,April 20,Irrigated,990001,LS,Heat,flowering/silking proxy (ADAT ±7 d),H35,Tmax ≥ 35°C,≥35°C,4,19456,17723,1733,91.09272203947368,6133.017434971506,7695.979803808425,ESTIMABLE,-71.02516224643165,71.02516224643165,0.9228865467043482,20.748135364867306,30.359564184929916,111.69076030793337,0.0006188692960739389
Northcentral,A20,April 20,Irrigated,990001,LS,Heat,flowering/silking proxy (ADAT ±7 d),H38,Tmax ≥ 38°C,≥38°C,5,19456,12980,6476,66.71463815789474,5858.983513097072,7100.524243360099,ESTIMABLE,1.8435994157179596,-1.8435994157179596,-0.025964271827421215,14.861573997835347,-30.971749205052188,27.284550373616266,0.9012745590950041
Northcentral,A20,April 20,Irrigated,990002,MS,Cold,late season before/on maturity,C0,Tmin ≤ 0°C,≤0°C,0,19456,0,19456,0.0,,7064.59375,LOW_EVENT_COUNT,,,,,,,
Northcentral,A20,April 20,Irrigated,990002,MS,Cold,late season before/on maturity,Cm2p2,Tmin ≤ −2.2°C,≤−2.2°C,1,19456,0,19456,0.0,,7064.59375,LOW_EVENT_COUNT,,,,,,,
Northcentral,A20,April 20,Irrigated,990002,MS,Cold,late season before/on maturity,Cm4,Tmin ≤ −4°C,≤−4°C,2,19456,0,19456,0.0,,7064.59375,LOW_EVENT_COUNT,,,,,,,
Northcentral,A20,April 20,Irrigated,990002,MS,Heat,flowering/silking proxy (ADAT ±7 d),H30,Tmax ≥ 30°C,≥30°C,3,19456,19456,0,100.0,7064.59375,,LOW_EVENT_COUNT,,,,,,,
Northcentral,A20,April 20,Irrigated,990002,MS,Heat,flowering/silking proxy (ADAT ±7 d),H35,Tmax ≥ 35°C,≥35°C,4,19456,15431,4025,79.31229440789474,6819.5877778497825,8003.894906832298,ESTIMABLE,105.63155614361534,-105.63155614361534,-1.3197519129523547,16.46348093777906,-137.89938584182403,-73.36372644540667,1.3979758160960804e-10
Northcentral,A20,April 20,Irrigated,990002,MS,Heat,flowering/silking proxy (ADAT ±7 d),H38,Tmax ≥ 38°C,≥38°C,5,19456,9107,10349,46.80818256578947,6317.510486439003,7722.018359261764,ESTIMABLE,-100.3906381376845,100.3906381376845,1.3000569730228146,11.583816051671647,77.68677587287111,123.0945004024979,4.457768503501694e-18
Northcentral,A20,April 20,Irrigated,990003,SS,Cold,late season before/on maturity,C0,Tmin ≤ 0°C,≤0°C,0,19456,0,19456,0.0,,4245.990285773027,LOW_EVENT_COUNT,,,,,,,
Northcentral,A20,April 20,Irrigated,990003,SS,Cold,late season before/on maturity,Cm2p2,Tmin ≤ −2.2°C,≤−2.2°C,1,19456,0,19456,0.0,,4245.990285773027,LOW_EVENT_COUNT,,,,,,,
Northcentral,A20,April 20,Irrigated,990003,SS,Cold,late season before/on maturity,Cm4,Tmin ≤ −4°C,≤−4°C,2,19456,0,19456,0.0,,4245.990285773027,LOW_EVENT_COUNT,,,,,,,
Northcentral,A20,April 20,Irrigated,990003,SS,Heat,flowering/silking proxy (ADAT ±7 d),H30,Tmax ≥ 30°C,≥30°C,3,19456,19198,258,98.67393092105263,4245.915668298781,4251.542635658915,ESTIMABLE,-491.2286556087155,491.2286556087155,11.554127471018143,26.992987961967067,438.3233713681368,544.1339398492942,5.315655543140418e-74
Northcentral,A20,April 20,Irrigated,990003,SS,Heat,flowering/silking proxy (ADAT ±7 d),H35,Tmax ≥ 35°C,≥35°C,4,19456,12488,6968,64.18585526315789,4132.13637091608,4450.038461538462,ESTIMABLE,-129.08433694920438,129.08433694920438,2.900746545560811,9.696907241809908,110.07874799383133,148.08992590457743,1.973760574833575e-40
Northcentral,A20,April 20,Irrigated,990003,SS,Heat,flowering/silking proxy (ADAT ±7 d),H38,Tmax ≥ 38°C,≥38°C,5,19456,4645,14811,23.87438322368421,4096.880301399354,4292.753899129026,ESTIMABLE,-105.66892869018605,105.66892869018605,2.4615650273272283,10.371634563468447,85.34089848497709,125.99695889539501,2.2372842987028443e-24
Northcentral,A20,April 20,Irrigated,990004,VSS,Cold,late season before/on maturity,C0,Tmin ≤ 0°C,≤0°C,0,19456,0,19456,0.0,,2763.6537314967104,LOW_EVENT_COUNT,,,,,,,
Northcentral,A20,April 20,Irrigated,990004,VSS,Cold,late season before/on maturity,Cm2p2,Tmin ≤ −2.2°C,≤−2.2°C,1,19456,0,19456,0.0,,2763.6537314967104,LOW_EVENT_COUNT,,,,,,,
Northcentral,A20,April 20,Irrigated,990004,VSS,Cold,late season before/on maturity,Cm4,Tmin ≤ −4°C,≤−4°C,2,19456,0,19456,0.0,,2763.6537314967104,LOW_EVENT_COUNT,,,,,,,
Northcentral,A20,April 20,Irrigated,990004,VSS,Heat,flowering/silking proxy (ADAT ±7 d),H30,Tmax ≥ 30°C,≥30°C,3,19456,16515,2941,84.88384046052632,2773.393642143506,2708.9598775926556,ESTIMABLE,33.12569731660298,-33.12569731660298,-1.222819783733396,6.194434859826109,-45.266566546441574,-20.984828086764388,8.910135492979153e-08
Northcentral,A20,April 20,Irrigated,990004,VSS,Heat,flowering/silking proxy (ADAT ±7 d),H35,Tmax ≥ 35°C,≥35°C,4,19456,6635,12821,34.102590460526315,2840.653353428787,2723.8056313860075,ESTIMABLE,-20.60612813447694,20.60612813447694,0.756519771346222,4.779725299243056,11.238038691965617,29.974217576988263,1.6240531478398645e-05
Northcentral,A20,April 20,Irrigated,990004,VSS,Heat,flowering/silking proxy (ADAT ±7 d),H38,Tmax ≥ 38°C,≥38°C,5,19456,1628,17828,8.367598684210526,2808.958845208845,2759.516603096253,ESTIMABLE,-118.30441677005253,118.30441677005253,4.287142778460247,8.849034950724732,100.96062696869588,135.64820657140916,9.15339443432286e-41
Northeast,A20,April 20,Rainfed,990001,LS,Cold,late season before/on maturity,C0,Tmin ≤ 0°C,≤0°C,0,17746,314,17432,1.769412825425448,7964.847133757962,4895.942175309775,ESTIMABLE,1237.3268330576004,-1237.3268330576004,-25.272496870927863,51.66524861166768,-1338.588859588777,-1136.0648065264238,9.483044595618126e-127
Northeast,A20,April 20,Rainfed,990001,LS,Cold,late season before/on maturity,Cm2p2,Tmin ≤ −2.2°C,≤−2.2°C,1,17746,0,17746,0.0,,4950.243773244675,LOW_EVENT_COUNT,,,,,,,
Northeast,A20,April 20,Rainfed,990001,LS,Cold,late season before/on maturity,Cm4,Tmin ≤ −4°C,≤−4°C,2,17746,0,17746,0.0,,4950.243773244675,LOW_EVENT_COUNT,,,,,,,
Northeast,A20,April 20,Rainfed,990001,LS,Heat,flowering/silking proxy (ADAT ±7 d),H30,Tmax ≥ 30°C,≥30°C,3,17746,17718,28,99.84221796461175,4948.198950220115,6244.178571428572,ESTIMABLE,-711.1357287974589,711.1357287974589,11.388779495375033,67.61999444994898,578.6029750407606,843.6684825541572,7.240320071351887e-26
Northeast,A20,April 20,Rainfed,990001,LS,Heat,flowering/silking proxy (ADAT ±7 d),H35,Tmax ≥ 35°C,≥35°C,4,17746,11792,5954,66.44877718922574,3755.103629579376,7317.239502855224,ESTIMABLE,-802.182850091736,802.182850091736,10.962916408281023,25.421132194129115,752.3583465450113,852.0073536384607,1.495371525244395e-218
Northeast,A20,April 20,Rainfed,990001,LS,Heat,flowering/silking proxy (ADAT ±7 d),H38,Tmax ≥ 38°C,≥38°C,5,17746,8052,9694,45.37360531950862,2811.888350720318,6726.397874974211,ESTIMABLE,-1267.722562430145,1267.722562430145,18.846975543132075,31.541245193977907,1205.9028578224013,1329.5422670378887,0.0
Northeast,A20,April 20,Rainfed,990002,MS,Cold,late season before/on maturity,C0,Tmin ≤ 0°C,≤0°C,0,17746,0,17746,0.0,,6259.340076636989,LOW_EVENT_COUNT,,,,,,,
Northeast,A20,April 20,Rainfed,990002,MS,Cold,late season before/on maturity,Cm2p2,Tmin ≤ −2.2°C,≤−2.2°C,1,17746,0,17746,0.0,,6259.340076636989,LOW_EVENT_COUNT,,,,,,,
Northeast,A20,April 20,Rainfed,990002,MS,Cold,late season before/on maturity,Cm4,Tmin ≤ −4°C,≤−4°C,2,17746,0,17746,0.0,,6259.340076636989,LOW_EVENT_COUNT,,,,,,,
Northeast,A20,April 20,Rainfed,990002,MS,Heat,flowering/silking proxy (ADAT ±7 d),H30,Tmax ≥ 30°C,≥30°C,3,17746,17711,35,99.80277245576468,6251.257692959178,10349.257142857143,ESTIMABLE,-365.8749805906098,365.8749805906098,3.5352777067978227,52.35573560429302,263.25962442209413,468.4903367591255,2.7833567339110876e-12
Northeast,A20,April 20,Rainfed,990002,MS,Heat,flowering/silking proxy (ADAT ±7 d),H35,Tmax ≥ 35°C,≥35°C,4,17746,8072,9674,45.48630677335738,4797.871407333994,7478.79170973744,ESTIMABLE,-702.7659733360665,702.7659733360665,9.396784943496424,25.34378492088347,653.0930676592056,752.4388790129274,3.0945816031055196e-169
Northeast,A20,April 20,Rainfed,990002,MS,Heat,flowering/silking proxy (ADAT ±7 d),H38,Tmax ≥ 38°C,≥38°C,5,17746,3001,14745,16.910853150005636,3654.3195601466177,6789.5310952865375,ESTIMABLE,-679.5054871169776,679.5054871169776,10.008135725141717,45.75019133779406,589.8367598090849,769.1742144248703,6.700504926455933e-50
Northeast,A20,April 20,Rainfed,990003,SS,Cold,late season before/on maturity,C0,Tmin ≤ 0°C,≤0°C,0,17746,0,17746,0.0,,4185.769525526879,LOW_EVENT_COUNT,,,,,,,
Northeast,A20,April 20,Rainfed,990003,SS,Cold,late season before/on maturity,Cm2p2,Tmin ≤ −2.2°C,≤−2.2°C,1,17746,0,17746,0.0,,4185.769525526879,LOW_EVENT_COUNT,,,,,,,
Northeast,A20,April 20,Rainfed,990003,SS,Cold,late season before/on maturity,Cm4,Tmin ≤ −4°C,≤−4°C,2,17746,0,17746,0.0,,4185.769525526879,LOW_EVENT_COUNT,,,,,,,
Northeast,A20,April 20,Rainfed,990003,SS,Heat,flowering/silking proxy (ADAT ±7 d),H30,Tmax ≥ 30°C,≥30°C,3,17746,16610,1136,93.59855742139074,4150.627332931968,4699.600352112676,ESTIMABLE,-110.42758506540012,110.42758506540012,2.3497228868782023,12.164434469647395,86.58573161259363,134.2694385182066,1.106843256602762e-19
Northeast,A20,April 20,Rainfed,990003,SS,Heat,flowering/silking proxy (ADAT ±7 d),H35,Tmax ≥ 35°C,≥35°C,4,17746,3863,13883,21.76828581088696,3301.610924152213,4431.790175034214,ESTIMABLE,-297.28585966958883,297.28585966958883,6.708031019706246,15.138173240694508,267.6155853260996,326.95613401307804,7.299622743112155e-86
Northeast,A20,April 20,Rainfed,990003,SS,Heat,flowering/silking proxy (ADAT ±7 d),H38,Tmax ≥ 38°C,≥38°C,5,17746,796,16950,4.485517863180435,1404.9158291457286,4316.363008849557,ESTIMABLE,-530.8039323505044,530.8039323505044,12.297481265181629,38.35723513717078,455.6251329351154,605.9827317658934,1.4943382309416572e-43
Northeast,A20,April 20,Rainfed,990004,VSS,Cold,late season before/on maturity,C0,Tmin ≤ 0°C,≤0°C,0,17746,0,17746,0.0,,2746.9124873210862,LOW_EVENT_COUNT,,,,,,,
Northeast,A20,April 20,Rainfed,990004,VSS,Cold,late season before/on maturity,Cm2p2,Tmin ≤ −2.2°C,≤−2.2°C,1,17746,0,17746,0.0,,2746.9124873210862,LOW_EVENT_COUNT,,,,,,,
Northeast,A20,April 20,Rainfed,990004,VSS,Cold,late season before/on maturity,Cm4,Tmin ≤ −4°C,≤−4°C,2,17746,0,17746,0.0,,2746.9124873210862,LOW_EVENT_COUNT,,,,,,,
Northeast,A20,April 20,Rainfed,990004,VSS,Heat,flowering/silking proxy (ADAT ±7 d),H30,Tmax ≥ 30°C,≥30°C,3,17746,11250,6496,63.39456778992449,2759.6983111111113,2724.769550492611,ESTIMABLE,37.46165310025504,-37.46165310025504,-1.3748558329816316,10.378968802458461,-57.80405814973844,-17.119248050771642,0.00030692849920696736
Northeast,A20,April 20,Rainfed,990004,VSS,Heat,flowering/silking proxy (ADAT ±7 d),H35,Tmax ≥ 35°C,≥35°C,4,17746,2144,15602,12.081595852586497,3027.3600746268658,2708.373862325343,ESTIMABLE,-75.94984054603964,75.94984054603964,2.804259840287743,11.791862015041648,52.838215685892095,99.06146540618718,1.1879123634786463e-10
Northeast,A20,April 20,Rainfed,990004,VSS,Heat,flowering/silking proxy (ADAT ±7 d),H38,Tmax ≥ 38°C,≥38°C,5,17746,81,17665,0.4564408880874563,2939.061728395062,2746.0314180583073,ESTIMABLE,-313.9739515349701,313.9739515349701,11.433734860796973,37.3342527532716,240.80016074884244,387.1477423210978,4.106773602218868e-17
Northeast,A20,April 20,Irrigated,990001,LS,Cold,late season before/on maturity,C0,Tmin ≤ 0°C,≤0°C,0,17746,314,17432,1.769412825425448,8101.665605095542,6744.533042680128,ESTIMABLE,690.9179672257676,-690.9179672257676,-10.2441186491869,31.910796942686634,-753.4619799514043,-628.3739545001309,5.878017349540623e-104
Northeast,A20,April 20,Irrigated,990001,LS,Cold,late season before/on maturity,Cm2p2,Tmin ≤ −2.2°C,≤−2.2°C,1,17746,0,17746,0.0,,6768.546320297532,LOW_EVENT_COUNT,,,,,,,
Northeast,A20,April 20,Irrigated,990001,LS,Cold,late season before/on maturity,Cm4,Tmin ≤ −4°C,≤−4°C,2,17746,0,17746,0.0,,6768.546320297532,LOW_EVENT_COUNT,,,,,,,
Northeast,A20,April 20,Irrigated,990001,LS,Heat,flowering/silking proxy (ADAT ±7 d),H30,Tmax ≥ 30°C,≥30°C,3,17746,17718,28,99.84221796461175,6769.348854272491,6260.714285714285,ESTIMABLE,341.87313216242575,-341.87313216242575,-5.460609070477993,29.841594916280272,-400.3615834395687,-283.3846808852828,2.1875347675201956e-30
Northeast,A20,April 20,Irrigated,990001,LS,Heat,flowering/silking proxy (ADAT ±7 d),H35,Tmax ≥ 35°C,≥35°C,4,17746,11792,5954,66.44877718922574,6278.193266621438,7739.699025864965,ESTIMABLE,-75.65229318842844,75.65229318842844,0.9774578176180925,10.93934927066274,54.21156260362497,97.09302377323192,4.6584839044009155e-12
Northeast,A20,April 20,Irrigated,990001,LS,Heat,flowering/silking proxy (ADAT ±7 d),H38,Tmax ≥ 38°C,≥38°C,5,17746,8052,9694,45.37360531950862,5841.11997019374,7538.882298328863,ESTIMABLE,-255.51384633277286,255.51384633277286,3.389280217167104,15.823390232649672,224.50057136345663,286.5271213020891,1.1757558386949907e-58
Northeast,A20,April 20,Irrigated,990002,MS,Cold,late season before/on maturity,C0,Tmin ≤ 0°C,≤0°C,0,17746,0,17746,0.0,,7556.062774709793,LOW_EVENT_COUNT,,,,,,,
Northeast,A20,April 20,Irrigated,990002,MS,Cold,late season before/on maturity,Cm2p2,Tmin ≤ −2.2°C,≤−2.2°C,1,17746,0,17746,0.0,,7556.062774709793,LOW_EVENT_COUNT,,,,,,,
Northeast,A20,April 20,Irrigated,990002,MS,Cold,late season before/on maturity,Cm4,Tmin ≤ −4°C,≤−4°C,2,17746,0,17746,0.0,,7556.062774709793,LOW_EVENT_COUNT,,,,,,,
Northeast,A20,April 20,Irrigated,990002,MS,Heat,flowering/silking proxy (ADAT ±7 d),H30,Tmax ≥ 30°C,≥30°C,3,17746,17711,35,99.80277245576468,7550.542939416182,10349.257142857143,ESTIMABLE,-501.5196352446284,501.5196352446284,4.8459481518513385,32.21183726219284,438.3855943348651,564.6536761543916,1.1746685008643134e-54
Northeast,A20,April 20,Irrigated,990002,MS,Heat,flowering/silking proxy (ADAT ±7 d),H35,Tmax ≥ 35°C,≥35°C,4,17746,8071,9675,45.480671700664935,7007.243216453971,8013.894573643411,ESTIMABLE,-159.92374172951722,159.92374172951722,1.9955808035644025,13.113875369445102,134.2210183076579,185.62646515137652,3.304942311582866e-34
Northeast,A20,April 20,Irrigated,990002,MS,Heat,flowering/silking proxy (ADAT ±7 d),H38,Tmax ≥ 38°C,≥38°C,5,17746,3001,14745,16.910853150005636,6149.423525491503,7842.351305527297,ESTIMABLE,-200.60873640974478,200.60873640974478,2.5580177244591877,16.143972902295076,168.96713095385587,232.2503418656337,1.8830529449161788e-35
Northeast,A20,April 20,Irrigated,990003,SS,Cold,late season before/on maturity,C0,Tmin ≤ 0°C,≤0°C,0,17746,0,17746,0.0,,4544.388369209963,LOW_EVENT_COUNT,,,,,,,
Northeast,A20,April 20,Irrigated,990003,SS,Cold,late season before/on maturity,Cm2p2,Tmin ≤ −2.2°C,≤−2.2°C,1,17746,0,17746,0.0,,4544.388369209963,LOW_EVENT_COUNT,,,,,,,
Northeast,A20,April 20,Irrigated,990003,SS,Cold,late season before/on maturity,Cm4,Tmin ≤ −4°C,≤−4°C,2,17746,0,17746,0.0,,4544.388369209963,LOW_EVENT_COUNT,,,,,,,
Northeast,A20,April 20,Irrigated,990003,SS,Heat,flowering/silking proxy (ADAT ±7 d),H30,Tmax ≥ 30°C,≥30°C,3,17746,16610,1136,93.59855742139074,4533.611137868754,4701.967429577465,ESTIMABLE,-70.879873455056,70.879873455056,1.5074513917129688,10.9931572726151,49.33368112434583,92.42606578576617,1.1360842714626674e-10
Northeast,A20,April 20,Irrigated,990003,SS,Heat,flowering/silking proxy (ADAT ±7 d),H35,Tmax ≥ 35°C,≥35°C,4,17746,3863,13883,21.76828581088696,4278.936577789283,4618.251386587914,ESTIMABLE,-178.1885791823781,178.1885791823781,3.858355993782931,8.710261543063172,161.11678026205,195.2603781027062,5.170670859076323e-93
Northeast,A20,April 20,Irrigated,990003,SS,Heat,flowering/silking proxy (ADAT ±7 d),H38,Tmax ≥ 38°C,≥38°C,5,17746,796,16950,4.485517863180435,4032.255025125628,4568.438997050148,ESTIMABLE,-227.38278603680314,227.38278603680314,4.977253415961662,13.878299684940517,200.18181848766613,254.58375358594014,2.4861414340460756e-60
Northeast,A20,April 20,Irrigated,990004,VSS,Cold,late season before/on maturity,C0,Tmin ≤ 0°C,≤0°C,0,17746,0,17746,0.0,,2786.0936549081484,LOW_EVENT_COUNT,,,,,,,
Northeast,A20,April 20,Irrigated,990004,VSS,Cold,late season before/on maturity,Cm2p2,Tmin ≤ −2.2°C,≤−2.2°C,1,17746,0,17746,0.0,,2786.0936549081484,LOW_EVENT_COUNT,,,,,,,
Northeast,A20,April 20,Irrigated,990004,VSS,Cold,late season before/on maturity,Cm4,Tmin ≤ −4°C,≤−4°C,2,17746,0,17746,0.0,,2786.0936549081484,LOW_EVENT_COUNT,,,,,,,
Northeast,A20,April 20,Irrigated,990004,VSS,Heat,flowering/silking proxy (ADAT ±7 d),H30,Tmax ≥ 30°C,≥30°C,3,17746,11250,6496,63.39456778992449,2819.584888888889,2728.09236453202,ESTIMABLE,40.642774458468125,-40.642774458468125,-1.4897873322349933,8.353780923043225,-57.015884202370614,-24.269664714565636,1.1434392652618956e-06
Northeast,A20,April 20,Irrigated,990004,VSS,Heat,flowering/silking proxy (ADAT ±7 d),H35,Tmax ≥ 35°C,≥35°C,4,17746,2144,15602,12.081595852586497,3179.7462686567164,2731.998589924369,ESTIMABLE,31.420371715409647,-31.420371715409647,-1.1500874060216653,9.942388997281107,-50.90709607036791,-11.933647360451378,0.0015763725322187768
Northeast,A20,April 20,Irrigated,990004,VSS,Heat,flowering/silking proxy (ADAT ±7 d),H38,Tmax ≥ 38°C,≥38°C,5,17746,81,17665,0.4564408880874563,3150.7901234567903,2784.4213982451174,ESTIMABLE,-202.71887962212367,202.71887962212367,7.280466949071981,34.50960492069924,135.08129685684693,270.35646238740037,4.247000795759854e-09
Southwest,A20,April 20,Rainfed,990001,LS,Cold,late season before/on maturity,C0,Tmin ≤ 0°C,≤0°C,0,9614,0,9614,0.0,,1673.5907010609528,LOW_EVENT_COUNT,,,,,,,
Southwest,A20,April 20,Rainfed,990001,LS,Cold,late season before/on maturity,Cm2p2,Tmin ≤ −2.2°C,≤−2.2°C,1,9614,0,9614,0.0,,1673.5907010609528,LOW_EVENT_COUNT,,,,,,,
Southwest,A20,April 20,Rainfed,990001,LS,Cold,late season before/on maturity,Cm4,Tmin ≤ −4°C,≤−4°C,2,9614,0,9614,0.0,,1673.5907010609528,LOW_EVENT_COUNT,,,,,,,
Southwest,A20,April 20,Rainfed,990001,LS,Heat,flowering/silking proxy (ADAT ±7 d),H30,Tmax ≥ 30°C,≥30°C,3,8907,8907,0,100.0,1806.43325474346,,LOW_EVENT_COUNT,,,,,,,
Southwest,A20,April 20,Rainfed,990001,LS,Heat,flowering/silking proxy (ADAT ±7 d),H35,Tmax ≥ 35°C,≥35°C,4,8907,8897,10,99.88772875266645,1802.9606608969316,4896.0,LOW_EVENT_COUNT,,,,,,,
Southwest,A20,April 20,Rainfed,990001,LS,Heat,flowering/silking proxy (ADAT ±7 d),H38,Tmax ≥ 38°C,≥38°C,5,8907,7941,966,89.15459750757832,1699.6525626495404,2684.223602484472,ESTIMABLE,-797.216429150261,797.216429150261,29.700075225192524,38.98821214139377,720.800937531522,873.631920769,6.306921558629593e-93
Southwest,A20,April 20,Rainfed,990002,MS,Cold,late season before/on maturity,C0,Tmin ≤ 0°C,≤0°C,0,9614,0,9614,0.0,,2115.5674017058454,LOW_EVENT_COUNT,,,,,,,
Southwest,A20,April 20,Rainfed,990002,MS,Cold,late season before/on maturity,Cm2p2,Tmin ≤ −2.2°C,≤−2.2°C,1,9614,0,9614,0.0,,2115.5674017058454,LOW_EVENT_COUNT,,,,,,,
Southwest,A20,April 20,Rainfed,990002,MS,Cold,late season before/on maturity,Cm4,Tmin ≤ −4°C,≤−4°C,2,9614,0,9614,0.0,,2115.5674017058454,LOW_EVENT_COUNT,,,,,,,
Southwest,A20,April 20,Rainfed,990002,MS,Heat,flowering/silking proxy (ADAT ±7 d),H30,Tmax ≥ 30°C,≥30°C,3,8908,8908,0,100.0,2283.235855410867,,LOW_EVENT_COUNT,,,,,,,
Southwest,A20,April 20,Rainfed,990002,MS,Heat,flowering/silking proxy (ADAT ±7 d),H35,Tmax ≥ 35°C,≥35°C,4,8908,8346,562,93.69106421194432,2147.142343637671,4304.297153024911,ESTIMABLE,-895.9916971664946,895.9916971664946,20.81621378154208,67.97140089625636,762.7701994310986,1029.2131949018906,1.1155686445843208e-39
Southwest,A20,April 20,Rainfed,990002,MS,Heat,flowering/silking proxy (ADAT ±7 d),H38,Tmax ≥ 38°C,≥38°C,5,8908,6949,1959,78.00853165693758,1830.2325514462514,3890.1373149566107,ESTIMABLE,-696.7816379753395,696.7816379753395,17.911492103283535,37.47027836778875,623.3412418837834,770.2220340668957,3.48904672420112e-77
Southwest,A20,April 20,Rainfed,990003,SS,Cold,late season before/on maturity,C0,Tmin ≤ 0°C,≤0°C,0,9614,0,9614,0.0,,1761.4845017682546,LOW_EVENT_COUNT,,,,,,,
Southwest,A20,April 20,Rainfed,990003,SS,Cold,late season before/on maturity,Cm2p2,Tmin ≤ −2.2°C,≤−2.2°C,1,9614,0,9614,0.0,,1761.4845017682546,LOW_EVENT_COUNT,,,,,,,
Southwest,A20,April 20,Rainfed,990003,SS,Cold,late season before/on maturity,Cm4,Tmin ≤ −4°C,≤−4°C,2,9614,0,9614,0.0,,1761.4845017682546,LOW_EVENT_COUNT,,,,,,,
Southwest,A20,April 20,Rainfed,990003,SS,Heat,flowering/silking proxy (ADAT ±7 d),H30,Tmax ≥ 30°C,≥30°C,3,8910,8905,5,99.94388327721661,1899.8103312745648,3420.2,LOW_EVENT_COUNT,,,,,,,
Southwest,A20,April 20,Rainfed,990003,SS,Heat,flowering/silking proxy (ADAT ±7 d),H35,Tmax ≥ 35°C,≥35°C,4,8910,7900,1010,88.66442199775533,1728.4751898734178,3247.483168316832,ESTIMABLE,-175.23689343838402,175.23689343838402,5.3960831929179545,32.915039789660625,110.72460090094636,239.74918597582166,1.0155704771955327e-07
Southwest,A20,April 20,Rainfed,990003,SS,Heat,flowering/silking proxy (ADAT ±7 d),H38,Tmax ≥ 38°C,≥38°C,5,8910,4760,4150,53.42312008978676,1224.4840336134455,2676.2332530120484,ESTIMABLE,-351.844141804275,351.844141804275,13.146990883858171,29.404257787228133,294.2128555491764,409.4754280593736,5.370690002012937e-33
Southwest,A20,April 20,Rainfed,990004,VSS,Cold,late season before/on maturity,C0,Tmin ≤ 0°C,≤0°C,0,9614,0,9614,0.0,,1940.8272311212816,LOW_EVENT_COUNT,,,,,,,
Southwest,A20,April 20,Rainfed,990004,VSS,Cold,late season before/on maturity,Cm2p2,Tmin ≤ −2.2°C,≤−2.2°C,1,9614,0,9614,0.0,,1940.8272311212816,LOW_EVENT_COUNT,,,,,,,
Southwest,A20,April 20,Rainfed,990004,VSS,Cold,late season before/on maturity,Cm4,Tmin ≤ −4°C,≤−4°C,2,9614,0,9614,0.0,,1940.8272311212816,LOW_EVENT_COUNT,,,,,,,
Southwest,A20,April 20,Rainfed,990004,VSS,Heat,flowering/silking proxy (ADAT ±7 d),H30,Tmax ≥ 30°C,≥30°C,3,8927,8616,311,96.5161868488854,2079.8567780872795,2376.421221864952,ESTIMABLE,224.09109167712015,-224.09109167712015,-9.429771524311647,20.644893441231243,-264.55433928660057,-183.62784406763973,1.897326514993845e-27
Southwest,A20,April 20,Rainfed,990004,VSS,Heat,flowering/silking proxy (ADAT ±7 d),H35,Tmax ≥ 35°C,≥35°C,4,8927,5778,3149,64.72499159852134,1840.0169608861197,2549.2203874245793,ESTIMABLE,138.82879869904085,-138.82879869904085,-5.445931602614261,12.81275477649382,-163.94133660371227,-113.7162607943694,2.3444490627315944e-27
Southwest,A20,April 20,Rainfed,990004,VSS,Heat,flowering/silking proxy (ADAT ±7 d),H38,Tmax ≥ 38°C,≥38°C,5,8927,2897,6030,32.45211157163661,1573.2443907490508,2338.5446102819237,ESTIMABLE,-133.00283166205054,133.00283166205054,5.687419050176526,20.683873002988584,92.46318551539258,173.5424778087085,1.273797678423639e-10
Southwest,A20,April 20,Irrigated,990001,LS,Cold,late season before/on maturity,C0,Tmin ≤ 0°C,≤0°C,0,9614,0,9614,0.0,,5794.545246515499,LOW_EVENT_COUNT,,,,,,,
Southwest,A20,April 20,Irrigated,990001,LS,Cold,late season before/on maturity,Cm2p2,Tmin ≤ −2.2°C,≤−2.2°C,1,9614,0,9614,0.0,,5794.545246515499,LOW_EVENT_COUNT,,,,,,,
Southwest,A20,April 20,Irrigated,990001,LS,Cold,late season before/on maturity,Cm4,Tmin ≤ −4°C,≤−4°C,2,9614,0,9614,0.0,,5794.545246515499,LOW_EVENT_COUNT,,,,,,,
Southwest,A20,April 20,Irrigated,990001,LS,Heat,flowering/silking proxy (ADAT ±7 d),H30,Tmax ≥ 30°C,≥30°C,3,9614,9614,0,100.0,5794.545246515499,,LOW_EVENT_COUNT,,,,,,,
Southwest,A20,April 20,Irrigated,990001,LS,Heat,flowering/silking proxy (ADAT ±7 d),H35,Tmax ≥ 35°C,≥35°C,4,9614,9604,10,99.89598502184315,5794.4645980841315,5872.0,LOW_EVENT_COUNT,,,,,,,
Southwest,A20,April 20,Irrigated,990001,LS,Heat,flowering/silking proxy (ADAT ±7 d),H38,Tmax ≥ 38°C,≥38°C,5,9614,8560,1054,89.03682130226753,5799.431074766355,5754.865275142315,ESTIMABLE,-185.35731347131997,185.35731347131997,3.2208801528674567,17.424492245611788,151.20593622102342,219.50869072161652,1.9888338046708773e-26
Southwest,A20,April 20,Irrigated,990002,MS,Cold,late season before/on maturity,C0,Tmin ≤ 0°C,≤0°C,0,9614,0,9614,0.0,,7024.046910755149,LOW_EVENT_COUNT,,,,,,,
Southwest,A20,April 20,Irrigated,990002,MS,Cold,late season before/on maturity,Cm2p2,Tmin ≤ −2.2°C,≤−2.2°C,1,9614,0,9614,0.0,,7024.046910755149,LOW_EVENT_COUNT,,,,,,,
Southwest,A20,April 20,Irrigated,990002,MS,Cold,late season before/on maturity,Cm4,Tmin ≤ −4°C,≤−4°C,2,9614,0,9614,0.0,,7024.046910755149,LOW_EVENT_COUNT,,,,,,,
Southwest,A20,April 20,Irrigated,990002,MS,Heat,flowering/silking proxy (ADAT ±7 d),H30,Tmax ≥ 30°C,≥30°C,3,9614,9614,0,100.0,7024.046910755149,,LOW_EVENT_COUNT,,,,,,,
Southwest,A20,April 20,Irrigated,990002,MS,Heat,flowering/silking proxy (ADAT ±7 d),H35,Tmax ≥ 35°C,≥35°C,4,9614,9052,562,94.15435822758477,6970.870525850641,7880.546263345196,ESTIMABLE,-90.80805651016709,90.80805651016709,1.1523066228611947,37.288056398249914,17.724808916098937,163.89130410423525,0.014878948287924186
Southwest,A20,April 20,Irrigated,990002,MS,Heat,flowering/silking proxy (ADAT ±7 d),H38,Tmax ≥ 38°C,≥38°C,5,9614,7460,2154,77.59517370501352,6900.796380697051,7450.903435468895,ESTIMABLE,-179.99984184107976,179.99984184107976,2.4158123024949947,11.822955263981692,156.8272753328474,203.17240834931212,2.4281506296016833e-52
Southwest,A20,April 20,Irrigated,990003,SS,Cold,late season before/on maturity,C0,Tmin ≤ 0°C,≤0°C,0,9614,0,9614,0.0,,4388.1410443103805,LOW_EVENT_COUNT,,,,,,,
Southwest,A20,April 20,Irrigated,990003,SS,Cold,late season before/on maturity,Cm2p2,Tmin ≤ −2.2°C,≤−2.2°C,1,9614,0,9614,0.0,,4388.1410443103805,LOW_EVENT_COUNT,,,,,,,
Southwest,A20,April 20,Irrigated,990003,SS,Cold,late season before/on maturity,Cm4,Tmin ≤ −4°C,≤−4°C,2,9614,0,9614,0.0,,4388.1410443103805,LOW_EVENT_COUNT,,,,,,,
Southwest,A20,April 20,Irrigated,990003,SS,Heat,flowering/silking proxy (ADAT ±7 d),H30,Tmax ≥ 30°C,≥30°C,3,9614,9609,5,99.94799251092157,4388.374440628578,3939.6,LOW_EVENT_COUNT,,,,,,,
Southwest,A20,April 20,Irrigated,990003,SS,Heat,flowering/silking proxy (ADAT ±7 d),H35,Tmax ≥ 35°C,≥35°C,4,9614,8484,1130,88.24630746827543,4351.495874587459,4663.271681415929,ESTIMABLE,127.80780944515142,-127.80780944515142,-2.7407326481639727,15.686324288098698,-158.55244009964076,-97.06317879066208,3.708436849861518e-16
Southwest,A20,April 20,Irrigated,990003,SS,Heat,flowering/silking proxy (ADAT ±7 d),H38,Tmax ≥ 38°C,≥38°C,5,9614,4975,4639,51.747451633035155,4325.766633165829,4455.033196809657,ESTIMABLE,17.736007938959837,-17.736007938959837,-0.3981116897548814,17.302246081047418,-51.64778710946207,16.1757712315424,0.3053303083234589
Southwest,A20,April 20,Irrigated,990004,VSS,Cold,late season before/on maturity,C0,Tmin ≤ 0°C,≤0°C,0,9614,0,9614,0.0,,2809.0223632203038,LOW_EVENT_COUNT,,,,,,,
Southwest,A20,April 20,Irrigated,990004,VSS,Cold,late season before/on maturity,Cm2p2,Tmin ≤ −2.2°C,≤−2.2°C,1,9614,0,9614,0.0,,2809.0223632203038,LOW_EVENT_COUNT,,,,,,,
Southwest,A20,April 20,Irrigated,990004,VSS,Cold,late season before/on maturity,Cm4,Tmin ≤ −4°C,≤−4°C,2,9614,0,9614,0.0,,2809.0223632203038,LOW_EVENT_COUNT,,,,,,,
Southwest,A20,April 20,Irrigated,990004,VSS,Heat,flowering/silking proxy (ADAT ±7 d),H30,Tmax ≥ 30°C,≥30°C,3,9614,9230,384,96.00582483877679,2794.6373781148427,3154.7864583333335,ESTIMABLE,14.363297817977395,-14.363297817977395,-0.45528589676923786,13.671034042673362,-41.1580321730382,12.431436537083412,0.293425219033665
Southwest,A20,April 20,Irrigated,990004,VSS,Heat,flowering/silking proxy (ADAT ±7 d),H35,Tmax ≥ 35°C,≥35°C,4,9614,6409,3205,66.6631995007281,2777.3020752067405,2872.453042121685,ESTIMABLE,88.19121442912838,-88.19121442912838,-3.0702404229378644,7.326535273160463,-102.55095969598521,-73.83146916227155,2.264225799032965e-33
Southwest,A20,April 20,Irrigated,990004,VSS,Heat,flowering/silking proxy (ADAT ±7 d),H38,Tmax ≥ 38°C,≥38°C,5,9614,3164,6450,32.91033908882879,2830.8230088495575,2798.3282170542634,ESTIMABLE,27.976825223915938,-27.976825223915938,-0.9997692569946819,7.087034283204788,-41.86715717619796,-14.086493271633916,7.893628492136046e-05
Southcentral,A20,April 20,Rainfed,990001,LS,Cold,late season before/on maturity,C0,Tmin ≤ 0°C,≤0°C,0,19266,0,19266,0.0,,2984.25121976539,LOW_EVENT_COUNT,,,,,,,
Southcentral,A20,April 20,Rainfed,990001,LS,Cold,late season before/on maturity,Cm2p2,Tmin ≤ −2.2°C,≤−2.2°C,1,19266,0,19266,0.0,,2984.25121976539,LOW_EVENT_COUNT,,,,,,,
Southcentral,A20,April 20,Rainfed,990001,LS,Cold,late season before/on maturity,Cm4,Tmin ≤ −4°C,≤−4°C,2,19266,0,19266,0.0,,2984.25121976539,LOW_EVENT_COUNT,,,,,,,
Southcentral,A20,April 20,Rainfed,990001,LS,Heat,flowering/silking proxy (ADAT ±7 d),H30,Tmax ≥ 30°C,≥30°C,3,19215,19215,0,100.0,2992.1719489981783,,LOW_EVENT_COUNT,,,,,,,
Southcentral,A20,April 20,Rainfed,990001,LS,Heat,flowering/silking proxy (ADAT ±7 d),H35,Tmax ≥ 35°C,≥35°C,4,19215,17647,1568,91.83970856102003,2747.954383181277,5740.709821428572,ESTIMABLE,-1155.6947860090775,1155.6947860090775,20.131565990239928,49.96505016313268,1057.7650872036002,1253.6244848145548,2.307894799858387e-118
Southcentral,A20,April 20,Rainfed,990001,LS,Heat,flowering/silking proxy (ADAT ±7 d),H38,Tmax ≥ 38°C,≥38°C,5,19215,12788,6427,66.55217278168098,2139.9452611823585,4687.87365800529,ESTIMABLE,-646.5292229164019,646.5292229164019,13.791524048698504,20.60261821240976,606.1488332328497,686.909612599954,3.684517357706136e-216
Southcentral,A20,April 20,Rainfed,990002,MS,Cold,late season before/on maturity,C0,Tmin ≤ 0°C,≤0°C,0,19266,0,19266,0.0,,4305.046195370082,LOW_EVENT_COUNT,,,,,,,
Southcentral,A20,April 20,Rainfed,990002,MS,Cold,late season before/on maturity,Cm2p2,Tmin ≤ −2.2°C,≤−2.2°C,1,19266,0,19266,0.0,,4305.046195370082,LOW_EVENT_COUNT,,,,,,,
Southcentral,A20,April 20,Rainfed,990002,MS,Cold,late season before/on maturity,Cm4,Tmin ≤ −4°C,≤−4°C,2,19266,0,19266,0.0,,4305.046195370082,LOW_EVENT_COUNT,,,,,,,
Southcentral,A20,April 20,Rainfed,990002,MS,Heat,flowering/silking proxy (ADAT ±7 d),H30,Tmax ≥ 30°C,≥30°C,3,19215,19161,54,99.71896955503513,4310.939721308909,6279.7037037037035,ESTIMABLE,314.9801154483712,-314.9801154483712,-5.015843586101032,73.65261456981015,-459.3365873724091,-170.62364352433323,1.8980006195085207e-05
Southcentral,A20,April 20,Rainfed,990002,MS,Heat,flowering/silking proxy (ADAT ±7 d),H35,Tmax ≥ 35°C,≥35°C,4,19215,15196,4019,79.0840489201145,3717.1824164253753,6582.412540432943,ESTIMABLE,-109.48961819336989,109.48961819336989,1.6633660913961565,33.61398181277866,43.60742446333931,175.37181192340046,0.0011249169362306393
Southcentral,A20,April 20,Rainfed,990002,MS,Heat,flowering/silking proxy (ADAT ±7 d),H38,Tmax ≥ 38°C,≥38°C,5,19215,8034,11181,41.81108508977361,2941.585387104805,5304.384491548162,ESTIMABLE,-658.8447358573246,658.8447358573246,12.420757524404705,20.26620018470689,619.1237133918202,698.5657583228291,7.81897366223179e-232
Southcentral,A20,April 20,Rainfed,990003,SS,Cold,late season before/on maturity,C0,Tmin ≤ 0°C,≤0°C,0,19266,0,19266,0.0,,3317.856327208554,LOW_EVENT_COUNT,,,,,,,
Southcentral,A20,April 20,Rainfed,990003,SS,Cold,late season before/on maturity,Cm2p2,Tmin ≤ −2.2°C,≤−2.2°C,1,19266,0,19266,0.0,,3317.856327208554,LOW_EVENT_COUNT,,,,,,,
Southcentral,A20,April 20,Rainfed,990003,SS,Cold,late season before/on maturity,Cm4,Tmin ≤ −4°C,≤−4°C,2,19266,0,19266,0.0,,3317.856327208554,LOW_EVENT_COUNT,,,,,,,
Southcentral,A20,April 20,Rainfed,990003,SS,Heat,flowering/silking proxy (ADAT ±7 d),H30,Tmax ≥ 30°C,≥30°C,3,19228,18518,710,96.30746827543166,3294.3857328005183,4107.584507042254,ESTIMABLE,77.77625943320841,-77.77625943320841,-1.8934792284824522,32.32077642173352,-141.12381717217747,-14.42870169423935,0.016111237608688815
Southcentral,A20,April 20,Rainfed,990003,SS,Heat,flowering/silking proxy (ADAT ±7 d),H35,Tmax ≥ 35°C,≥35°C,4,19228,11116,8112,57.81152485957978,2715.7829255127745,4158.429117357002,ESTIMABLE,-236.69095944184468,236.69095944184468,5.691835853445538,11.096145665787137,214.94291356969168,258.4390053139977,5.864721617313446e-101
Southcentral,A20,April 20,Rainfed,990003,SS,Heat,flowering/silking proxy (ADAT ±7 d),H38,Tmax ≥ 38°C,≥38°C,5,19228,4974,14254,25.868525067609735,2058.9776839565743,3765.9930545811703,ESTIMABLE,-481.05201980333794,481.05201980333794,12.773576924635021,24.385945918514672,433.25644407410766,528.8475955325682,1.2743723269642448e-86
Southcentral,A20,April 20,Rainfed,990004,VSS,Cold,late season before/on maturity,C0,Tmin ≤ 0°C,≤0°C,0,19266,0,19266,0.0,,2665.204090106924,LOW_EVENT_COUNT,,,,,,,
Southcentral,A20,April 20,Rainfed,990004,VSS,Cold,late season before/on maturity,Cm2p2,Tmin ≤ −2.2°C,≤−2.2°C,1,19266,0,19266,0.0,,2665.204090106924,LOW_EVENT_COUNT,,,,,,,
Southcentral,A20,April 20,Rainfed,990004,VSS,Cold,late season before/on maturity,Cm4,Tmin ≤ −4°C,≤−4°C,2,19266,0,19266,0.0,,2665.204090106924,LOW_EVENT_COUNT,,,,,,,
Southcentral,A20,April 20,Rainfed,990004,VSS,Heat,flowering/silking proxy (ADAT ±7 d),H30,Tmax ≥ 30°C,≥30°C,3,19225,16805,2420,87.41222366710014,2626.0386194584944,2982.331818181818,ESTIMABLE,92.89013806611096,-92.89013806611096,-3.114681522015935,9.608285577433243,-111.72203175105575,-74.05824438116618,4.135192861045509e-22
Southcentral,A20,April 20,Rainfed,990004,VSS,Heat,flowering/silking proxy (ADAT ±7 d),H35,Tmax ≥ 35°C,≥35°C,4,19225,7759,11466,40.35890767230169,2575.4679726768913,2735.458398744113,ESTIMABLE,-36.20374011767473,36.20374011767473,1.3234981067266958,9.993189423605642,16.617448756721085,55.790031478628364,0.0002913845255407172
Southcentral,A20,April 20,Rainfed,990004,VSS,Heat,flowering/silking proxy (ADAT ±7 d),H38,Tmax ≥ 38°C,≥38°C,5,19225,2398,16827,12.47334200260078,2084.3135946622183,2754.480180662031,ESTIMABLE,-583.8884048814514,583.8884048814514,21.197771143196807,19.808552811236968,545.0643547855673,622.7124549773355,5.747780226157535e-191
Southcentral,A20,April 20,Irrigated,990001,LS,Cold,late season before/on maturity,C0,Tmin ≤ 0°C,≤0°C,0,19266,0,19266,0.0,,5536.178656700924,LOW_EVENT_COUNT,,,,,,,
Southcentral,A20,April 20,Irrigated,990001,LS,Cold,late season before/on maturity,Cm2p2,Tmin ≤ −2.2°C,≤−2.2°C,1,19266,0,19266,0.0,,5536.178656700924,LOW_EVENT_COUNT,,,,,,,
Southcentral,A20,April 20,Irrigated,990001,LS,Cold,late season before/on maturity,Cm4,Tmin ≤ −4°C,≤−4°C,2,19266,0,19266,0.0,,5536.178656700924,LOW_EVENT_COUNT,,,,,,,
Southcentral,A20,April 20,Irrigated,990001,LS,Heat,flowering/silking proxy (ADAT ±7 d),H30,Tmax ≥ 30°C,≥30°C,3,19266,19266,0,100.0,5536.178656700924,,LOW_EVENT_COUNT,,,,,,,
Southcentral,A20,April 20,Irrigated,990001,LS,Heat,flowering/silking proxy (ADAT ±7 d),H35,Tmax ≥ 35°C,≥35°C,4,19266,17698,1568,91.86131007993356,5476.5157079896035,6209.59375,ESTIMABLE,-698.061611666662,698.061611666662,11.241663138859316,31.138196031084522,637.0318689021883,759.0913544311356,2.616810852904186e-111
Southcentral,A20,April 20,Irrigated,990001,LS,Heat,flowering/silking proxy (ADAT ±7 d),H38,Tmax ≥ 38°C,≥38°C,5,19266,12760,6506,66.23066542094882,5272.32014106583,6053.675530279742,ESTIMABLE,57.903892671641614,-57.903892671641614,-0.9565080318892787,11.572714238197863,-80.58599578188331,-35.221789561399916,5.63032870693805e-07
Southcentral,A20,April 20,Irrigated,990002,MS,Cold,late season before/on maturity,C0,Tmin ≤ 0°C,≤0°C,0,19266,0,19266,0.0,,6728.80717325859,LOW_EVENT_COUNT,,,,,,,
Southcentral,A20,April 20,Irrigated,990002,MS,Cold,late season before/on maturity,Cm2p2,Tmin ≤ −2.2°C,≤−2.2°C,1,19266,0,19266,0.0,,6728.80717325859,LOW_EVENT_COUNT,,,,,,,
Southcentral,A20,April 20,Irrigated,990002,MS,Cold,late season before/on maturity,Cm4,Tmin ≤ −4°C,≤−4°C,2,19266,0,19266,0.0,,6728.80717325859,LOW_EVENT_COUNT,,,,,,,
Southcentral,A20,April 20,Irrigated,990002,MS,Heat,flowering/silking proxy (ADAT ±7 d),H30,Tmax ≥ 30°C,≥30°C,3,19266,19212,54,99.71971348489568,6730.056475119717,6284.333333333333,ESTIMABLE,348.0464637509842,-348.0464637509842,-5.538319584431934,52.67987153963852,-451.2971146788723,-244.79581282309607,3.926612236634491e-11
Southcentral,A20,April 20,Irrigated,990002,MS,Heat,flowering/silking proxy (ADAT ±7 d),H35,Tmax ≥ 35°C,≥35°C,4,19266,15110,4156,78.42831931900758,6565.999669093316,7320.727622714148,ESTIMABLE,168.6591157794103,-168.6591157794103,-2.303857273095488,16.40108980003442,-200.804661094685,-136.51357046413563,8.371309859063034e-25
Southcentral,A20,April 20,Irrigated,990002,MS,Heat,flowering/silking proxy (ADAT ±7 d),H38,Tmax ≥ 38°C,≥38°C,5,19266,7749,11517,40.22111491747119,6371.579171506,6969.16141356256,ESTIMABLE,-106.54440285883396,106.54440285883396,1.5287980366115472,9.3777127674944,88.1644235771835,124.92438214048443,6.505672207967776e-30
Southcentral,A20,April 20,Irrigated,990003,SS,Cold,late season before/on maturity,C0,Tmin ≤ 0°C,≤0°C,0,19266,0,19266,0.0,,4177.777639364684,LOW_EVENT_COUNT,,,,,,,
Southcentral,A20,April 20,Irrigated,990003,SS,Cold,late season before/on maturity,Cm2p2,Tmin ≤ −2.2°C,≤−2.2°C,1,19266,0,19266,0.0,,4177.777639364684,LOW_EVENT_COUNT,,,,,,,
Southcentral,A20,April 20,Irrigated,990003,SS,Cold,late season before/on maturity,Cm4,Tmin ≤ −4°C,≤−4°C,2,19266,0,19266,0.0,,4177.777639364684,LOW_EVENT_COUNT,,,,,,,
Southcentral,A20,April 20,Irrigated,990003,SS,Heat,flowering/silking proxy (ADAT ±7 d),H30,Tmax ≥ 30°C,≥30°C,3,19266,18556,710,96.31475137548011,4178.052705324423,4170.588732394366,ESTIMABLE,-68.42837162582612,68.42837162582612,1.640736500684422,19.877362570144502,29.469456880698367,107.38728637095386,0.0005763048005280024
Southcentral,A20,April 20,Irrigated,990003,SS,Heat,flowering/silking proxy (ADAT ±7 d),H35,Tmax ≥ 35°C,≥35°C,4,19266,11078,8188,57.50025952455102,4001.4820364686766,4416.297752808989,ESTIMABLE,-58.42720545855855,58.42720545855855,1.3229906299093146,6.177709163620053,46.31911799090018,70.53529292621691,3.1465187187548536e-21
Southcentral,A20,April 20,Irrigated,990003,SS,Heat,flowering/silking proxy (ADAT ±7 d),H38,Tmax ≥ 38°C,≥38°C,5,19266,4955,14311,25.718883006332398,3873.0155398587285,4283.297603242261,ESTIMABLE,77.57471772839446,-77.57471772839446,-1.8110980117205475,9.42935134852785,-96.05590676908324,-59.093528687705685,1.9205490936565056e-16
Southcentral,A20,April 20,Irrigated,990004,VSS,Cold,late season before/on maturity,C0,Tmin ≤ 0°C,≤0°C,0,19266,0,19266,0.0,,2762.2430187895775,LOW_EVENT_COUNT,,,,,,,
Southcentral,A20,April 20,Irrigated,990004,VSS,Cold,late season before/on maturity,Cm2p2,Tmin ≤ −2.2°C,≤−2.2°C,1,19266,0,19266,0.0,,2762.2430187895775,LOW_EVENT_COUNT,,,,,,,
Southcentral,A20,April 20,Irrigated,990004,VSS,Cold,late season before/on maturity,Cm4,Tmin ≤ −4°C,≤−4°C,2,19266,0,19266,0.0,,2762.2430187895775,LOW_EVENT_COUNT,,,,,,,
Southcentral,A20,April 20,Irrigated,990004,VSS,Heat,flowering/silking proxy (ADAT ±7 d),H30,Tmax ≥ 30°C,≥30°C,3,19266,16871,2395,87.56877400602097,2729.321142789402,2994.153235908142,ESTIMABLE,56.32078056301613,-56.32078056301613,-1.8810253225377676,6.016279348126156,-68.1124714062755,-44.52908971975675,7.868914234948765e-21
Southcentral,A20,April 20,Irrigated,990004,VSS,Heat,flowering/silking proxy (ADAT ±7 d),H35,Tmax ≥ 35°C,≥35°C,4,19266,7792,11474,40.444306031350564,2799.9905030800824,2736.6086804950323,ESTIMABLE,1.471026805080811,-1.471026805080811,-0.05375364097780736,8.867437046516763,-18.850884051429894,15.908830441268272,0.8682428362848771
Southcentral,A20,April 20,Irrigated,990004,VSS,Heat,flowering/silking proxy (ADAT ±7 d),H38,Tmax ≥ 38°C,≥38°C,5,19266,2474,16792,12.841274784594622,2627.0634599838318,2782.159302048595,ESTIMABLE,-151.7692393080944,151.7692393080944,5.455088038860382,7.264356492964414,137.53136221102446,166.00711640516434,6.289279049079783e-97
Southeast,A20,April 20,Rainfed,990001,LS,Cold,late season before/on maturity,C0,Tmin ≤ 0°C,≤0°C,0,20444,0,20444,0.0,,5063.986939933477,LOW_EVENT_COUNT,,,,,,,
Southeast,A20,April 20,Rainfed,990001,LS,Cold,late season before/on maturity,Cm2p2,Tmin ≤ −2.2°C,≤−2.2°C,1,20444,0,20444,0.0,,5063.986939933477,LOW_EVENT_COUNT,,,,,,,
Southeast,A20,April 20,Rainfed,990001,LS,Cold,late season before/on maturity,Cm4,Tmin ≤ −4°C,≤−4°C,2,20444,0,20444,0.0,,5063.986939933477,LOW_EVENT_COUNT,,,,,,,
Southeast,A20,April 20,Rainfed,990001,LS,Heat,flowering/silking proxy (ADAT ±7 d),H30,Tmax ≥ 30°C,≥30°C,3,20444,20370,74,99.63803560946977,5059.576092292587,6278.1621621621625,ESTIMABLE,-1040.0725028966551,1040.0725028966551,16.566512237690596,86.84281195245033,869.863719153668,1210.2812866396423,4.7185442364656975e-33
Southeast,A20,April 20,Rainfed,990001,LS,Heat,flowering/silking proxy (ADAT ±7 d),H35,Tmax ≥ 35°C,≥35°C,4,20444,11957,8487,58.486597534729015,3699.4576398762233,6986.418522446094,ESTIMABLE,-542.4310159180291,542.4310159180291,7.7640784641701135,18.462200740113406,506.24576739205804,578.6162644440001,9.711320971627999e-190
Southeast,A20,April 20,Rainfed,990001,LS,Heat,flowering/silking proxy (ADAT ±7 d),H38,Tmax ≥ 38°C,≥38°C,5,20444,6128,14316,29.974564664449225,2419.906005221932,6195.792469963677,ESTIMABLE,-1190.4139261561359,1190.4139261561359,19.213263386840243,33.973384548149575,1123.8273160088331,1257.0005363034386,5.614755604586108e-269
Southeast,A20,April 20,Rainfed,990002,MS,Cold,late season before/on maturity,C0,Tmin ≤ 0°C,≤0°C,0,20444,0,20444,0.0,,6529.180639796517,LOW_EVENT_COUNT,,,,,,,
Southeast,A20,April 20,Rainfed,990002,MS,Cold,late season before/on maturity,Cm2p2,Tmin ≤ −2.2°C,≤−2.2°C,1,20444,0,20444,0.0,,6529.180639796517,LOW_EVENT_COUNT,,,,,,,
Southeast,A20,April 20,Rainfed,990002,MS,Cold,late season before/on maturity,Cm4,Tmin ≤ −4°C,≤−4°C,2,20444,0,20444,0.0,,6529.180639796517,LOW_EVENT_COUNT,,,,,,,
Southeast,A20,April 20,Rainfed,990002,MS,Heat,flowering/silking proxy (ADAT ±7 d),H30,Tmax ≥ 30°C,≥30°C,3,20444,19823,621,96.96243396595578,6487.582706956566,7857.032206119163,ESTIMABLE,374.26714170784663,-374.26714170784663,-4.763467068600817,24.806365417447605,-422.88672451338385,-325.6475589023094,1.955867445545128e-51
Southeast,A20,April 20,Rainfed,990002,MS,Heat,flowering/silking proxy (ADAT ±7 d),H35,Tmax ≥ 35°C,≥35°C,4,20444,6832,13612,33.418117785169244,4476.963114754099,7559.209300617103,ESTIMABLE,-1276.8829826909375,1276.8829826909375,16.891753249730737,28.73709964647561,1220.5593023637066,1333.2066630181685,0.0
Southeast,A20,April 20,Rainfed,990002,MS,Heat,flowering/silking proxy (ADAT ±7 d),H38,Tmax ≥ 38°C,≥38°C,5,20444,2093,18351,10.23772255918607,2724.763497372193,6963.088605525584,ESTIMABLE,-2590.0598231452036,2590.0598231452036,37.196996474952975,55.819397197402985,2480.6558149995576,2699.4638312908496,0.0
Southeast,A20,April 20,Rainfed,990003,SS,Cold,late season before/on maturity,C0,Tmin ≤ 0°C,≤0°C,0,20444,0,20444,0.0,,4327.898601056545,LOW_EVENT_COUNT,,,,,,,
Southeast,A20,April 20,Rainfed,990003,SS,Cold,late season before/on maturity,Cm2p2,Tmin ≤ −2.2°C,≤−2.2°C,1,20444,0,20444,0.0,,4327.898601056545,LOW_EVENT_COUNT,,,,,,,
Southeast,A20,April 20,Rainfed,990003,SS,Cold,late season before/on maturity,Cm4,Tmin ≤ −4°C,≤−4°C,2,20444,0,20444,0.0,,4327.898601056545,LOW_EVENT_COUNT,,,,,,,
Southeast,A20,April 20,Rainfed,990003,SS,Heat,flowering/silking proxy (ADAT ±7 d),H30,Tmax ≥ 30°C,≥30°C,3,20444,17746,2698,86.80297397769517,4275.987039332807,4669.345070422535,ESTIMABLE,-62.05967428325269,62.05967428325269,1.3290873419564349,7.32646208537147,47.70007246182639,76.41927610467899,2.440908775152865e-17
Southeast,A20,April 20,Rainfed,990003,SS,Heat,flowering/silking proxy (ADAT ±7 d),H35,Tmax ≥ 35°C,≥35°C,4,20444,3230,17214,15.799256505576208,3435.1767801857586,4495.40711049146,ESTIMABLE,-493.11300580371227,493.11300580371227,10.96926248688081,19.323116750795926,455.2403929030896,530.9856187043349,1.2029685341239945e-143
Southeast,A20,April 20,Rainfed,990003,SS,Heat,flowering/silking proxy (ADAT ±7 d),H38,Tmax ≥ 38°C,≥38°C,5,20444,673,19771,3.2919193895519467,3027.2615156017832,4372.171969045572,ESTIMABLE,-260.04142607209036,260.04142607209036,5.94764862665858,34.07521189787264,193.25523798668922,326.8276141574915,2.3222565366871663e-14
Southeast,A20,April 20,Rainfed,990004,VSS,Cold,late season before/on maturity,C0,Tmin ≤ 0°C,≤0°C,0,20444,0,20444,0.0,,2835.233173547251,LOW_EVENT_COUNT,,,,,,,
Southeast,A20,April 20,Rainfed,990004,VSS,Cold,late season before/on maturity,Cm2p2,Tmin ≤ −2.2°C,≤−2.2°C,1,20444,0,20444,0.0,,2835.233173547251,LOW_EVENT_COUNT,,,,,,,
Southeast,A20,April 20,Rainfed,990004,VSS,Cold,late season before/on maturity,Cm4,Tmin ≤ −4°C,≤−4°C,2,20444,0,20444,0.0,,2835.233173547251,LOW_EVENT_COUNT,,,,,,,
Southeast,A20,April 20,Rainfed,990004,VSS,Heat,flowering/silking proxy (ADAT ±7 d),H30,Tmax ≥ 30°C,≥30°C,3,20444,11771,8673,57.5767951477206,2896.2919887859994,2752.3641185287674,ESTIMABLE,11.11435831805119,-11.11435831805119,-0.4038113359794922,4.697767414350376,-20.32181325792378,-1.9069033781785993,0.017987228561010243
Southeast,A20,April 20,Rainfed,990004,VSS,Heat,flowering/silking proxy (ADAT ±7 d),H35,Tmax ≥ 35°C,≥35°C,4,20444,1074,19370,5.25337507337116,2756.979515828678,2839.5720702116673,ESTIMABLE,-176.54977234907724,176.54977234907724,6.217478126410677,17.42584406496063,142.39574558154337,210.70379911661112,4.004976747173949e-24
Southeast,A20,April 20,Rainfed,990004,VSS,Heat,flowering/silking proxy (ADAT ±7 d),H38,Tmax ≥ 38°C,≥38°C,5,20444,222,20222,1.0858931715906868,2205.554054054054,2842.145880723964,ESTIMABLE,-275.22626551319314,275.22626551319314,9.68374872591291,23.513761996386663,229.14013885922864,321.31239216715767,1.2029900542785276e-31
Southeast,A20,April 20,Irrigated,990001,LS,Cold,late season before/on maturity,C0,Tmin ≤ 0°C,≤0°C,0,20444,0,20444,0.0,,6248.0894639013895,LOW_EVENT_COUNT,,,,,,,
Southeast,A20,April 20,Irrigated,990001,LS,Cold,late season before/on maturity,Cm2p2,Tmin ≤ −2.2°C,≤−2.2°C,1,20444,0,20444,0.0,,6248.0894639013895,LOW_EVENT_COUNT,,,,,,,
Southeast,A20,April 20,Irrigated,990001,LS,Cold,late season before/on maturity,Cm4,Tmin ≤ −4°C,≤−4°C,2,20444,0,20444,0.0,,6248.0894639013895,LOW_EVENT_COUNT,,,,,,,
Southeast,A20,April 20,Irrigated,990001,LS,Heat,flowering/silking proxy (ADAT ±7 d),H30,Tmax ≥ 30°C,≥30°C,3,20444,20370,74,99.63803560946977,6247.9607756504665,6283.513513513513,ESTIMABLE,672.3587110526203,-672.3587110526203,-10.700362299000796,26.747695752902377,-724.7832313977439,-619.9341907074967,1.9570974734143964e-139
Southeast,A20,April 20,Irrigated,990001,LS,Heat,flowering/silking proxy (ADAT ±7 d),H35,Tmax ≥ 35°C,≥35°C,4,20444,11957,8487,58.486597534729015,5490.036463995985,7316.080476022152,ESTIMABLE,-20.935920203536494,20.935920203536494,0.2861630660317671,7.6341761086648,5.973209978917348,35.89863042815564,0.006099309707788498
Southeast,A20,April 20,Irrigated,990001,LS,Heat,flowering/silking proxy (ADAT ±7 d),H38,Tmax ≥ 38°C,≥38°C,5,20444,6105,14339,29.862062218743887,4678.961834561835,6916.164237394519,ESTIMABLE,-191.9039159509545,191.9039159509545,2.7747160038994276,15.668400317691008,161.1944156329242,222.61341626898482,1.7254962782750933e-34
Southeast,A20,April 20,Irrigated,990002,MS,Cold,late season before/on maturity,C0,Tmin ≤ 0°C,≤0°C,0,20444,0,20444,0.0,,7500.503423987478,LOW_EVENT_COUNT,,,,,,,
Southeast,A20,April 20,Irrigated,990002,MS,Cold,late season before/on maturity,Cm2p2,Tmin ≤ −2.2°C,≤−2.2°C,1,20444,0,20444,0.0,,7500.503423987478,LOW_EVENT_COUNT,,,,,,,
Southeast,A20,April 20,Irrigated,990002,MS,Cold,late season before/on maturity,Cm4,Tmin ≤ −4°C,≤−4°C,2,20444,0,20444,0.0,,7500.503423987478,LOW_EVENT_COUNT,,,,,,,
Southeast,A20,April 20,Irrigated,990002,MS,Heat,flowering/silking proxy (ADAT ±7 d),H30,Tmax ≥ 30°C,≥30°C,3,20444,19823,621,96.96243396595578,7488.301669777531,7889.996779388084,ESTIMABLE,-17.17133355719395,17.17133355719395,0.21763422771036528,14.909970557495507,-12.051671746049834,46.394338860437735,0.24945759326268196
Southeast,A20,April 20,Irrigated,990002,MS,Heat,flowering/silking proxy (ADAT ±7 d),H35,Tmax ≥ 35°C,≥35°C,4,20444,6809,13635,33.3056153394639,6568.525334116611,7965.9114778144485,ESTIMABLE,-406.61765271743513,406.61765271743513,5.104471143696364,12.623977696798379,381.8751110900734,431.36019434479687,1.280748356565454e-227
Southeast,A20,April 20,Irrigated,990002,MS,Heat,flowering/silking proxy (ADAT ±7 d),H38,Tmax ≥ 38°C,≥38°C,5,20444,2093,18351,10.23772255918607,5320.016722408027,7749.196065609503,ESTIMABLE,-720.835910438079,720.835910438079,9.302073458137267,25.068476766265558,671.7025988289195,769.9692220472386,7.917002979470005e-182
Southeast,A20,April 20,Irrigated,990003,SS,Cold,late season before/on maturity,C0,Tmin ≤ 0°C,≤0°C,0,20444,0,20444,0.0,,4508.752201134807,LOW_EVENT_COUNT,,,,,,,
Southeast,A20,April 20,Irrigated,990003,SS,Cold,late season before/on maturity,Cm2p2,Tmin ≤ −2.2°C,≤−2.2°C,1,20444,0,20444,0.0,,4508.752201134807,LOW_EVENT_COUNT,,,,,,,
Southeast,A20,April 20,Irrigated,990003,SS,Cold,late season before/on maturity,Cm4,Tmin ≤ −4°C,≤−4°C,2,20444,0,20444,0.0,,4508.752201134807,LOW_EVENT_COUNT,,,,,,,
Southeast,A20,April 20,Irrigated,990003,SS,Heat,flowering/silking proxy (ADAT ±7 d),H30,Tmax ≥ 30°C,≥30°C,3,20444,17746,2698,86.80297397769517,4483.987377437169,4671.641957005189,ESTIMABLE,-73.15458247828059,73.15458247828059,1.5659287066849017,5.557673841219629,62.26174191166974,84.04742304489145,1.436501745369679e-39
Southeast,A20,April 20,Irrigated,990003,SS,Heat,flowering/silking proxy (ADAT ±7 d),H35,Tmax ≥ 35°C,≥35°C,4,20444,3230,17214,15.799256505576208,4166.49040247678,4572.973509933775,ESTIMABLE,-156.99659969981073,156.99659969981073,3.4331403704563406,11.765571452298898,133.93650339577226,180.0566960038492,1.2884905823295653e-40
Southeast,A20,April 20,Irrigated,990003,SS,Heat,flowering/silking proxy (ADAT ±7 d),H38,Tmax ≥ 38°C,≥38°C,5,20444,673,19771,3.2919193895519467,4245.202080237741,4517.723382732284,ESTIMABLE,92.08608643189635,-92.08608643189635,-2.0383294555808638,13.78665117358227,-119.10742619953447,-65.06474666425822,2.3997846790950278e-11
Southeast,A20,April 20,Irrigated,990004,VSS,Cold,late season before/on maturity,C0,Tmin ≤ 0°C,≤0°C,0,20444,0,20444,0.0,,2841.5592838974762,LOW_EVENT_COUNT,,,,,,,
Southeast,A20,April 20,Irrigated,990004,VSS,Cold,late season before/on maturity,Cm2p2,Tmin ≤ −2.2°C,≤−2.2°C,1,20444,0,20444,0.0,,2841.5592838974762,LOW_EVENT_COUNT,,,,,,,
Southeast,A20,April 20,Irrigated,990004,VSS,Cold,late season before/on maturity,Cm4,Tmin ≤ −4°C,≤−4°C,2,20444,0,20444,0.0,,2841.5592838974762,LOW_EVENT_COUNT,,,,,,,
Southeast,A20,April 20,Irrigated,990004,VSS,Heat,flowering/silking proxy (ADAT ±7 d),H30,Tmax ≥ 30°C,≥30°C,3,20444,11771,8673,57.5767951477206,2906.509472432249,2753.4088550674505,ESTIMABLE,0.037865247186258666,-0.037865247186258666,-0.001375213387454987,4.4706180811328515,-8.800115674840214,8.724385180467696,0.9932421570456363
Southeast,A20,April 20,Irrigated,990004,VSS,Heat,flowering/silking proxy (ADAT ±7 d),H35,Tmax ≥ 35°C,≥35°C,4,20444,1110,19334,5.429465857953434,2870.69009009009,2839.8868314885694,ESTIMABLE,-44.61260298042336,44.61260298042336,1.5709289006083034,8.793756246272727,27.37715744890468,61.84804851194204,3.9115319623051526e-07
Southeast,A20,April 20,Irrigated,990004,VSS,Heat,flowering/silking proxy (ADAT ±7 d),H38,Tmax ≥ 38°C,≥38°C,5,20444,222,20222,1.0858931715906868,2485.6216216216217,2845.466818316685,ESTIMABLE,-2.5815391836240438,2.5815391836240438,0.09072462792418803,16.63758128765707,-30.027520930041348,35.19059929728944,0.8766927144218353
Northwest,M1,May 1,Rainfed,990001,LS,Cold,late season before/on maturity,C0,Tmin ≤ 0°C,≤0°C,0,18962,336,18626,1.7719649825967725,2987.589285714286,2151.7033716310534,ESTIMABLE,424.42764643230333,-424.42764643230333,-19.725193166871087,77.67112245950804,-576.6602490917392,-272.1950437728675,4.644223795146611e-08
Northwest,M1,May 1,Rainfed,990001,LS,Cold,late season before/on maturity,Cm2p2,Tmin ≤ −2.2°C,≤−2.2°C,1,18962,36,18926,0.18985339099251133,781.6666666666666,2169.149159885871,ESTIMABLE,45.09647390370928,-45.09647390370928,-2.0789936781517606,29.43209029353829,-102.78231086877524,12.589363061356678,0.12546784872063205
Northwest,M1,May 1,Rainfed,990001,LS,Cold,late season before/on maturity,Cm4,Tmin ≤ −4°C,≤−4°C,2,18962,0,18962,0.0,,2166.5149773230673,LOW_EVENT_COUNT,,,,,,,
Northwest,M1,May 1,Rainfed,990001,LS,Heat,flowering/silking proxy (ADAT ±7 d),H30,Tmax ≥ 30°C,≥30°C,3,18831,18831,0,100.0,2181.5865859487017,,LOW_EVENT_COUNT,,,,,,,
Northwest,M1,May 1,Rainfed,990001,LS,Heat,flowering/silking proxy (ADAT ±7 d),H35,Tmax ≥ 35°C,≥35°C,4,18831,18272,559,97.03149062715735,2077.546081436077,5582.352415026834,ESTIMABLE,-602.6302202296849,602.6302202296849,10.795273666483274,53.19552809693965,498.3689010210947,706.8915394382751,9.471937155255078e-30
Northwest,M1,May 1,Rainfed,990001,LS,Heat,flowering/silking proxy (ADAT ±7 d),H38,Tmax ≥ 38°C,≥38°C,5,18831,14063,4768,74.68004885561042,1657.4870937922208,3727.3942953020132,ESTIMABLE,-419.65066240516035,419.65066240516035,11.258553004013706,26.3660513251674,367.9741513932977,471.327173417023,4.8821769602888023e-57
Northwest,M1,May 1,Rainfed,990002,MS,Cold,late season before/on maturity,C0,Tmin ≤ 0°C,≤0°C,0,18962,0,18962,0.0,,2860.122402700137,LOW_EVENT_COUNT,,,,,,,
Northwest,M1,May 1,Rainfed,990002,MS,Cold,late season before/on maturity,Cm2p2,Tmin ≤ −2.2°C,≤−2.2°C,1,18962,0,18962,0.0,,2860.122402700137,LOW_EVENT_COUNT,,,,,,,
Northwest,M1,May 1,Rainfed,990002,MS,Cold,late season before/on maturity,Cm4,Tmin ≤ −4°C,≤−4°C,2,18962,0,18962,0.0,,2860.122402700137,LOW_EVENT_COUNT,,,,,,,
Northwest,M1,May 1,Rainfed,990002,MS,Heat,flowering/silking proxy (ADAT ±7 d),H30,Tmax ≥ 30°C,≥30°C,3,18831,18831,0,100.0,2880.0191705167013,,LOW_EVENT_COUNT,,,,,,,
Northwest,M1,May 1,Rainfed,990002,MS,Heat,flowering/silking proxy (ADAT ±7 d),H35,Tmax ≥ 35°C,≥35°C,4,18831,18110,721,96.17120705220115,2751.7950303699613,6100.7392510402215,ESTIMABLE,-710.2992627360375,710.2992627360375,11.642839228293951,37.8291941837544,636.1554045717068,784.4431209003682,1.1761503348991797e-78
Northwest,M1,May 1,Rainfed,990002,MS,Heat,flowering/silking proxy (ADAT ±7 d),H38,Tmax ≥ 38°C,≥38°C,5,18831,14180,4651,75.30136477085657,2381.9153737658676,4398.641367447861,ESTIMABLE,-599.096352632692,599.096352632692,13.620031791323195,30.268724272575586,539.7707432004704,658.4219620649135,3.4487832260350125e-87
Northwest,M1,May 1,Rainfed,990003,SS,Cold,late season before/on maturity,C0,Tmin ≤ 0°C,≤0°C,0,18962,0,18962,0.0,,2307.600569560173,LOW_EVENT_COUNT,,,,,,,
Northwest,M1,May 1,Rainfed,990003,SS,Cold,late season before/on maturity,Cm2p2,Tmin ≤ −2.2°C,≤−2.2°C,1,18962,0,18962,0.0,,2307.600569560173,LOW_EVENT_COUNT,,,,,,,
Northwest,M1,May 1,Rainfed,990003,SS,Cold,late season before/on maturity,Cm4,Tmin ≤ −4°C,≤−4°C,2,18962,0,18962,0.0,,2307.600569560173,LOW_EVENT_COUNT,,,,,,,
Northwest,M1,May 1,Rainfed,990003,SS,Heat,flowering/silking proxy (ADAT ±7 d),H30,Tmax ≥ 30°C,≥30°C,3,18831,18831,0,100.0,2323.653656205194,,LOW_EVENT_COUNT,,,,,,,
Northwest,M1,May 1,Rainfed,990003,SS,Heat,flowering/silking proxy (ADAT ±7 d),H35,Tmax ≥ 35°C,≥35°C,4,18831,17637,1194,93.6593914290266,2277.169813460339,3010.283082077052,ESTIMABLE,-246.4629021647876,246.4629021647876,8.187366285656157,27.66444401260212,192.2415882477627,300.6842160818125,5.148869353095333e-19
Northwest,M1,May 1,Rainfed,990003,SS,Heat,flowering/silking proxy (ADAT ±7 d),H38,Tmax ≥ 38°C,≥38°C,5,18831,12075,6756,64.12298868886411,1786.9902277432711,3282.832297217288,ESTIMABLE,-602.7846337813685,602.7846337813685,18.361724852418515,21.019038351434446,561.5880756228909,643.9811919398461,7.170930259521801e-181
Northwest,M1,May 1,Rainfed,990004,VSS,Cold,late season before/on maturity,C0,Tmin ≤ 0°C,≤0°C,0,18962,0,18962,0.0,,2298.5657103681046,LOW_EVENT_COUNT,,,,,,,
Northwest,M1,May 1,Rainfed,990004,VSS,Cold,late season before/on maturity,Cm2p2,Tmin ≤ −2.2°C,≤−2.2°C,1,18962,0,18962,0.0,,2298.5657103681046,LOW_EVENT_COUNT,,,,,,,
Northwest,M1,May 1,Rainfed,990004,VSS,Cold,late season before/on maturity,Cm4,Tmin ≤ −4°C,≤−4°C,2,18962,0,18962,0.0,,2298.5657103681046,LOW_EVENT_COUNT,,,,,,,
Northwest,M1,May 1,Rainfed,990004,VSS,Heat,flowering/silking proxy (ADAT ±7 d),H30,Tmax ≥ 30°C,≥30°C,3,18831,18646,185,99.01757739896978,2314.2821516679182,2342.1513513513514,ESTIMABLE,181.00035757077669,-181.00035757077669,-7.727953083234561,23.51561895654184,-227.09012379976605,-134.91059134178732,1.3926831395081285e-14
Northwest,M1,May 1,Rainfed,990004,VSS,Heat,flowering/silking proxy (ADAT ±7 d),H35,Tmax ≥ 35°C,≥35°C,4,18831,11841,6990,62.88035685837183,2133.9181656954647,2620.554792560801,ESTIMABLE,-167.40087856136924,167.40087856136924,6.387993833847123,10.250148486515158,147.31095669161178,187.4908004311267,5.886327771803328e-60
Northwest,M1,May 1,Rainfed,990004,VSS,Heat,flowering/silking proxy (ADAT ±7 d),H38,Tmax ≥ 38°C,≥38°C,5,18831,5647,13184,29.987786097392597,1668.029927395077,2591.4773968446602,ESTIMABLE,-248.50742369355888,248.50742369355888,9.589411198266186,10.934690422768966,227.07582428283663,269.9390231042811,2.4502034216728623e-114
Northwest,M1,May 1,Irrigated,990001,LS,Cold,late season before/on maturity,C0,Tmin ≤ 0°C,≤0°C,0,18962,586,18376,3.0903913089336568,8264.984641638226,7237.379135829343,ESTIMABLE,346.53276650488476,-346.53276650488476,-4.788097459055875,30.668694986254092,-406.6423041307869,-286.4232288789826,1.323672596840456e-29
Northwest,M1,May 1,Irrigated,990001,LS,Cold,late season before/on maturity,Cm2p2,Tmin ≤ −2.2°C,≤−2.2°C,1,18962,84,18878,0.4429912456491931,8929.285714285714,7261.749125966734,ESTIMABLE,405.6725876541116,-405.6725876541116,-5.586430770563225,60.412193462179474,-524.0783110670495,-287.2668642411737,1.8796572280849083e-11
Northwest,M1,May 1,Irrigated,990001,LS,Cold,late season before/on maturity,Cm4,Tmin ≤ −4°C,≤−4°C,2,18962,0,18962,0.0,,7269.136167070984,LOW_EVENT_COUNT,,,,,,,
Northwest,M1,May 1,Irrigated,990001,LS,Heat,flowering/silking proxy (ADAT ±7 d),H30,Tmax ≥ 30°C,≥30°C,3,18962,18962,0,100.0,7269.136167070984,,LOW_EVENT_COUNT,,,,,,,
Northwest,M1,May 1,Irrigated,990001,LS,Heat,flowering/silking proxy (ADAT ±7 d),H35,Tmax ≥ 35°C,≥35°C,4,18962,18325,637,96.64064972049361,7194.6227012278305,9412.714285714286,ESTIMABLE,-331.0598978834281,331.0598978834281,3.5171565590371636,15.800580927750957,300.09132833022574,362.0284674366305,1.7845553790547892e-97
Northwest,M1,May 1,Irrigated,990001,LS,Heat,flowering/silking proxy (ADAT ±7 d),H38,Tmax ≥ 38°C,≥38°C,5,18962,14159,4803,74.67039341841578,6893.324104809662,8377.011034769936,ESTIMABLE,-125.5694824250272,125.5694824250272,1.498977163857536,12.713825231705078,100.65084286514865,150.48812198490577,5.258214093167332e-23
Northwest,M1,May 1,Irrigated,990002,MS,Cold,late season before/on maturity,C0,Tmin ≤ 0°C,≤0°C,0,18962,0,18962,0.0,,8135.232886826284,LOW_EVENT_COUNT,,,,,,,
Northwest,M1,May 1,Irrigated,990002,MS,Cold,late season before/on maturity,Cm2p2,Tmin ≤ −2.2°C,≤−2.2°C,1,18962,0,18962,0.0,,8135.232886826284,LOW_EVENT_COUNT,,,,,,,
Northwest,M1,May 1,Irrigated,990002,MS,Cold,late season before/on maturity,Cm4,Tmin ≤ −4°C,≤−4°C,2,18962,0,18962,0.0,,8135.232886826284,LOW_EVENT_COUNT,,,,,,,
Northwest,M1,May 1,Irrigated,990002,MS,Heat,flowering/silking proxy (ADAT ±7 d),H30,Tmax ≥ 30°C,≥30°C,3,18962,18962,0,100.0,8135.232886826284,,LOW_EVENT_COUNT,,,,,,,
Northwest,M1,May 1,Irrigated,990002,MS,Heat,flowering/silking proxy (ADAT ±7 d),H35,Tmax ≥ 35°C,≥35°C,4,18962,18241,721,96.19765847484443,8115.385231072858,8637.370319001388,ESTIMABLE,32.34408962856995,-32.34408962856995,-0.37446686241315885,18.743285051593567,-69.0802532816613,4.392074024521413,0.08441289754876695
Northwest,M1,May 1,Irrigated,990002,MS,Heat,flowering/silking proxy (ADAT ±7 d),H38,Tmax ≥ 38°C,≥38°C,5,18962,14309,4653,75.46144921421791,8032.5474875952195,8451.01310982162,ESTIMABLE,49.37498497430585,-49.37498497430585,-0.5842493004409507,14.513328887648763,-77.8205868898822,-20.929383058729513,0.0006688384310807549
Northwest,M1,May 1,Irrigated,990003,SS,Cold,late season before/on maturity,C0,Tmin ≤ 0°C,≤0°C,0,18962,0,18962,0.0,,4659.994937242906,LOW_EVENT_COUNT,,,,,,,
Northwest,M1,May 1,Irrigated,990003,SS,Cold,late season before/on maturity,Cm2p2,Tmin ≤ −2.2°C,≤−2.2°C,1,18962,0,18962,0.0,,4659.994937242906,LOW_EVENT_COUNT,,,,,,,
Northwest,M1,May 1,Irrigated,990003,SS,Cold,late season before/on maturity,Cm4,Tmin ≤ −4°C,≤−4°C,2,18962,0,18962,0.0,,4659.994937242906,LOW_EVENT_COUNT,,,,,,,
Northwest,M1,May 1,Irrigated,990003,SS,Heat,flowering/silking proxy (ADAT ±7 d),H30,Tmax ≥ 30°C,≥30°C,3,18962,18962,0,100.0,4659.994937242906,,LOW_EVENT_COUNT,,,,,,,
Northwest,M1,May 1,Irrigated,990003,SS,Heat,flowering/silking proxy (ADAT ±7 d),H35,Tmax ≥ 35°C,≥35°C,4,18962,17744,1218,93.5766269380867,4667.924481514879,4544.476190476191,ESTIMABLE,2.276756426388319,-2.276756426388319,-0.0500994246852848,10.700533260643288,-23.249416232622117,18.695903379845475,0.8315060754772047
Northwest,M1,May 1,Irrigated,990003,SS,Heat,flowering/silking proxy (ADAT ±7 d),H38,Tmax ≥ 38°C,≥38°C,5,18962,11959,7003,63.068241746651196,4519.867212977674,4899.290589747251,ESTIMABLE,-1.426937406390058,1.426937406390058,0.02912538826286832,8.278153536914772,-14.79794538445576,17.651820197235875,0.8631436091568245
Northwest,M1,May 1,Irrigated,990004,VSS,Cold,late season before/on maturity,C0,Tmin ≤ 0°C,≤0°C,0,18962,0,18962,0.0,,2906.298017086805,LOW_EVENT_COUNT,,,,,,,
Northwest,M1,May 1,Irrigated,990004,VSS,Cold,late season before/on maturity,Cm2p2,Tmin ≤ −2.2°C,≤−2.2°C,1,18962,0,18962,0.0,,2906.298017086805,LOW_EVENT_COUNT,,,,,,,
Northwest,M1,May 1,Irrigated,990004,VSS,Cold,late season before/on maturity,Cm4,Tmin ≤ −4°C,≤−4°C,2,18962,0,18962,0.0,,2906.298017086805,LOW_EVENT_COUNT,,,,,,,
Northwest,M1,May 1,Irrigated,990004,VSS,Heat,flowering/silking proxy (ADAT ±7 d),H30,Tmax ≥ 30°C,≥30°C,3,18962,18710,252,98.67102626305243,2912.9250133618384,2414.2698412698414,ESTIMABLE,89.00174646135278,-89.00174646135278,-3.6864871084393878,11.568720726066752,-111.67602243164568,-66.32747049105988,1.433773723488684e-14
Northwest,M1,May 1,Irrigated,990004,VSS,Heat,flowering/silking proxy (ADAT ±7 d),H35,Tmax ≥ 35°C,≥35°C,4,18962,11795,7167,62.2033540765742,2925.3996608732514,2874.861727361518,ESTIMABLE,-87.6357479456843,87.6357479456843,3.048346538256446,5.783037529596561,76.30120266643155,98.97029322493705,7.136787949980877e-52
Northwest,M1,May 1,Irrigated,990004,VSS,Heat,flowering/silking proxy (ADAT ±7 d),H38,Tmax ≥ 38°C,≥38°C,5,18962,5671,13291,29.907182786625885,2820.3267501322516,2942.980212173651,ESTIMABLE,-158.56964221780632,158.56964221780632,5.388063486185951,5.516354695396914,147.75778568887995,169.3814987467327,1.0349518403766163e-181
Northcentral,M1,May 1,Rainfed,990001,LS,Cold,late season before/on maturity,C0,Tmin ≤ 0°C,≤0°C,0,19456,267,19189,1.372327302631579,7593.40074906367,3122.0530512272658,ESTIMABLE,1136.368182403129,-1136.368182403129,-36.398106110222166,46.33393643458493,-1227.1810290768835,-1045.5553357293743,7.875934810484575e-133
Northcentral,M1,May 1,Rainfed,990001,LS,Cold,late season before/on maturity,Cm2p2,Tmin ≤ −2.2°C,≤−2.2°C,1,19456,81,19375,0.41632401315789475,9142.469135802468,3158.501883870968,ESTIMABLE,628.3751122274911,-628.3751122274911,-19.894720197455534,46.24992933540752,-719.0233080124124,-537.7269164425697,4.8150037476014664e-42
Northcentral,M1,May 1,Rainfed,990001,LS,Cold,late season before/on maturity,Cm4,Tmin ≤ −4°C,≤−4°C,2,19456,57,19399,0.29296875,11165.736842105263,3159.960152585185,ESTIMABLE,627.4433443275542,-627.4433443275542,-19.856052419339484,62.70451918008178,-750.3419435884156,-504.5447450666929,1.429292715518368e-23
Northcentral,M1,May 1,Rainfed,990001,LS,Heat,flowering/silking proxy (ADAT ±7 d),H30,Tmax ≥ 30°C,≥30°C,3,19456,19456,0,100.0,3183.4145764802633,,LOW_EVENT_COUNT,,,,,,,
Northcentral,M1,May 1,Rainfed,990001,LS,Heat,flowering/silking proxy (ADAT ±7 d),H35,Tmax ≥ 35°C,≥35°C,4,19456,17982,1474,92.42393092105263,2822.4265932599264,7587.272048846676,ESTIMABLE,-699.4139913816036,699.4139913816036,9.218253766028068,34.995415119466415,630.824238123421,768.0037446397863,7.30945544471323e-89
Northcentral,M1,May 1,Rainfed,990001,LS,Heat,flowering/silking proxy (ADAT ±7 d),H38,Tmax ≥ 38°C,≥38°C,5,19456,13711,5745,70.47183388157895,2268.916928014003,5365.951958224543,ESTIMABLE,-883.0529470501876,883.0529470501876,16.456594355018552,27.962920826633777,828.2466293274405,937.8592647729348,7.076731152518763e-219
Northcentral,M1,May 1,Rainfed,990002,MS,Cold,late season before/on maturity,C0,Tmin ≤ 0°C,≤0°C,0,19456,0,19456,0.0,,4067.1772717927633,LOW_EVENT_COUNT,,,,,,,
Northcentral,M1,May 1,Rainfed,990002,MS,Cold,late season before/on maturity,Cm2p2,Tmin ≤ −2.2°C,≤−2.2°C,1,19456,0,19456,0.0,,4067.1772717927633,LOW_EVENT_COUNT,,,,,,,
Northcentral,M1,May 1,Rainfed,990002,MS,Cold,late season before/on maturity,Cm4,Tmin ≤ −4°C,≤−4°C,2,19456,0,19456,0.0,,4067.1772717927633,LOW_EVENT_COUNT,,,,,,,
Northcentral,M1,May 1,Rainfed,990002,MS,Heat,flowering/silking proxy (ADAT ±7 d),H30,Tmax ≥ 30°C,≥30°C,3,19456,19456,0,100.0,4067.1772717927633,,LOW_EVENT_COUNT,,,,,,,
Northcentral,M1,May 1,Rainfed,990002,MS,Heat,flowering/silking proxy (ADAT ±7 d),H35,Tmax ≥ 35°C,≥35°C,4,19456,16317,3139,83.86615953947368,3473.444076729791,7153.492832112138,ESTIMABLE,-434.3994420337439,434.3994420337439,6.0725501825306685,38.137535339575564,359.6512463090523,509.14763775843556,4.6717059657820326e-30
Northcentral,M1,May 1,Rainfed,990002,MS,Heat,flowering/silking proxy (ADAT ±7 d),H38,Tmax ≥ 38°C,≥38°C,5,19456,11074,8382,56.91817434210526,2737.82499548492,5823.470174182773,ESTIMABLE,-958.392048539336,958.392048539336,16.45740460367053,27.96808183478895,903.5756154264807,1013.2084816521913,2.4058357994747133e-257
Northcentral,M1,May 1,Rainfed,990003,SS,Cold,late season before/on maturity,C0,Tmin ≤ 0°C,≤0°C,0,19456,0,19456,0.0,,3237.0057565789475,LOW_EVENT_COUNT,,,,,,,
Northcentral,M1,May 1,Rainfed,990003,SS,Cold,late season before/on maturity,Cm2p2,Tmin ≤ −2.2°C,≤−2.2°C,1,19456,0,19456,0.0,,3237.0057565789475,LOW_EVENT_COUNT,,,,,,,
Northcentral,M1,May 1,Rainfed,990003,SS,Cold,late season before/on maturity,Cm4,Tmin ≤ −4°C,≤−4°C,2,19456,0,19456,0.0,,3237.0057565789475,LOW_EVENT_COUNT,,,,,,,
Northcentral,M1,May 1,Rainfed,990003,SS,Heat,flowering/silking proxy (ADAT ±7 d),H30,Tmax ≥ 30°C,≥30°C,3,19456,19342,114,99.4140625,3229.5627132664667,4499.8421052631575,ESTIMABLE,-262.1946300196845,262.1946300196845,5.826751781201686,24.515523803653917,214.14508630238842,310.24417373698054,1.0736753664880344e-26
Northcentral,M1,May 1,Rainfed,990003,SS,Heat,flowering/silking proxy (ADAT ±7 d),H35,Tmax ≥ 35°C,≥35°C,4,19456,14187,5269,72.91837993421052,2888.841404102347,4174.452647561207,ESTIMABLE,-226.70535846908686,226.70535846908686,5.430780454571268,12.733789612650014,201.7475894415826,251.66312749659113,6.644910122024821e-71
Northcentral,M1,May 1,Rainfed,990003,SS,Heat,flowering/silking proxy (ADAT ±7 d),H38,Tmax ≥ 38°C,≥38°C,5,19456,6127,13329,31.49157072368421,2168.57907622001,3728.1341435966688,ESTIMABLE,-527.2671148292901,527.2671148292901,14.142922290897397,11.163270340818555,505.38750701160154,549.1467226469787,0.0
Northcentral,M1,May 1,Rainfed,990004,VSS,Cold,late season before/on maturity,C0,Tmin ≤ 0°C,≤0°C,0,19456,0,19456,0.0,,2594.8449835526317,LOW_EVENT_COUNT,,,,,,,
Northcentral,M1,May 1,Rainfed,990004,VSS,Cold,late season before/on maturity,Cm2p2,Tmin ≤ −2.2°C,≤−2.2°C,1,19456,0,19456,0.0,,2594.8449835526317,LOW_EVENT_COUNT,,,,,,,
Northcentral,M1,May 1,Rainfed,990004,VSS,Cold,late season before/on maturity,Cm4,Tmin ≤ −4°C,≤−4°C,2,19456,0,19456,0.0,,2594.8449835526317,LOW_EVENT_COUNT,,,,,,,
Northcentral,M1,May 1,Rainfed,990004,VSS,Heat,flowering/silking proxy (ADAT ±7 d),H30,Tmax ≥ 30°C,≥30°C,3,19456,18647,809,95.84189967105263,2614.0097602831556,2153.107540173053,ESTIMABLE,-7.620070264746348,7.620070264746348,0.35391034226436713,16.184954894720864,-24.101858420311807,39.341998949804506,0.6377750261208539
Northcentral,M1,May 1,Rainfed,990004,VSS,Heat,flowering/silking proxy (ADAT ±7 d),H35,Tmax ≥ 35°C,≥35°C,4,19456,8801,10655,45.235402960526315,2427.236791273719,2733.2888784608167,ESTIMABLE,9.044659736466137,-9.044659736466137,-0.3309075673537812,8.814942736464205,-26.321630025718928,8.232310552786654,0.30486332502902797
Northcentral,M1,May 1,Rainfed,990004,VSS,Heat,flowering/silking proxy (ADAT ±7 d),H38,Tmax ≥ 38°C,≥38°C,5,19456,2779,16677,14.283511513157896,1878.604174163368,2714.1969778737184,ESTIMABLE,-279.70960045437903,279.70960045437903,10.305427451824128,11.962359264064027,256.26380712668447,303.1553937820736,6.4434375013373615e-121
Northcentral,M1,May 1,Irrigated,990001,LS,Cold,late season before/on maturity,C0,Tmin ≤ 0°C,≤0°C,0,19456,267,19189,1.372327302631579,8969.426966292134,6460.663713585908,ESTIMABLE,797.5030907756989,-797.5030907756989,-12.343980837427846,36.26152521828702,-868.5743742280323,-726.4318073233654,3.3533569090464546e-107
Northcentral,M1,May 1,Irrigated,990001,LS,Cold,late season before/on maturity,Cm2p2,Tmin ≤ −2.2°C,≤−2.2°C,1,19456,81,19375,0.41632401315789475,9959.74074074074,6480.60769032258,ESTIMABLE,212.37117888642635,-212.37117888642635,-3.2770256900993697,20.648777316521414,-252.84203875159594,-171.90031902125676,8.24040169846353e-25
Northcentral,M1,May 1,Irrigated,990001,LS,Cold,late season before/on maturity,Cm4,Tmin ≤ −4°C,≤−4°C,2,19456,57,19399,0.29296875,11165.736842105263,6481.368421052632,ESTIMABLE,234.08573721205263,-234.08573721205263,-3.6116715175718253,21.10990031020154,-275.4603815372786,-192.7110928868267,1.4201108996763735e-28
Northcentral,M1,May 1,Irrigated,990001,LS,Heat,flowering/silking proxy (ADAT ±7 d),H30,Tmax ≥ 30°C,≥30°C,3,19456,19456,0,100.0,6495.092156661184,,LOW_EVENT_COUNT,,,,,,,
Northcentral,M1,May 1,Irrigated,990001,LS,Heat,flowering/silking proxy (ADAT ±7 d),H35,Tmax ≥ 35°C,≥35°C,4,19456,17950,1506,92.25945723684211,6290.675988857939,8931.526560424967,ESTIMABLE,-238.07129331829628,238.07129331829628,2.665516266538077,15.838868320205052,207.02768185482196,269.11490478177063,4.612099491708643e-51
Northcentral,M1,May 1,Irrigated,990001,LS,Heat,flowering/silking proxy (ADAT ±7 d),H38,Tmax ≥ 38°C,≥38°C,5,19456,13610,5846,69.95271381578948,6031.123879500367,7575.250940814232,ESTIMABLE,-9.11008387137073,9.11008387137073,0.12026114966419217,17.698121358886567,-25.577596586066026,43.79776432880749,0.6067286805618435
Northcentral,M1,May 1,Irrigated,990002,MS,Cold,late season before/on maturity,C0,Tmin ≤ 0°C,≤0°C,0,19456,0,19456,0.0,,7148.110608552632,LOW_EVENT_COUNT,,,,,,,
Northcentral,M1,May 1,Irrigated,990002,MS,Cold,late season before/on maturity,Cm2p2,Tmin ≤ −2.2°C,≤−2.2°C,1,19456,0,19456,0.0,,7148.110608552632,LOW_EVENT_COUNT,,,,,,,
Northcentral,M1,May 1,Irrigated,990002,MS,Cold,late season before/on maturity,Cm4,Tmin ≤ −4°C,≤−4°C,2,19456,0,19456,0.0,,7148.110608552632,LOW_EVENT_COUNT,,,,,,,
Northcentral,M1,May 1,Irrigated,990002,MS,Heat,flowering/silking proxy (ADAT ±7 d),H30,Tmax ≥ 30°C,≥30°C,3,19456,19456,0,100.0,7148.110608552632,,LOW_EVENT_COUNT,,,,,,,
Northcentral,M1,May 1,Irrigated,990002,MS,Heat,flowering/silking proxy (ADAT ±7 d),H35,Tmax ≥ 35°C,≥35°C,4,19456,16314,3142,83.85074013157895,6947.541436802746,8189.512730744748,ESTIMABLE,-70.48776701347595,70.48776701347595,0.8607077042429342,20.181409493064695,30.932931249814395,110.04260277713749,0.0004781493492844503
Northcentral,M1,May 1,Irrigated,990002,MS,Heat,flowering/silking proxy (ADAT ±7 d),H38,Tmax ≥ 38°C,≥38°C,5,19456,11071,8385,56.90275493421053,6626.124288682143,7837.306857483602,ESTIMABLE,-264.4043334658703,264.4043334658703,3.3736631507977615,13.44063952011036,238.0611640772683,290.7475028544723,3.74665670917922e-86
Northcentral,M1,May 1,Irrigated,990003,SS,Cold,late season before/on maturity,C0,Tmin ≤ 0°C,≤0°C,0,19456,0,19456,0.0,,4204.680612664473,LOW_EVENT_COUNT,,,,,,,
Northcentral,M1,May 1,Irrigated,990003,SS,Cold,late season before/on maturity,Cm2p2,Tmin ≤ −2.2°C,≤−2.2°C,1,19456,0,19456,0.0,,4204.680612664473,LOW_EVENT_COUNT,,,,,,,
Northcentral,M1,May 1,Irrigated,990003,SS,Cold,late season before/on maturity,Cm4,Tmin ≤ −4°C,≤−4°C,2,19456,0,19456,0.0,,4204.680612664473,LOW_EVENT_COUNT,,,,,,,
Northcentral,M1,May 1,Irrigated,990003,SS,Heat,flowering/silking proxy (ADAT ±7 d),H30,Tmax ≥ 30°C,≥30°C,3,19456,19342,114,99.4140625,4202.94095750181,4499.8421052631575,ESTIMABLE,-314.98052536817124,314.98052536817124,6.999812837871802,28.775911868396317,258.5807744838158,371.3802762525267,6.946324797611762e-28
Northcentral,M1,May 1,Irrigated,990003,SS,Heat,flowering/silking proxy (ADAT ±7 d),H35,Tmax ≥ 35°C,≥35°C,4,19456,14190,5266,72.93379934210526,4111.636575052854,4455.401253323205,ESTIMABLE,-79.90374583744267,79.90374583744267,1.7934130125281955,10.693393081547372,58.94508052508004,100.8624111498053,7.883284165018158e-14
Northcentral,M1,May 1,Irrigated,990003,SS,Heat,flowering/silking proxy (ADAT ±7 d),H38,Tmax ≥ 38°C,≥38°C,5,19456,6106,13350,31.38363486842105,3866.360465116279,4359.420898876405,ESTIMABLE,-170.4114601358231,170.4114601358231,3.909038931747675,6.358489672104275,157.94904938242883,182.87387088921736,3.1779846921575586e-158
Northcentral,M1,May 1,Irrigated,990004,VSS,Cold,late season before/on maturity,C0,Tmin ≤ 0°C,≤0°C,0,19456,0,19456,0.0,,2744.9953741776317,LOW_EVENT_COUNT,,,,,,,
Northcentral,M1,May 1,Irrigated,990004,VSS,Cold,late season before/on maturity,Cm2p2,Tmin ≤ −2.2°C,≤−2.2°C,1,19456,0,19456,0.0,,2744.9953741776317,LOW_EVENT_COUNT,,,,,,,
Northcentral,M1,May 1,Irrigated,990004,VSS,Cold,late season before/on maturity,Cm4,Tmin ≤ −4°C,≤−4°C,2,19456,0,19456,0.0,,2744.9953741776317,LOW_EVENT_COUNT,,,,,,,
Northcentral,M1,May 1,Irrigated,990004,VSS,Heat,flowering/silking proxy (ADAT ±7 d),H30,Tmax ≥ 30°C,≥30°C,3,19456,18647,809,95.84189967105263,2769.187322357484,2187.3844252163162,ESTIMABLE,-82.15679299361726,82.15679299361726,3.7559375501858825,15.8028704032746,51.18373615084508,113.12984983638944,2.0052251464144337e-07
Northcentral,M1,May 1,Irrigated,990004,VSS,Heat,flowering/silking proxy (ADAT ±7 d),H35,Tmax ≥ 35°C,≥35°C,4,19456,8710,10746,44.76768092105263,2716.0708381171066,2768.4396984924624,ESTIMABLE,40.36163528888215,-40.36163528888215,-1.4579199724256533,5.798341356871633,-51.72617551841966,-28.997095059344637,3.3812188737685156e-12
Northcentral,M1,May 1,Irrigated,990004,VSS,Heat,flowering/silking proxy (ADAT ±7 d),H38,Tmax ≥ 38°C,≥38°C,5,19456,2969,16487,15.260074013157896,2516.18861569552,2786.19918723843,ESTIMABLE,-3.135553140921509,3.135553140921509,0.11253872857630629,6.510918700480505,-9.625613018288613,15.89671930013163,0.6301016179014587
Northeast,M1,May 1,Rainfed,990001,LS,Cold,late season before/on maturity,C0,Tmin ≤ 0°C,≤0°C,0,17746,831,16915,4.682745407415756,8786.963898916967,4826.616848950635,ESTIMABLE,910.5045006318346,-910.5045006318346,-18.864238225783126,48.34966996796963,-1005.268112433453,-815.7408888302162,4.155363039070405e-79
Northeast,M1,May 1,Rainfed,990001,LS,Cold,late season before/on maturity,Cm2p2,Tmin ≤ −2.2°C,≤−2.2°C,1,17746,111,17635,0.6254930688605883,10449.315315315316,4977.846158208109,ESTIMABLE,813.9458264526584,-813.9458264526584,-16.351365642558488,62.126019947590414,-935.7105880527525,-692.1810648525642,3.226924072973524e-39
Northeast,M1,May 1,Rainfed,990001,LS,Cold,late season before/on maturity,Cm4,Tmin ≤ −4°C,≤−4°C,2,17746,96,17650,0.5409669784740223,10428.427083333334,4982.609745042493,ESTIMABLE,691.7847056434905,-691.7847056434905,-13.883983314803851,56.03457926188527,-801.6104628856406,-581.9589484013404,5.14013062304027e-35
Northeast,M1,May 1,Rainfed,990001,LS,Heat,flowering/silking proxy (ADAT ±7 d),H30,Tmax ≥ 30°C,≥30°C,3,17746,17719,27,99.84785303730418,5010.098143236074,6306.0,ESTIMABLE,-470.88915278915283,470.88915278915283,7.467319264020819,55.70105399953131,361.7170930491507,580.0612125291549,2.818167930083894e-17
Northeast,M1,May 1,Rainfed,990001,LS,Heat,flowering/silking proxy (ADAT ±7 d),H35,Tmax ≥ 35°C,≥35°C,4,17746,11639,6107,65.58661106728277,3777.98771372111,7364.039954150974,ESTIMABLE,-532.3241830098527,532.3241830098527,7.228697648629558,22.231672315706014,488.7509059549728,575.8974600647327,1.0567255457005091e-126
Northeast,M1,May 1,Rainfed,990001,LS,Heat,flowering/silking proxy (ADAT ±7 d),H38,Tmax ≥ 38°C,≥38°C,5,17746,7967,9779,44.894624140651416,2687.8688339400023,6905.607935371715,ESTIMABLE,-974.7148295403944,974.7148295403944,14.114830130273353,32.74831669420818,910.5293082654346,1038.9003508153542,1.1490840728515121e-194
Northeast,M1,May 1,Rainfed,990002,MS,Cold,late season before/on maturity,C0,Tmin ≤ 0°C,≤0°C,0,17746,0,17746,0.0,,6151.620646906345,LOW_EVENT_COUNT,,,,,,,
Northeast,M1,May 1,Rainfed,990002,MS,Cold,late season before/on maturity,Cm2p2,Tmin ≤ −2.2°C,≤−2.2°C,1,17746,0,17746,0.0,,6151.620646906345,LOW_EVENT_COUNT,,,,,,,
Northeast,M1,May 1,Rainfed,990002,MS,Cold,late season before/on maturity,Cm4,Tmin ≤ −4°C,≤−4°C,2,17746,0,17746,0.0,,6151.620646906345,LOW_EVENT_COUNT,,,,,,,
Northeast,M1,May 1,Rainfed,990002,MS,Heat,flowering/silking proxy (ADAT ±7 d),H30,Tmax ≥ 30°C,≥30°C,3,17746,17706,40,99.77459709230249,6147.507850446176,7972.15,ESTIMABLE,-641.372166867739,641.372166867739,8.045159296648194,67.12285775623269,509.81378312611787,772.9305506093601,1.2334834967547774e-21
Northeast,M1,May 1,Rainfed,990002,MS,Heat,flowering/silking proxy (ADAT ±7 d),H35,Tmax ≥ 35°C,≥35°C,4,17746,9278,8468,52.28220444043728,4531.682043543868,7926.513226263581,ESTIMABLE,-714.4365012884051,714.4365012884051,9.013250604581126,35.17222920562179,645.5001987893986,783.3728037874116,9.966392603497119e-92
Northeast,M1,May 1,Rainfed,990002,MS,Heat,flowering/silking proxy (ADAT ±7 d),H38,Tmax ≥ 38°C,≥38°C,5,17746,4973,12773,28.023216499492843,3441.4076010456465,7206.806545055977,ESTIMABLE,-1492.4854873287711,1492.4854873287711,20.709387410331527,41.267398963020945,1411.6028716256044,1573.3681030319378,2.06932484604823e-286
Northeast,M1,May 1,Rainfed,990003,SS,Cold,late season before/on maturity,C0,Tmin ≤ 0°C,≤0°C,0,17746,0,17746,0.0,,4133.131015440099,LOW_EVENT_COUNT,,,,,,,
Northeast,M1,May 1,Rainfed,990003,SS,Cold,late season before/on maturity,Cm2p2,Tmin ≤ −2.2°C,≤−2.2°C,1,17746,0,17746,0.0,,4133.131015440099,LOW_EVENT_COUNT,,,,,,,
Northeast,M1,May 1,Rainfed,990003,SS,Cold,late season before/on maturity,Cm4,Tmin ≤ −4°C,≤−4°C,2,17746,0,17746,0.0,,4133.131015440099,LOW_EVENT_COUNT,,,,,,,
Northeast,M1,May 1,Rainfed,990003,SS,Heat,flowering/silking proxy (ADAT ±7 d),H30,Tmax ≥ 30°C,≥30°C,3,17746,16880,866,95.12002704834893,4087.863151658768,5015.488452655889,ESTIMABLE,83.93596010672896,-83.93596010672896,-1.6735351082760788,13.03588174864652,-109.48581884079915,-58.38610137265876,1.203898261628814e-10
Northeast,M1,May 1,Rainfed,990003,SS,Heat,flowering/silking proxy (ADAT ±7 d),H35,Tmax ≥ 35°C,≥35°C,4,17746,5126,12620,28.885382621435816,3307.978540772532,4468.291996830428,ESTIMABLE,-383.47236678875015,383.47236678875015,8.582079395455027,12.13173550698512,359.6946021250935,407.2501314524068,2.7748001188452605e-219
Northeast,M1,May 1,Rainfed,990003,SS,Heat,flowering/silking proxy (ADAT ±7 d),H38,Tmax ≥ 38°C,≥38°C,5,17746,1338,16408,7.539727262481686,1963.0979073243648,4310.087640175524,ESTIMABLE,-450.9988487431905,450.9988487431905,10.463797639270833,24.6041299889235,402.77564009395854,499.2220573924224,4.750747361185538e-75
Northeast,M1,May 1,Rainfed,990004,VSS,Cold,late season before/on maturity,C0,Tmin ≤ 0°C,≤0°C,0,17746,0,17746,0.0,,2783.8269469176153,LOW_EVENT_COUNT,,,,,,,
Northeast,M1,May 1,Rainfed,990004,VSS,Cold,late season before/on maturity,Cm2p2,Tmin ≤ −2.2°C,≤−2.2°C,1,17746,0,17746,0.0,,2783.8269469176153,LOW_EVENT_COUNT,,,,,,,
Northeast,M1,May 1,Rainfed,990004,VSS,Cold,late season before/on maturity,Cm4,Tmin ≤ −4°C,≤−4°C,2,17746,0,17746,0.0,,2783.8269469176153,LOW_EVENT_COUNT,,,,,,,
Northeast,M1,May 1,Rainfed,990004,VSS,Heat,flowering/silking proxy (ADAT ±7 d),H30,Tmax ≥ 30°C,≥30°C,3,17746,14675,3071,82.69469176152373,2777.524633730835,2813.943015304461,ESTIMABLE,36.663062895564416,-36.663062895564416,-1.3029070843354507,7.2088093550479835,-50.79206960287388,-22.53405618825495,3.659458187768117e-07
Northeast,M1,May 1,Rainfed,990004,VSS,Heat,flowering/silking proxy (ADAT ±7 d),H35,Tmax ≥ 35°C,≥35°C,4,17746,3266,14480,18.404147413501633,2611.931108389467,2822.5984806629835,ESTIMABLE,-36.332776825717524,36.332776825717524,1.2872102452624976,5.883365887084401,24.80159157916055,47.8639620722745,6.595080249421932e-10
Northeast,M1,May 1,Rainfed,990004,VSS,Heat,flowering/silking proxy (ADAT ±7 d),H38,Tmax ≥ 38°C,≥38°C,5,17746,311,17435,1.7525076073481347,2862.5916398713825,2782.4219673071407,ESTIMABLE,-41.59899163524765,41.59899163524765,1.4950640889134303,22.861197628538676,-3.2081323601406453,86.40611563063595,0.06881489931903183
Northeast,M1,May 1,Irrigated,990001,LS,Cold,late season before/on maturity,C0,Tmin ≤ 0°C,≤0°C,0,17746,831,16915,4.682745407415756,8965.096269554753,6809.2147797812595,ESTIMABLE,421.1268265418355,-421.1268265418355,-6.184660642403232,26.295847001198275,-472.6657396071597,-369.5879134765113,1.0047815719252125e-57
Northeast,M1,May 1,Irrigated,990001,LS,Cold,late season before/on maturity,Cm2p2,Tmin ≤ −2.2°C,≤−2.2°C,1,17746,111,17635,0.6254930688605883,10449.315315315316,6887.89277005954,ESTIMABLE,212.14950477363962,-212.14950477363962,-3.0800349519931007,33.42695082038378,-277.66512449458344,-146.6338850526958,2.2003912780422063e-10
Northeast,M1,May 1,Irrigated,990001,LS,Cold,late season before/on maturity,Cm4,Tmin ≤ −4°C,≤−4°C,2,17746,96,17650,0.5409669784740223,10428.427083333334,6891.033087818697,ESTIMABLE,149.42753300303048,-149.42753300303048,-2.1684344146768653,29.477989753965648,-207.2033312574439,-91.65173474861707,3.9965453377985533e-07
Northeast,M1,May 1,Irrigated,990001,LS,Heat,flowering/silking proxy (ADAT ±7 d),H30,Tmax ≥ 30°C,≥30°C,3,17746,17719,27,99.84785303730418,6910.890738755009,6436.666666666667,ESTIMABLE,-44.34919919919922,44.34919919919922,0.6890087912874037,42.6964428252534,-39.33429100627103,128.03268940466947,0.29893987879564926
Northeast,M1,May 1,Irrigated,990001,LS,Heat,flowering/silking proxy (ADAT ±7 d),H35,Tmax ≥ 35°C,≥35°C,4,17746,11639,6107,65.58661106728277,6330.049059197526,8015.788766988701,ESTIMABLE,-275.607694526652,275.607694526652,3.43831034647124,9.2964440773457,257.3869989507637,293.82839010254025,3.7548492703981026e-193
Northeast,M1,May 1,Irrigated,990001,LS,Heat,flowering/silking proxy (ADAT ±7 d),H38,Tmax ≥ 38°C,≥38°C,5,17746,7967,9779,44.894624140651416,5874.856156646166,7753.643930872277,ESTIMABLE,-285.46148594427547,285.46148594427547,3.681642960255996,24.202757728326052,238.02495247020795,332.898019418343,4.1624693884240144e-32
Northeast,M1,May 1,Irrigated,990002,MS,Cold,late season before/on maturity,C0,Tmin ≤ 0°C,≤0°C,0,17746,0,17746,0.0,,7674.631973402457,LOW_EVENT_COUNT,,,,,,,
Northeast,M1,May 1,Irrigated,990002,MS,Cold,late season before/on maturity,Cm2p2,Tmin ≤ −2.2°C,≤−2.2°C,1,17746,0,17746,0.0,,7674.631973402457,LOW_EVENT_COUNT,,,,,,,
Northeast,M1,May 1,Irrigated,990002,MS,Cold,late season before/on maturity,Cm4,Tmin ≤ −4°C,≤−4°C,2,17746,0,17746,0.0,,7674.631973402457,LOW_EVENT_COUNT,,,,,,,
Northeast,M1,May 1,Irrigated,990002,MS,Heat,flowering/silking proxy (ADAT ±7 d),H30,Tmax ≥ 30°C,≥30°C,3,17746,17706,40,99.77459709230249,7673.638879475884,8114.225,ESTIMABLE,-775.1313207708935,775.1313207708935,9.552746205224695,59.64439723000304,658.230450320487,892.0321912213,1.291170691468449e-38
Northeast,M1,May 1,Irrigated,990002,MS,Heat,flowering/silking proxy (ADAT ±7 d),H35,Tmax ≥ 35°C,≥35°C,4,17746,9278,8468,52.28220444043728,7081.677947833585,8324.30455833727,ESTIMABLE,-152.75455188640785,152.75455188640785,1.8350428052685241,16.699253216735595,120.02461701289144,185.48448675992427,5.832660451022636e-20
Northeast,M1,May 1,Irrigated,990002,MS,Heat,flowering/silking proxy (ADAT ±7 d),H38,Tmax ≥ 38°C,≥38°C,5,17746,4973,12773,28.023216499492843,6405.957168711039,8168.573866750176,ESTIMABLE,-297.7579933294603,297.7579933294603,3.6451649723273145,19.203915446659003,260.11901069185626,335.39697596706435,3.2058271319439814e-54
Northeast,M1,May 1,Irrigated,990003,SS,Cold,late season before/on maturity,C0,Tmin ≤ 0°C,≤0°C,0,17746,0,17746,0.0,,4534.148371463992,LOW_EVENT_COUNT,,,,,,,
Northeast,M1,May 1,Irrigated,990003,SS,Cold,late season before/on maturity,Cm2p2,Tmin ≤ −2.2°C,≤−2.2°C,1,17746,0,17746,0.0,,4534.148371463992,LOW_EVENT_COUNT,,,,,,,
Northeast,M1,May 1,Irrigated,990003,SS,Cold,late season before/on maturity,Cm4,Tmin ≤ −4°C,≤−4°C,2,17746,0,17746,0.0,,4534.148371463992,LOW_EVENT_COUNT,,,,,,,
Northeast,M1,May 1,Irrigated,990003,SS,Heat,flowering/silking proxy (ADAT ±7 d),H30,Tmax ≥ 30°C,≥30°C,3,17746,16880,866,95.12002704834893,4509.454028436019,5015.488452655889,ESTIMABLE,32.350961251512864,-32.350961251512864,-0.6450211491242058,13.522255145704912,-58.854094326855915,-5.847828176169813,0.01673751600818511
Northeast,M1,May 1,Irrigated,990003,SS,Heat,flowering/silking proxy (ADAT ±7 d),H35,Tmax ≥ 35°C,≥35°C,4,17746,5126,12620,28.885382621435816,4318.648068669528,4621.680427892235,ESTIMABLE,-186.98130534549549,186.98130534549549,4.045742847494331,8.361185002834086,170.59368387186424,203.36892681912673,9.020832652422659e-111
Northeast,M1,May 1,Irrigated,990003,SS,Heat,flowering/silking proxy (ADAT ±7 d),H38,Tmax ≥ 38°C,≥38°C,5,17746,1338,16408,7.539727262481686,3844.313153961136,4590.4013895660655,ESTIMABLE,-251.4311557522161,251.4311557522161,5.4773239726642755,15.600422822155133,220.85488887719535,282.0074226272369,1.939639732715817e-58
Northeast,M1,May 1,Irrigated,990004,VSS,Cold,late season before/on maturity,C0,Tmin ≤ 0°C,≤0°C,0,17746,0,17746,0.0,,2824.8186070100305,LOW_EVENT_COUNT,,,,,,,
Northeast,M1,May 1,Irrigated,990004,VSS,Cold,late season before/on maturity,Cm2p2,Tmin ≤ −2.2°C,≤−2.2°C,1,17746,0,17746,0.0,,2824.8186070100305,LOW_EVENT_COUNT,,,,,,,
Northeast,M1,May 1,Irrigated,990004,VSS,Cold,late season before/on maturity,Cm4,Tmin ≤ −4°C,≤−4°C,2,17746,0,17746,0.0,,2824.8186070100305,LOW_EVENT_COUNT,,,,,,,
Northeast,M1,May 1,Irrigated,990004,VSS,Heat,flowering/silking proxy (ADAT ±7 d),H30,Tmax ≥ 30°C,≥30°C,3,17746,14675,3071,82.69469176152373,2827.0945144804086,2813.943015304461,ESTIMABLE,25.14151084741116,-25.14151084741116,-0.8934619752664364,6.929680225371153,-38.72343451351802,-11.559587181304293,0.0002855245674147972
Northeast,M1,May 1,Irrigated,990004,VSS,Heat,flowering/silking proxy (ADAT ±7 d),H35,Tmax ≥ 35°C,≥35°C,4,17746,3266,14480,18.404147413501633,2815.764543784446,2826.860773480663,ESTIMABLE,-28.247162562025903,28.247162562025903,0.9992413785290769,6.186955775639151,16.12095206783109,40.373373056220714,4.980687402812072e-06
Northeast,M1,May 1,Irrigated,990004,VSS,Heat,flowering/silking proxy (ADAT ±7 d),H38,Tmax ≥ 38°C,≥38°C,5,17746,311,17435,1.7525076073481347,3227.7781350482314,2817.6307427588185,ESTIMABLE,-182.18125309404488,182.18125309404488,6.465760411020582,12.049549367703202,158.56457030340923,205.79793588468053,1.207437735556375e-51
Southwest,M1,May 1,Rainfed,990001,LS,Cold,late season before/on maturity,C0,Tmin ≤ 0°C,≤0°C,0,9614,0,9614,0.0,,1690.84085708342,LOW_EVENT_COUNT,,,,,,,
Southwest,M1,May 1,Rainfed,990001,LS,Cold,late season before/on maturity,Cm2p2,Tmin ≤ −2.2°C,≤−2.2°C,1,9614,0,9614,0.0,,1690.84085708342,LOW_EVENT_COUNT,,,,,,,
Southwest,M1,May 1,Rainfed,990001,LS,Cold,late season before/on maturity,Cm4,Tmin ≤ −4°C,≤−4°C,2,9614,0,9614,0.0,,1690.84085708342,LOW_EVENT_COUNT,,,,,,,
Southwest,M1,May 1,Rainfed,990001,LS,Heat,flowering/silking proxy (ADAT ±7 d),H30,Tmax ≥ 30°C,≥30°C,3,9107,9107,0,100.0,1784.9724387833535,,LOW_EVENT_COUNT,,,,,,,
Southwest,M1,May 1,Rainfed,990001,LS,Heat,flowering/silking proxy (ADAT ±7 d),H35,Tmax ≥ 35°C,≥35°C,4,9107,9082,25,99.72548588997475,1784.728584012332,1873.56,ESTIMABLE,-1073.6212296415863,1073.6212296415863,57.30380823894544,249.43659905396635,584.7344790696545,1562.507980213518,1.6760168744904496e-05
Southwest,M1,May 1,Rainfed,990001,LS,Heat,flowering/silking proxy (ADAT ±7 d),H38,Tmax ≥ 38°C,≥38°C,5,9107,7900,1207,86.74645876798067,1635.1093670886075,2765.8492129246065,ESTIMABLE,-747.0802073844226,747.0802073844226,27.010879837316242,34.69495529116054,679.0793445685206,815.0810702003246,7.672123629136439e-103
Southwest,M1,May 1,Rainfed,990002,MS,Cold,late season before/on maturity,C0,Tmin ≤ 0°C,≤0°C,0,9614,0,9614,0.0,,2145.0734345745786,LOW_EVENT_COUNT,,,,,,,
Southwest,M1,May 1,Rainfed,990002,MS,Cold,late season before/on maturity,Cm2p2,Tmin ≤ −2.2°C,≤−2.2°C,1,9614,0,9614,0.0,,2145.0734345745786,LOW_EVENT_COUNT,,,,,,,
Southwest,M1,May 1,Rainfed,990002,MS,Cold,late season before/on maturity,Cm4,Tmin ≤ −4°C,≤−4°C,2,9614,0,9614,0.0,,2145.0734345745786,LOW_EVENT_COUNT,,,,,,,
Southwest,M1,May 1,Rainfed,990002,MS,Heat,flowering/silking proxy (ADAT ±7 d),H30,Tmax ≥ 30°C,≥30°C,3,9106,9106,0,100.0,2264.7414891280473,,LOW_EVENT_COUNT,,,,,,,
Southwest,M1,May 1,Rainfed,990002,MS,Heat,flowering/silking proxy (ADAT ±7 d),H35,Tmax ≥ 35°C,≥35°C,4,9106,8709,397,95.64023720623764,2151.204845562062,4755.39798488665,ESTIMABLE,907.5264723950636,-907.5264723950636,-19.084132921772593,203.53478636494495,-1306.4473232714097,-508.60562151871744,8.240926503193614e-06
Southwest,M1,May 1,Rainfed,990002,MS,Heat,flowering/silking proxy (ADAT ±7 d),H38,Tmax ≥ 38°C,≥38°C,5,9106,7428,1678,81.57258950142763,1877.2897145934303,3979.8736591179977,ESTIMABLE,-513.2488590806045,513.2488590806045,12.896109350223655,45.87554021179145,423.33445249417423,603.1632656670347,4.676127053799675e-29
Southwest,M1,May 1,Rainfed,990003,SS,Cold,late season before/on maturity,C0,Tmin ≤ 0°C,≤0°C,0,9614,0,9614,0.0,,1893.9473684210527,LOW_EVENT_COUNT,,,,,,,
Southwest,M1,May 1,Rainfed,990003,SS,Cold,late season before/on maturity,Cm2p2,Tmin ≤ −2.2°C,≤−2.2°C,1,9614,0,9614,0.0,,1893.9473684210527,LOW_EVENT_COUNT,,,,,,,
Southwest,M1,May 1,Rainfed,990003,SS,Cold,late season before/on maturity,Cm4,Tmin ≤ −4°C,≤−4°C,2,9614,0,9614,0.0,,1893.9473684210527,LOW_EVENT_COUNT,,,,,,,
Southwest,M1,May 1,Rainfed,990003,SS,Heat,flowering/silking proxy (ADAT ±7 d),H30,Tmax ≥ 30°C,≥30°C,3,9108,9108,0,100.0,1999.1666666666667,,LOW_EVENT_COUNT,,,,,,,
Southwest,M1,May 1,Rainfed,990003,SS,Heat,flowering/silking proxy (ADAT ±7 d),H35,Tmax ≥ 35°C,≥35°C,4,9108,8321,787,91.35924462011418,1908.6728758562672,2955.9631512071155,ESTIMABLE,-248.2940576681036,248.2940576681036,8.399768365404308,34.740025438867754,180.2048589859175,316.3832563502897,8.856305167294515e-13
Southwest,M1,May 1,Rainfed,990003,SS,Heat,flowering/silking proxy (ADAT ±7 d),H38,Tmax ≥ 38°C,≥38°C,5,9108,5759,3349,63.23012736056214,1509.6245876020143,2840.991937891908,ESTIMABLE,-418.0002005319652,418.0002005319652,14.713177990998895,22.225641994769077,374.4387426889369,461.56165837499356,6.60353218916697e-79
Southwest,M1,May 1,Rainfed,990004,VSS,Cold,late season before/on maturity,C0,Tmin ≤ 0°C,≤0°C,0,9614,0,9614,0.0,,1967.3250468067401,LOW_EVENT_COUNT,,,,,,,
Southwest,M1,May 1,Rainfed,990004,VSS,Cold,late season before/on maturity,Cm2p2,Tmin ≤ −2.2°C,≤−2.2°C,1,9614,0,9614,0.0,,1967.3250468067401,LOW_EVENT_COUNT,,,,,,,
Southwest,M1,May 1,Rainfed,990004,VSS,Cold,late season before/on maturity,Cm4,Tmin ≤ −4°C,≤−4°C,2,9614,0,9614,0.0,,1967.3250468067401,LOW_EVENT_COUNT,,,,,,,
Southwest,M1,May 1,Rainfed,990004,VSS,Heat,flowering/silking proxy (ADAT ±7 d),H30,Tmax ≥ 30°C,≥30°C,3,9114,9053,61,99.33070002194427,2074.5935049154978,2173.245901639344,ESTIMABLE,127.10535275487639,-127.10535275487639,-5.848641088382913,17.586362927244394,-161.5739907113258,-92.63671479842698,4.919837083431512e-13
Southwest,M1,May 1,Rainfed,990004,VSS,Heat,flowering/silking proxy (ADAT ±7 d),H35,Tmax ≥ 35°C,≥35°C,4,9114,6979,2135,76.57450076804915,1928.4087978220375,2555.2683840749414,ESTIMABLE,-42.65373411424199,42.65373411424199,1.6692467366665087,21.085377341631727,1.3271539242068968,83.98031430427709,0.043082850708652684
Southwest,M1,May 1,Rainfed,990004,VSS,Heat,flowering/silking proxy (ADAT ±7 d),H38,Tmax ≥ 38°C,≥38°C,5,9114,4093,5021,44.90893131446127,1497.6430491082335,2546.108344951205,ESTIMABLE,-157.40744940117165,157.40744940117165,6.1822761672064,14.822028350071552,128.35680765719977,186.45809114514353,2.409947237484864e-26
Southwest,M1,May 1,Irrigated,990001,LS,Cold,late season before/on maturity,C0,Tmin ≤ 0°C,≤0°C,0,9614,1,9613,0.01040149781568546,7087.0,6038.441901591595,LOW_EVENT_COUNT,,,,,,,
Southwest,M1,May 1,Irrigated,990001,LS,Cold,late season before/on maturity,Cm2p2,Tmin ≤ −2.2°C,≤−2.2°C,1,9614,0,9614,0.0,,6038.550967339297,LOW_EVENT_COUNT,,,,,,,
Southwest,M1,May 1,Irrigated,990001,LS,Cold,late season before/on maturity,Cm4,Tmin ≤ −4°C,≤−4°C,2,9614,0,9614,0.0,,6038.550967339297,LOW_EVENT_COUNT,,,,,,,
Southwest,M1,May 1,Irrigated,990001,LS,Heat,flowering/silking proxy (ADAT ±7 d),H30,Tmax ≥ 30°C,≥30°C,3,9614,9614,0,100.0,6038.550967339297,,LOW_EVENT_COUNT,,,,,,,
Southwest,M1,May 1,Irrigated,990001,LS,Heat,flowering/silking proxy (ADAT ±7 d),H35,Tmax ≥ 35°C,≥35°C,4,9614,9589,25,99.73996255460786,6039.65992282824,5613.2,ESTIMABLE,-523.2327927927874,523.2327927927874,9.321470690386722,53.34410774892129,418.6802628174777,627.7853227680972,1.03358888041064e-22
Southwest,M1,May 1,Irrigated,990001,LS,Heat,flowering/silking proxy (ADAT ±7 d),H38,Tmax ≥ 38°C,≥38°C,5,9614,8469,1145,88.09028500104014,5934.680599834691,6806.828820960699,ESTIMABLE,-245.82367294888041,245.82367294888041,3.611427280085258,19.94449960088304,206.73317204147617,284.91417385628466,6.612539290478404e-35
Southwest,M1,May 1,Irrigated,990002,MS,Cold,late season before/on maturity,C0,Tmin ≤ 0°C,≤0°C,0,9614,0,9614,0.0,,6974.999583940087,LOW_EVENT_COUNT,,,,,,,
Southwest,M1,May 1,Irrigated,990002,MS,Cold,late season before/on maturity,Cm2p2,Tmin ≤ −2.2°C,≤−2.2°C,1,9614,0,9614,0.0,,6974.999583940087,LOW_EVENT_COUNT,,,,,,,
Southwest,M1,May 1,Irrigated,990002,MS,Cold,late season before/on maturity,Cm4,Tmin ≤ −4°C,≤−4°C,2,9614,0,9614,0.0,,6974.999583940087,LOW_EVENT_COUNT,,,,,,,
Southwest,M1,May 1,Irrigated,990002,MS,Heat,flowering/silking proxy (ADAT ±7 d),H30,Tmax ≥ 30°C,≥30°C,3,9614,9614,0,100.0,6974.999583940087,,LOW_EVENT_COUNT,,,,,,,
Southwest,M1,May 1,Irrigated,990002,MS,Heat,flowering/silking proxy (ADAT ±7 d),H35,Tmax ≥ 35°C,≥35°C,4,9614,9217,397,95.87060536717287,6954.698708907454,7446.317380352645,ESTIMABLE,330.5321079658576,-330.5321079658576,-4.438866772426025,56.57431635651296,-441.4157304745983,-219.64848545711692,5.144139435213281e-09
Southwest,M1,May 1,Irrigated,990002,MS,Heat,flowering/silking proxy (ADAT ±7 d),H38,Tmax ≥ 38°C,≥38°C,5,9614,7848,1766,81.63095485749947,6884.451452599388,7377.390147225368,ESTIMABLE,-108.98576376175296,108.98576376175296,1.4772942949579866,15.845996420008335,77.928181479386,140.04334604411994,6.077935864522521e-12
Southwest,M1,May 1,Irrigated,990003,SS,Cold,late season before/on maturity,C0,Tmin ≤ 0°C,≤0°C,0,9614,0,9614,0.0,,4308.224152277928,LOW_EVENT_COUNT,,,,,,,
Southwest,M1,May 1,Irrigated,990003,SS,Cold,late season before/on maturity,Cm2p2,Tmin ≤ −2.2°C,≤−2.2°C,1,9614,0,9614,0.0,,4308.224152277928,LOW_EVENT_COUNT,,,,,,,
Southwest,M1,May 1,Irrigated,990003,SS,Cold,late season before/on maturity,Cm4,Tmin ≤ −4°C,≤−4°C,2,9614,0,9614,0.0,,4308.224152277928,LOW_EVENT_COUNT,,,,,,,
Southwest,M1,May 1,Irrigated,990003,SS,Heat,flowering/silking proxy (ADAT ±7 d),H30,Tmax ≥ 30°C,≥30°C,3,9614,9614,0,100.0,4308.224152277928,,LOW_EVENT_COUNT,,,,,,,
Southwest,M1,May 1,Irrigated,990003,SS,Heat,flowering/silking proxy (ADAT ±7 d),H35,Tmax ≥ 35°C,≥35°C,4,9614,8827,787,91.81402121905555,4299.843888070693,4402.2172808132145,ESTIMABLE,53.13224125206973,-53.13224125206973,-1.2069427259677354,18.664717265143025,-89.71441487337299,-16.55006763076647,0.004417950102839415
Southwest,M1,May 1,Irrigated,990003,SS,Heat,flowering/silking proxy (ADAT ±7 d),H38,Tmax ≥ 38°C,≥38°C,5,9614,6122,3492,63.677969627626375,4234.563377981052,4437.362542955327,ESTIMABLE,-67.87503830093978,67.87503830093978,1.5296257099545971,8.753173704826834,50.71913308905615,85.0309435128234,8.880784192950434e-15
Southwest,M1,May 1,Irrigated,990004,VSS,Cold,late season before/on maturity,C0,Tmin ≤ 0°C,≤0°C,0,9614,0,9614,0.0,,2901.499271895153,LOW_EVENT_COUNT,,,,,,,
Southwest,M1,May 1,Irrigated,990004,VSS,Cold,late season before/on maturity,Cm2p2,Tmin ≤ −2.2°C,≤−2.2°C,1,9614,0,9614,0.0,,2901.499271895153,LOW_EVENT_COUNT,,,,,,,
Southwest,M1,May 1,Irrigated,990004,VSS,Cold,late season before/on maturity,Cm4,Tmin ≤ −4°C,≤−4°C,2,9614,0,9614,0.0,,2901.499271895153,LOW_EVENT_COUNT,,,,,,,
Southwest,M1,May 1,Irrigated,990004,VSS,Heat,flowering/silking proxy (ADAT ±7 d),H30,Tmax ≥ 30°C,≥30°C,3,9614,9553,61,99.36550863324318,2906.149481838166,2173.245901639344,ESTIMABLE,145.32081563869352,-145.32081563869352,-6.68680960258909,18.054605685672414,-180.70719253768354,-109.9344387397035,8.349990087246671e-16
Southwest,M1,May 1,Irrigated,990004,VSS,Heat,flowering/silking proxy (ADAT ±7 d),H35,Tmax ≥ 35°C,≥35°C,4,9614,7448,2166,77.4703557312253,2897.3371374865737,2915.8111726685133,ESTIMABLE,30.353572546156276,-30.353572546156276,-1.0409992536785937,10.957133508907031,-51.82915959741104,-8.877985494901509,0.005601997721105673
Southwest,M1,May 1,Irrigated,990004,VSS,Heat,flowering/silking proxy (ADAT ±7 d),H38,Tmax ≥ 38°C,≥38°C,5,9614,4175,5439,43.42625338048679,2819.5990419161676,2964.366243794815,ESTIMABLE,-36.99833484298061,36.99833484298061,1.2481026904292845,9.352341863411535,18.668081619587785,55.32858806637344,7.619912324348712e-05
Southcentral,M1,May 1,Rainfed,990001,LS,Cold,late season before/on maturity,C0,Tmin ≤ 0°C,≤0°C,0,19266,3,19263,0.015571473061351603,7218.666666666667,2942.504698125941,LOW_EVENT_COUNT,,,,,,,
Southcentral,M1,May 1,Rainfed,990001,LS,Cold,late season before/on maturity,Cm2p2,Tmin ≤ −2.2°C,≤−2.2°C,1,19266,0,19266,0.0,,2943.170559534932,LOW_EVENT_COUNT,,,,,,,
Southcentral,M1,May 1,Rainfed,990001,LS,Cold,late season before/on maturity,Cm4,Tmin ≤ −4°C,≤−4°C,2,19266,0,19266,0.0,,2943.170559534932,LOW_EVENT_COUNT,,,,,,,
Southcentral,M1,May 1,Rainfed,990001,LS,Heat,flowering/silking proxy (ADAT ±7 d),H30,Tmax ≥ 30°C,≥30°C,3,19232,19232,0,100.0,2948.373752079867,,LOW_EVENT_COUNT,,,,,,,
Southcentral,M1,May 1,Rainfed,990001,LS,Heat,flowering/silking proxy (ADAT ±7 d),H35,Tmax ≥ 35°C,≥35°C,4,19232,18234,998,94.81073211314475,2780.864812986728,6008.852705410822,ESTIMABLE,-803.6677781823291,803.6677781823291,13.374729213426157,41.90484198752755,721.5357971089333,885.799759255725,5.608076037658292e-82
Southcentral,M1,May 1,Rainfed,990001,LS,Heat,flowering/silking proxy (ADAT ±7 d),H38,Tmax ≥ 38°C,≥38°C,5,19232,13842,5390,71.97379367720465,2196.562346481722,4879.092393320965,ESTIMABLE,-727.6939838897281,727.6939838897281,14.91453584453279,34.65892492885838,659.7637392862882,795.624228493168,7.155410796138695e-98
Southcentral,M1,May 1,Rainfed,990002,MS,Cold,late season before/on maturity,C0,Tmin ≤ 0°C,≤0°C,0,19266,0,19266,0.0,,4027.9449807951833,LOW_EVENT_COUNT,,,,,,,
Southcentral,M1,May 1,Rainfed,990002,MS,Cold,late season before/on maturity,Cm2p2,Tmin ≤ −2.2°C,≤−2.2°C,1,19266,0,19266,0.0,,4027.9449807951833,LOW_EVENT_COUNT,,,,,,,
Southcentral,M1,May 1,Rainfed,990002,MS,Cold,late season before/on maturity,Cm4,Tmin ≤ −4°C,≤−4°C,2,19266,0,19266,0.0,,4027.9449807951833,LOW_EVENT_COUNT,,,,,,,
Southcentral,M1,May 1,Rainfed,990002,MS,Heat,flowering/silking proxy (ADAT ±7 d),H30,Tmax ≥ 30°C,≥30°C,3,19232,19232,0,100.0,4035.065931780366,,LOW_EVENT_COUNT,,,,,,,
Southcentral,M1,May 1,Rainfed,990002,MS,Heat,flowering/silking proxy (ADAT ±7 d),H35,Tmax ≥ 35°C,≥35°C,4,19232,16354,2878,85.03535773710483,3500.2494802494803,7074.116747741487,ESTIMABLE,-227.5770646872159,227.5770646872159,3.217038576015488,40.43403418883087,148.3278139274462,306.82631544698563,1.8193723172760243e-08
Southcentral,M1,May 1,Rainfed,990002,MS,Heat,flowering/silking proxy (ADAT ±7 d),H38,Tmax ≥ 38°C,≥38°C,5,19232,10375,8857,53.94654742096506,3044.730987951807,5195.134244100711,ESTIMABLE,-607.3293636443417,607.3293636443417,11.690349760143143,19.107172481198607,569.8799937347976,644.7787335538858,1.0297208987491556e-221
Southcentral,M1,May 1,Rainfed,990003,SS,Cold,late season before/on maturity,C0,Tmin ≤ 0°C,≤0°C,0,19266,0,19266,0.0,,3234.7321187584344,LOW_EVENT_COUNT,,,,,,,
Southcentral,M1,May 1,Rainfed,990003,SS,Cold,late season before/on maturity,Cm2p2,Tmin ≤ −2.2°C,≤−2.2°C,1,19266,0,19266,0.0,,3234.7321187584344,LOW_EVENT_COUNT,,,,,,,
Southcentral,M1,May 1,Rainfed,990003,SS,Cold,late season before/on maturity,Cm4,Tmin ≤ −4°C,≤−4°C,2,19266,0,19266,0.0,,3234.7321187584344,LOW_EVENT_COUNT,,,,,,,
Southcentral,M1,May 1,Rainfed,990003,SS,Heat,flowering/silking proxy (ADAT ±7 d),H30,Tmax ≥ 30°C,≥30°C,3,19232,19061,171,99.11085690515807,3233.5334452547086,4011.5087719298244,ESTIMABLE,-7.684688678664765,7.684688678664765,0.19156604448774212,31.20256980531454,-53.4712243648487,68.84060172217823,0.805462519328547
Southcentral,M1,May 1,Rainfed,990003,SS,Heat,flowering/silking proxy (ADAT ±7 d),H35,Tmax ≥ 35°C,≥35°C,4,19232,12859,6373,66.86252079866888,2721.7027762656503,4287.144672838537,ESTIMABLE,-194.0507295949861,194.0507295949861,4.526339659690194,9.432459314418802,175.5634490530859,212.53801013688633,4.82510483983527e-94
Southcentral,M1,May 1,Rainfed,990003,SS,Heat,flowering/silking proxy (ADAT ±7 d),H38,Tmax ≥ 38°C,≥38°C,5,19232,5443,13789,28.301788685524127,1971.4776777512402,3741.358764232359,ESTIMABLE,-580.3330291674066,580.3330291674066,15.511290569496552,17.897009968240756,545.2555341987004,615.4105241361128,1.1709548186299968e-230
Southcentral,M1,May 1,Rainfed,990004,VSS,Cold,late season before/on maturity,C0,Tmin ≤ 0°C,≤0°C,0,19266,0,19266,0.0,,2650.5066957334166,LOW_EVENT_COUNT,,,,,,,
Southcentral,M1,May 1,Rainfed,990004,VSS,Cold,late season before/on maturity,Cm2p2,Tmin ≤ −2.2°C,≤−2.2°C,1,19266,0,19266,0.0,,2650.5066957334166,LOW_EVENT_COUNT,,,,,,,
Southcentral,M1,May 1,Rainfed,990004,VSS,Cold,late season before/on maturity,Cm4,Tmin ≤ −4°C,≤−4°C,2,19266,0,19266,0.0,,2650.5066957334166,LOW_EVENT_COUNT,,,,,,,
Southcentral,M1,May 1,Rainfed,990004,VSS,Heat,flowering/silking proxy (ADAT ±7 d),H30,Tmax ≥ 30°C,≥30°C,3,19232,18662,570,97.03618968386023,2663.6979423427288,2376.721052631579,ESTIMABLE,136.18961158471373,-136.18961158471373,-5.730147062648365,15.918326473845857,-167.38895816760208,-104.99026500182538,1.1733531756576081e-17
Southcentral,M1,May 1,Rainfed,990004,VSS,Heat,flowering/silking proxy (ADAT ±7 d),H35,Tmax ≥ 35°C,≥35°C,4,19232,9057,10175,47.09338602329451,2358.8735784476094,2918.9527272727273,ESTIMABLE,66.10870553001473,-66.10870553001473,-2.264809049915044,8.604835816461808,-82.97387382316019,-49.24353723686927,1.557229586176568e-14
Southcentral,M1,May 1,Rainfed,990004,VSS,Heat,flowering/silking proxy (ADAT ±7 d),H38,Tmax ≥ 38°C,≥38°C,5,19232,3459,15773,17.985648918469217,1916.590922231859,2817.166930831167,ESTIMABLE,-206.61656235182178,206.61656235182178,7.3341966388503055,12.011525562806813,183.07440484933824,230.15871985430533,2.5863218769447954e-66
Southcentral,M1,May 1,Irrigated,990001,LS,Cold,late season before/on maturity,C0,Tmin ≤ 0°C,≤0°C,0,19266,3,19263,0.015571473061351603,7453.0,5764.754191974251,LOW_EVENT_COUNT,,,,,,,
Southcentral,M1,May 1,Irrigated,990001,LS,Cold,late season before/on maturity,Cm2p2,Tmin ≤ −2.2°C,≤−2.2°C,1,19266,0,19266,0.0,,5765.017076715458,LOW_EVENT_COUNT,,,,,,,
Southcentral,M1,May 1,Irrigated,990001,LS,Cold,late season before/on maturity,Cm4,Tmin ≤ −4°C,≤−4°C,2,19266,0,19266,0.0,,5765.017076715458,LOW_EVENT_COUNT,,,,,,,
Southcentral,M1,May 1,Irrigated,990001,LS,Heat,flowering/silking proxy (ADAT ±7 d),H30,Tmax ≥ 30°C,≥30°C,3,19266,19266,0,100.0,5765.017076715458,,LOW_EVENT_COUNT,,,,,,,
Southcentral,M1,May 1,Irrigated,990001,LS,Heat,flowering/silking proxy (ADAT ±7 d),H35,Tmax ≥ 35°C,≥35°C,4,19266,18268,998,94.81988996159036,5715.005036128749,6680.467935871743,ESTIMABLE,-550.7543695331337,550.7543695331337,8.24424837930556,31.915861871608133,488.2004297292267,613.3083093370408,1.0008324475504821e-66
Southcentral,M1,May 1,Irrigated,990001,LS,Heat,flowering/silking proxy (ADAT ±7 d),H38,Tmax ≥ 38°C,≥38°C,5,19266,13847,5419,71.87272916017855,5402.975084855925,6690.1315740911605,ESTIMABLE,-27.20381741139815,27.20381741139815,0.4066260447963421,8.81846420220649,9.919945176117686,44.48768964667861,0.002036410054327038
Southcentral,M1,May 1,Irrigated,990002,MS,Cold,late season before/on maturity,C0,Tmin ≤ 0°C,≤0°C,0,19266,0,19266,0.0,,6572.58382642998,LOW_EVENT_COUNT,,,,,,,
Southcentral,M1,May 1,Irrigated,990002,MS,Cold,late season before/on maturity,Cm2p2,Tmin ≤ −2.2°C,≤−2.2°C,1,19266,0,19266,0.0,,6572.58382642998,LOW_EVENT_COUNT,,,,,,,
Southcentral,M1,May 1,Irrigated,990002,MS,Cold,late season before/on maturity,Cm4,Tmin ≤ −4°C,≤−4°C,2,19266,0,19266,0.0,,6572.58382642998,LOW_EVENT_COUNT,,,,,,,
Southcentral,M1,May 1,Irrigated,990002,MS,Heat,flowering/silking proxy (ADAT ±7 d),H30,Tmax ≥ 30°C,≥30°C,3,19266,19266,0,100.0,6572.58382642998,,LOW_EVENT_COUNT,,,,,,,
Southcentral,M1,May 1,Irrigated,990002,MS,Heat,flowering/silking proxy (ADAT ±7 d),H35,Tmax ≥ 35°C,≥35°C,4,19266,16132,3134,83.73300114190802,6372.539548723035,7602.2948308870455,ESTIMABLE,153.6591561752298,-153.6591561752298,-2.021220691822349,14.245058722181623,-181.57895822836394,-125.73935412209566,3.9721742407691e-27
Southcentral,M1,May 1,Irrigated,990002,MS,Heat,flowering/silking proxy (ADAT ±7 d),H38,Tmax ≥ 38°C,≥38°C,5,19266,10094,9172,52.392816360427695,6276.563106796117,6898.3615351068465,ESTIMABLE,-198.2607942071537,198.2607942071537,2.8740273063128594,13.398145528401988,172.00091151185944,224.52067690244797,1.5173648699930979e-49
Southcentral,M1,May 1,Irrigated,990003,SS,Cold,late season before/on maturity,C0,Tmin ≤ 0°C,≤0°C,0,19266,0,19266,0.0,,4124.236530675802,LOW_EVENT_COUNT,,,,,,,
Southcentral,M1,May 1,Irrigated,990003,SS,Cold,late season before/on maturity,Cm2p2,Tmin ≤ −2.2°C,≤−2.2°C,1,19266,0,19266,0.0,,4124.236530675802,LOW_EVENT_COUNT,,,,,,,
Southcentral,M1,May 1,Irrigated,990003,SS,Cold,late season before/on maturity,Cm4,Tmin ≤ −4°C,≤−4°C,2,19266,0,19266,0.0,,4124.236530675802,LOW_EVENT_COUNT,,,,,,,
Southcentral,M1,May 1,Irrigated,990003,SS,Heat,flowering/silking proxy (ADAT ±7 d),H30,Tmax ≥ 30°C,≥30°C,3,19266,19095,171,99.11242603550296,4125.242105263158,4011.9473684210525,ESTIMABLE,-48.44137792009241,48.44137792009241,1.2074280510603275,30.18763419708192,-10.72529788465787,107.60805372484268,0.10856508379976625
Southcentral,M1,May 1,Irrigated,990003,SS,Heat,flowering/silking proxy (ADAT ±7 d),H35,Tmax ≥ 35°C,≥35°C,4,19266,12980,6286,67.37257344544794,3975.312942989214,4431.749761374483,ESTIMABLE,-82.7636009053303,82.7636009053303,1.8675152109595115,6.045514474874996,70.91461026655973,94.61259154410088,1.1637466913013234e-42
Southcentral,M1,May 1,Irrigated,990003,SS,Heat,flowering/silking proxy (ADAT ±7 d),H38,Tmax ≥ 38°C,≥38°C,5,19266,5420,13846,28.1324613308419,3777.948708487085,4259.790481005344,ESTIMABLE,-103.50380333841578,103.50380333841578,2.429786248876449,7.078519652883517,89.63015975490512,117.37744692192643,2.026266715478558e-48
Southcentral,M1,May 1,Irrigated,990004,VSS,Cold,late season before/on maturity,C0,Tmin ≤ 0°C,≤0°C,0,19266,0,19266,0.0,,2798.0678916225474,LOW_EVENT_COUNT,,,,,,,
Southcentral,M1,May 1,Irrigated,990004,VSS,Cold,late season before/on maturity,Cm2p2,Tmin ≤ −2.2°C,≤−2.2°C,1,19266,0,19266,0.0,,2798.0678916225474,LOW_EVENT_COUNT,,,,,,,
Southcentral,M1,May 1,Irrigated,990004,VSS,Cold,late season before/on maturity,Cm4,Tmin ≤ −4°C,≤−4°C,2,19266,0,19266,0.0,,2798.0678916225474,LOW_EVENT_COUNT,,,,,,,
Southcentral,M1,May 1,Irrigated,990004,VSS,Heat,flowering/silking proxy (ADAT ±7 d),H30,Tmax ≥ 30°C,≥30°C,3,19266,18696,570,97.0414201183432,2810.8130081300815,2380.0280701754386,ESTIMABLE,126.43597898980636,-126.43597898980636,-5.312373436859776,22.722821195507738,-170.97189016014488,-81.90006781946782,2.63247652881188e-08
Southcentral,M1,May 1,Irrigated,990004,VSS,Heat,flowering/silking proxy (ADAT ±7 d),H35,Tmax ≥ 35°C,≥35°C,4,19266,8879,10387,46.0863697705803,2631.8359049442506,2940.166072975835,ESTIMABLE,63.58071792801888,-63.58071792801888,-2.162487300034274,4.989948802947868,-73.36083786649546,-53.8005979895423,3.464998372740591e-37
Southcentral,M1,May 1,Irrigated,990004,VSS,Heat,flowering/silking proxy (ADAT ±7 d),H38,Tmax ≥ 38°C,≥38°C,5,19266,3459,15807,17.9539084397384,2492.355594102342,2864.9660277092426,ESTIMABLE,-13.893772143214015,13.893772143214015,0.48495416730379654,8.748937957857507,-3.2538311571621072,31.041375443590137,0.1122744848870721
Southeast,M1,May 1,Rainfed,990001,LS,Cold,late season before/on maturity,C0,Tmin ≤ 0°C,≤0°C,0,20444,45,20399,0.2201134807278419,7400.533333333334,4979.955978234228,ESTIMABLE,787.0036608616728,-787.0036608616728,-15.803426060419218,82.70781970537213,-949.1080087240343,-624.8993129993112,1.8089575841006824e-21
Southeast,M1,May 1,Rainfed,990001,LS,Cold,late season before/on maturity,Cm2p2,Tmin ≤ −2.2°C,≤−2.2°C,1,20444,0,20444,0.0,,4985.283995304246,LOW_EVENT_COUNT,,,,,,,
Southeast,M1,May 1,Rainfed,990001,LS,Cold,late season before/on maturity,Cm4,Tmin ≤ −4°C,≤−4°C,2,20444,0,20444,0.0,,4985.283995304246,LOW_EVENT_COUNT,,,,,,,
Southeast,M1,May 1,Rainfed,990001,LS,Heat,flowering/silking proxy (ADAT ±7 d),H30,Tmax ≥ 30°C,≥30°C,3,20444,20417,27,99.86793191156329,4983.528628104031,6312.666666666667,ESTIMABLE,-982.3191724013634,982.3191724013634,15.561080986398196,65.33070554109472,854.2733424562264,1110.3650023465004,4.258992765945559e-51
Southeast,M1,May 1,Rainfed,990001,LS,Heat,flowering/silking proxy (ADAT ±7 d),H35,Tmax ≥ 35°C,≥35°C,4,20444,13170,7274,64.41987869301506,3789.239483675019,7150.792136376134,ESTIMABLE,-459.7129576720241,459.7129576720241,6.428839615312838,28.909748293783334,403.0508922140905,516.3750231299578,6.170874018598208e-57
Southeast,M1,May 1,Rainfed,990001,LS,Heat,flowering/silking proxy (ADAT ±7 d),H38,Tmax ≥ 38°C,≥38°C,5,20444,7270,13174,35.56055566425357,2340.601788170564,6444.737437376651,ESTIMABLE,-1171.686647918764,1171.686647918764,18.180517969956316,20.092584575160604,1132.3059057951243,1211.0673900424038,0.0
Southeast,M1,May 1,Rainfed,990002,MS,Cold,late season before/on maturity,C0,Tmin ≤ 0°C,≤0°C,0,20444,0,20444,0.0,,6342.654617491685,LOW_EVENT_COUNT,,,,,,,
Southeast,M1,May 1,Rainfed,990002,MS,Cold,late season before/on maturity,Cm2p2,Tmin ≤ −2.2°C,≤−2.2°C,1,20444,0,20444,0.0,,6342.654617491685,LOW_EVENT_COUNT,,,,,,,
Southeast,M1,May 1,Rainfed,990002,MS,Cold,late season before/on maturity,Cm4,Tmin ≤ −4°C,≤−4°C,2,20444,0,20444,0.0,,6342.654617491685,LOW_EVENT_COUNT,,,,,,,
Southeast,M1,May 1,Rainfed,990002,MS,Heat,flowering/silking proxy (ADAT ±7 d),H30,Tmax ≥ 30°C,≥30°C,3,20444,20172,272,98.66953629426726,6329.358814197898,7328.694852941177,ESTIMABLE,637.8218534049585,-637.8218534049585,-8.703075598092143,46.46389892320909,-728.8894218757576,-546.7542849341593,6.9724181612016346e-43
Southeast,M1,May 1,Rainfed,990002,MS,Heat,flowering/silking proxy (ADAT ±7 d),H35,Tmax ≥ 35°C,≥35°C,4,20444,8756,11688,42.8291919389552,4473.727044312472,7742.751283367556,ESTIMABLE,-1104.1348734522742,1104.1348734522742,14.260239455503374,25.275678916600338,1054.5954530909391,1153.6742938136092,0.0
Southeast,M1,May 1,Rainfed,990002,MS,Heat,flowering/silking proxy (ADAT ±7 d),H38,Tmax ≥ 38°C,≥38°C,5,20444,3131,17313,15.315006847974956,3092.714148834238,6930.395829723329,ESTIMABLE,-1938.0910292955832,1938.0910292955832,27.96508420173389,34.714719657148684,1870.051429034167,2006.1306295569993,0.0
Southeast,M1,May 1,Rainfed,990003,SS,Cold,late season before/on maturity,C0,Tmin ≤ 0°C,≤0°C,0,20444,0,20444,0.0,,4325.2328311485035,LOW_EVENT_COUNT,,,,,,,
Southeast,M1,May 1,Rainfed,990003,SS,Cold,late season before/on maturity,Cm2p2,Tmin ≤ −2.2°C,≤−2.2°C,1,20444,0,20444,0.0,,4325.2328311485035,LOW_EVENT_COUNT,,,,,,,
Southeast,M1,May 1,Rainfed,990003,SS,Cold,late season before/on maturity,Cm4,Tmin ≤ −4°C,≤−4°C,2,20444,0,20444,0.0,,4325.2328311485035,LOW_EVENT_COUNT,,,,,,,
Southeast,M1,May 1,Rainfed,990003,SS,Heat,flowering/silking proxy (ADAT ±7 d),H30,Tmax ≥ 30°C,≥30°C,3,20444,18915,1529,92.52103306593622,4276.051969336506,4933.640941792021,ESTIMABLE,49.866083147418436,-49.866083147418436,-1.0107359602319548,8.439447766212503,-66.40709681860196,-33.32506947623492,3.448383012465421e-09
Southeast,M1,May 1,Rainfed,990003,SS,Heat,flowering/silking proxy (ADAT ±7 d),H35,Tmax ≥ 35°C,≥35°C,4,20444,4914,15530,24.036392095480338,3511.7710622710624,4582.628267868641,ESTIMABLE,-711.529199364293,711.529199364293,15.526661945356128,14.79396808252475,682.5335547341094,740.5248439944767,0.0
Southeast,M1,May 1,Rainfed,990003,SS,Heat,flowering/silking proxy (ADAT ±7 d),H38,Tmax ≥ 38°C,≥38°C,5,20444,1355,19089,6.627861475249462,2836.650184501845,4430.89732306564,ESTIMABLE,-849.1857985008937,849.1857985008937,19.16509764467665,20.748614753311205,808.5192608553074,889.8523361464801,0.0
Southeast,M1,May 1,Rainfed,990004,VSS,Cold,late season before/on maturity,C0,Tmin ≤ 0°C,≤0°C,0,20444,0,20444,0.0,,2877.334132263745,LOW_EVENT_COUNT,,,,,,,
Southeast,M1,May 1,Rainfed,990004,VSS,Cold,late season before/on maturity,Cm2p2,Tmin ≤ −2.2°C,≤−2.2°C,1,20444,0,20444,0.0,,2877.334132263745,LOW_EVENT_COUNT,,,,,,,
Southeast,M1,May 1,Rainfed,990004,VSS,Cold,late season before/on maturity,Cm4,Tmin ≤ −4°C,≤−4°C,2,20444,0,20444,0.0,,2877.334132263745,LOW_EVENT_COUNT,,,,,,,
Southeast,M1,May 1,Rainfed,990004,VSS,Heat,flowering/silking proxy (ADAT ±7 d),H30,Tmax ≥ 30°C,≥30°C,3,20444,15776,4668,77.16689493249854,2858.2039173427993,2941.9867180805486,ESTIMABLE,-6.7327114106178385,6.7327114106178385,0.228849143649788,4.591314523998867,-2.266099698115603,15.73152251935128,0.14253888423268996
Southeast,M1,May 1,Rainfed,990004,VSS,Heat,flowering/silking proxy (ADAT ±7 d),H35,Tmax ≥ 35°C,≥35°C,4,20444,2125,18319,10.39424770103698,2571.014588235294,2912.8671324853976,ESTIMABLE,-109.89289486944091,109.89289486944091,3.7726710444109766,6.491750730655373,97.1692972407448,122.61649249813702,2.793302808020468e-64
Southeast,M1,May 1,Rainfed,990004,VSS,Heat,flowering/silking proxy (ADAT ±7 d),H38,Tmax ≥ 38°C,≥38°C,5,20444,204,20240,0.99784777929955,2089.3529411764707,2885.2762351778656,ESTIMABLE,-58.12073355978945,58.12073355978945,2.014390610201194,10.303119880096892,37.9269896664009,78.314477453178,1.6898585867804245e-08
Southeast,M1,May 1,Irrigated,990001,LS,Cold,late season before/on maturity,C0,Tmin ≤ 0°C,≤0°C,0,20444,45,20399,0.2201134807278419,7433.8,6367.114025197314,ESTIMABLE,197.3441490171714,-197.3441490171714,-3.0994285360086007,48.74899568006306,-292.8904248325937,-101.79787320174911,5.16199786494565e-05
Southeast,M1,May 1,Irrigated,990001,LS,Cold,late season before/on maturity,Cm2p2,Tmin ≤ −2.2°C,≤−2.2°C,1,20444,0,20444,0.0,,6369.461944824888,LOW_EVENT_COUNT,,,,,,,
Southeast,M1,May 1,Irrigated,990001,LS,Cold,late season before/on maturity,Cm4,Tmin ≤ −4°C,≤−4°C,2,20444,0,20444,0.0,,6369.461944824888,LOW_EVENT_COUNT,,,,,,,
Southeast,M1,May 1,Irrigated,990001,LS,Heat,flowering/silking proxy (ADAT ±7 d),H30,Tmax ≥ 30°C,≥30°C,3,20444,20417,27,99.86793191156329,6369.373071460058,6436.666666666667,ESTIMABLE,-87.48461964900316,87.48461964900316,1.3591603259814058,41.98017116704141,5.20499609677519,169.76424320123112,0.037164624679058886
Southeast,M1,May 1,Irrigated,990001,LS,Heat,flowering/silking proxy (ADAT ±7 d),H35,Tmax ≥ 35°C,≥35°C,4,20444,13170,7274,64.41987869301506,5756.088003037205,7480.011135551278,ESTIMABLE,-144.17963085360498,144.17963085360498,1.9275323023029018,13.089726230498918,118.52423887433785,169.83502283287208,3.2455469824741037e-28
Southeast,M1,May 1,Irrigated,990001,LS,Heat,flowering/silking proxy (ADAT ±7 d),H38,Tmax ≥ 38°C,≥38°C,5,20444,7243,13201,35.42848757581687,4948.041281237057,7149.353609575032,ESTIMABLE,-146.2342130146372,146.2342130146372,2.045418663007348,8.9070454305281,128.77672476214005,163.69170126713433,1.4261333223330202e-60
Southeast,M1,May 1,Irrigated,990002,MS,Cold,late season before/on maturity,C0,Tmin ≤ 0°C,≤0°C,0,20444,0,20444,0.0,,7414.280766973195,LOW_EVENT_COUNT,,,,,,,
Southeast,M1,May 1,Irrigated,990002,MS,Cold,late season before/on maturity,Cm2p2,Tmin ≤ −2.2°C,≤−2.2°C,1,20444,0,20444,0.0,,7414.280766973195,LOW_EVENT_COUNT,,,,,,,
Southeast,M1,May 1,Irrigated,990002,MS,Cold,late season before/on maturity,Cm4,Tmin ≤ −4°C,≤−4°C,2,20444,0,20444,0.0,,7414.280766973195,LOW_EVENT_COUNT,,,,,,,
Southeast,M1,May 1,Irrigated,990002,MS,Heat,flowering/silking proxy (ADAT ±7 d),H30,Tmax ≥ 30°C,≥30°C,3,20444,20172,272,98.66953629426726,7414.724221693436,7381.393382352941,ESTIMABLE,356.1344806962003,-356.1344806962003,-4.8247595304651885,39.640576236405025,-433.82858244596844,-278.44037894643213,2.6088559853892977e-19
Southeast,M1,May 1,Irrigated,990002,MS,Heat,flowering/silking proxy (ADAT ±7 d),H35,Tmax ≥ 35°C,≥35°C,4,20444,8729,11715,42.69712385051849,6486.085691373582,8105.891079812207,ESTIMABLE,-346.0310473579692,346.0310473579692,4.268883506463127,12.593299628493648,321.3486336396,370.71346107633843,3.270941703472659e-166
Southeast,M1,May 1,Irrigated,990002,MS,Heat,flowering/silking proxy (ADAT ±7 d),H38,Tmax ≥ 38°C,≥38°C,5,20444,3131,17313,15.315006847974956,5492.854998403066,7761.764396696124,ESTIMABLE,-597.3056640146852,597.3056640146852,7.695488209728894,15.817067584827566,566.3047812073872,628.3065468219833,4.540002689006e-312
Southeast,M1,May 1,Irrigated,990003,SS,Cold,late season before/on maturity,C0,Tmin ≤ 0°C,≤0°C,0,20444,0,20444,0.0,,4561.5026902758755,LOW_EVENT_COUNT,,,,,,,
Southeast,M1,May 1,Irrigated,990003,SS,Cold,late season before/on maturity,Cm2p2,Tmin ≤ −2.2°C,≤−2.2°C,1,20444,0,20444,0.0,,4561.5026902758755,LOW_EVENT_COUNT,,,,,,,
Southeast,M1,May 1,Irrigated,990003,SS,Cold,late season before/on maturity,Cm4,Tmin ≤ −4°C,≤−4°C,2,20444,0,20444,0.0,,4561.5026902758755,LOW_EVENT_COUNT,,,,,,,
Southeast,M1,May 1,Irrigated,990003,SS,Heat,flowering/silking proxy (ADAT ±7 d),H30,Tmax ≥ 30°C,≥30°C,3,20444,18915,1529,92.52103306593622,4531.4197726671955,4933.653368214519,ESTIMABLE,-43.226827528325416,43.226827528325416,0.8761626385594481,7.974822490331954,27.596462664174762,58.857192392476065,5.9461670270785634e-08
Southeast,M1,May 1,Irrigated,990003,SS,Heat,flowering/silking proxy (ADAT ±7 d),H35,Tmax ≥ 35°C,≥35°C,4,20444,4914,15530,24.036392095480338,4217.061457061457,4670.490727623954,ESTIMABLE,-365.129788689665,365.129788689665,7.817803523944038,9.519706994233664,346.471505837593,383.78807154173705,7.4e-322
Southeast,M1,May 1,Irrigated,990003,SS,Heat,flowering/silking proxy (ADAT ±7 d),H38,Tmax ≥ 38°C,≥38°C,5,20444,1355,19089,6.627861475249462,3859.7011070110702,4611.3188747446175,ESTIMABLE,-359.5563271052887,359.5563271052887,7.7972557715432655,12.711382373824614,334.6424754588752,384.4701787517022,5.1133243844394426e-176
Southeast,M1,May 1,Irrigated,990004,VSS,Cold,late season before/on maturity,C0,Tmin ≤ 0°C,≤0°C,0,20444,0,20444,0.0,,2891.5013206808844,LOW_EVENT_COUNT,,,,,,,
Southeast,M1,May 1,Irrigated,990004,VSS,Cold,late season before/on maturity,Cm2p2,Tmin ≤ −2.2°C,≤−2.2°C,1,20444,0,20444,0.0,,2891.5013206808844,LOW_EVENT_COUNT,,,,,,,
Southeast,M1,May 1,Irrigated,990004,VSS,Cold,late season before/on maturity,Cm4,Tmin ≤ −4°C,≤−4°C,2,20444,0,20444,0.0,,2891.5013206808844,LOW_EVENT_COUNT,,,,,,,
Southeast,M1,May 1,Irrigated,990004,VSS,Heat,flowering/silking proxy (ADAT ±7 d),H30,Tmax ≥ 30°C,≥30°C,3,20444,15776,4668,77.16689493249854,2876.563133874239,2941.986503856041,ESTIMABLE,-13.833708204296665,13.833708204296665,0.470216575982416,4.6105140232466315,4.797266768516401,22.870149640076928,0.002695634610846663
Southeast,M1,May 1,Irrigated,990004,VSS,Heat,flowering/silking proxy (ADAT ±7 d),H35,Tmax ≥ 35°C,≥35°C,4,20444,2125,18319,10.39424770103698,2659.2084705882353,2918.4472405699003,ESTIMABLE,-24.10165829463618,24.10165829463618,0.8258384102201459,6.252196471780837,11.847578385677343,36.35573820359502,0.0001157719392978308
Southeast,M1,May 1,Irrigated,990004,VSS,Heat,flowering/silking proxy (ADAT ±7 d),H38,Tmax ≥ 38°C,≥38°C,5,20444,204,20240,0.99784777929955,2257.8676470588234,2897.8877470355733,ESTIMABLE,87.39700085270542,-87.39700085270542,-3.015886344876856,6.873650275294725,-100.86910783460691,-73.92489387080393,4.894398197988297e-37
Northwest,M10,May 10,Rainfed,990001,LS,Cold,late season before/on maturity,C0,Tmin ≤ 0°C,≤0°C,0,18962,910,18052,4.799071827866259,3348.5626373626374,2230.223908708176,ESTIMABLE,528.5055253275992,-528.5055253275992,-23.69741994353061,46.71725571617066,-620.0696639878417,-436.94138666735677,1.1334085031003751e-29
Northwest,M10,May 10,Rainfed,990001,LS,Cold,late season before/on maturity,Cm2p2,Tmin ≤ −2.2°C,≤−2.2°C,1,18962,434,18528,2.288788102520831,3488.785714285714,2255.670390759931,ESTIMABLE,237.3430261586045,-237.3430261586045,-10.522061517979322,62.9772929753357,-360.77625223408984,-113.90980008311917,0.00016409473117274327
Northwest,M10,May 10,Rainfed,990001,LS,Cold,late season before/on maturity,Cm4,Tmin ≤ −4°C,≤−4°C,2,18962,332,18630,1.7508701613753823,4024.524096385542,2252.874503488996,ESTIMABLE,335.1967000741115,-335.1967000741115,-14.878622824085271,83.08125031073033,-498.0329584737001,-172.3604416745229,5.470355866058449e-05
Northwest,M10,May 10,Rainfed,990001,LS,Heat,flowering/silking proxy (ADAT ±7 d),H30,Tmax ≥ 30°C,≥30°C,3,18904,18904,0,100.0,2290.9010791366904,,LOW_EVENT_COUNT,,,,,,,
Northwest,M10,May 10,Rainfed,990001,LS,Heat,flowering/silking proxy (ADAT ±7 d),H35,Tmax ≥ 35°C,≥35°C,4,18904,18154,750,96.03258569614896,2203.694227167566,4401.772,ESTIMABLE,-843.5768117080794,843.5768117080794,19.164482206440482,38.28293629235586,768.5436353526205,918.6099880635383,1.3210404412115614e-107
Northwest,M10,May 10,Rainfed,990001,LS,Heat,flowering/silking proxy (ADAT ±7 d),H38,Tmax ≥ 38°C,≥38°C,5,18904,13905,4999,73.55586119339823,1791.9420352391226,3678.78375675135,ESTIMABLE,-557.7581841769762,557.7581841769762,15.161483279721766,23.778019254722764,511.1541228140197,604.3622455399328,1.1245497389697317e-121
Northwest,M10,May 10,Rainfed,990002,MS,Cold,late season before/on maturity,C0,Tmin ≤ 0°C,≤0°C,0,18962,0,18962,0.0,,2947.381394367683,LOW_EVENT_COUNT,,,,,,,
Northwest,M10,May 10,Rainfed,990002,MS,Cold,late season before/on maturity,Cm2p2,Tmin ≤ −2.2°C,≤−2.2°C,1,18962,0,18962,0.0,,2947.381394367683,LOW_EVENT_COUNT,,,,,,,
Northwest,M10,May 10,Rainfed,990002,MS,Cold,late season before/on maturity,Cm4,Tmin ≤ −4°C,≤−4°C,2,18962,0,18962,0.0,,2947.381394367683,LOW_EVENT_COUNT,,,,,,,
Northwest,M10,May 10,Rainfed,990002,MS,Heat,flowering/silking proxy (ADAT ±7 d),H30,Tmax ≥ 30°C,≥30°C,3,18904,18904,0,100.0,2956.42435463394,,LOW_EVENT_COUNT,,,,,,,
Northwest,M10,May 10,Rainfed,990002,MS,Heat,flowering/silking proxy (ADAT ±7 d),H35,Tmax ≥ 35°C,≥35°C,4,18904,18167,737,96.10135421074905,2719.558980569164,8795.139755766622,ESTIMABLE,-1228.985683072247,1228.985683072247,13.973463949409673,56.648074465640384,1117.9574973260487,1340.0138688184452,2.2822460218619606e-104
Northwest,M10,May 10,Rainfed,990002,MS,Heat,flowering/silking proxy (ADAT ±7 d),H38,Tmax ≥ 38°C,≥38°C,5,18904,15055,3849,79.63922979263648,2454.57834606443,4919.347622759158,ESTIMABLE,-574.2842912586734,574.2842912586734,11.673992880717982,48.21462268033572,479.7853672770274,668.7832152403195,1.0372780630150285e-32
Northwest,M10,May 10,Rainfed,990003,SS,Cold,late season before/on maturity,C0,Tmin ≤ 0°C,≤0°C,0,18962,0,18962,0.0,,2341.2434342368947,LOW_EVENT_COUNT,,,,,,,
Northwest,M10,May 10,Rainfed,990003,SS,Cold,late season before/on maturity,Cm2p2,Tmin ≤ −2.2°C,≤−2.2°C,1,18962,0,18962,0.0,,2341.2434342368947,LOW_EVENT_COUNT,,,,,,,
Northwest,M10,May 10,Rainfed,990003,SS,Cold,late season before/on maturity,Cm4,Tmin ≤ −4°C,≤−4°C,2,18962,0,18962,0.0,,2341.2434342368947,LOW_EVENT_COUNT,,,,,,,
Northwest,M10,May 10,Rainfed,990003,SS,Heat,flowering/silking proxy (ADAT ±7 d),H30,Tmax ≥ 30°C,≥30°C,3,18904,18904,0,100.0,2348.426682183665,,LOW_EVENT_COUNT,,,,,,,
Northwest,M10,May 10,Rainfed,990003,SS,Heat,flowering/silking proxy (ADAT ±7 d),H35,Tmax ≥ 35°C,≥35°C,4,18904,17828,1076,94.30808294540837,2230.9482835988333,4294.899628252788,ESTIMABLE,-322.09293202547815,322.09293202547815,7.499428622421825,32.90574512331957,257.59885669931725,386.58700735163904,1.2634139663510527e-22
Northwest,M10,May 10,Rainfed,990003,SS,Heat,flowering/silking proxy (ADAT ±7 d),H38,Tmax ≥ 38°C,≥38°C,5,18904,13191,5713,69.77888277613204,1819.4925327875067,3569.7062839138807,ESTIMABLE,-618.6217936288756,618.6217936288756,17.329767337345448,17.077594358686245,585.1503237432662,652.093263514485,2.5349108113927712e-287
Northwest,M10,May 10,Rainfed,990004,VSS,Cold,late season before/on maturity,C0,Tmin ≤ 0°C,≤0°C,0,18962,0,18962,0.0,,2333.1994515346482,LOW_EVENT_COUNT,,,,,,,
Northwest,M10,May 10,Rainfed,990004,VSS,Cold,late season before/on maturity,Cm2p2,Tmin ≤ −2.2°C,≤−2.2°C,1,18962,0,18962,0.0,,2333.1994515346482,LOW_EVENT_COUNT,,,,,,,
Northwest,M10,May 10,Rainfed,990004,VSS,Cold,late season before/on maturity,Cm4,Tmin ≤ −4°C,≤−4°C,2,18962,0,18962,0.0,,2333.1994515346482,LOW_EVENT_COUNT,,,,,,,
Northwest,M10,May 10,Rainfed,990004,VSS,Heat,flowering/silking proxy (ADAT ±7 d),H30,Tmax ≥ 30°C,≥30°C,3,18904,18904,0,100.0,2340.3580194667793,,LOW_EVENT_COUNT,,,,,,,
Northwest,M10,May 10,Rainfed,990004,VSS,Heat,flowering/silking proxy (ADAT ±7 d),H35,Tmax ≥ 35°C,≥35°C,4,18904,15159,3745,80.18937790943716,2293.9379906326276,2528.256875834446,ESTIMABLE,-178.4400859830486,178.4400859830486,7.057830542798576,10.805431643274447,157.26182912482122,199.61834284127596,2.9130619154364864e-61
Northwest,M10,May 10,Rainfed,990004,VSS,Heat,flowering/silking proxy (ADAT ±7 d),H38,Tmax ≥ 38°C,≥38°C,5,18904,9108,9796,48.18027930596699,1951.393170838823,2702.0047978766843,ESTIMABLE,-166.3505017291309,166.3505017291309,6.156558339935373,9.846721266690547,147.05128268061281,185.649720777649,4.980932549403093e-64
Northwest,M10,May 10,Irrigated,990001,LS,Cold,late season before/on maturity,C0,Tmin ≤ 0°C,≤0°C,0,18962,1701,17261,8.970572724396161,9208.996472663139,7395.826603325416,ESTIMABLE,382.752411039745,-382.752411039745,-5.175248576915615,22.886238274416318,-427.6086137992031,-337.89620828028694,8.744461085776078e-63
Northwest,M10,May 10,Irrigated,990001,LS,Cold,late season before/on maturity,Cm2p2,Tmin ≤ −2.2°C,≤−2.2°C,1,18962,804,18158,4.24005906549942,10074.797263681592,7447.060744575394,ESTIMABLE,220.1752241264121,-220.1752241264121,-2.9565385818397236,23.54984394270573,-266.3320700956541,-174.0183781571701,8.820604005942944e-21
Northwest,M10,May 10,Irrigated,990001,LS,Cold,late season before/on maturity,Cm4,Tmin ≤ −4°C,≤−4°C,2,18962,558,18404,2.9427275603839256,10092.489247311827,7481.648391653988,ESTIMABLE,110.9456256631982,-110.9456256631982,-1.4829034974025443,33.641866175262045,-176.88247173942807,-45.00877958696833,0.0009743025702274303
Northwest,M10,May 10,Irrigated,990001,LS,Heat,flowering/silking proxy (ADAT ±7 d),H30,Tmax ≥ 30°C,≥30°C,3,18962,18962,0,100.0,7558.478325071195,,LOW_EVENT_COUNT,,,,,,,
Northwest,M10,May 10,Irrigated,990001,LS,Heat,flowering/silking proxy (ADAT ±7 d),H35,Tmax ≥ 35°C,≥35°C,4,18962,18274,688,96.3716907499209,7513.9567144576995,8741.018895348838,ESTIMABLE,-335.4761148455618,335.4761148455618,3.837952060989952,16.081429647798025,303.957091915963,366.99513777516063,1.2089066330329727e-96
Northwest,M10,May 10,Irrigated,990001,LS,Heat,flowering/silking proxy (ADAT ±7 d),H38,Tmax ≥ 38°C,≥38°C,5,18962,14057,4905,74.13247547727033,7244.7259016859925,8457.646075433231,ESTIMABLE,-293.5225606438467,293.5225606438467,3.470499451335949,14.559213268160345,264.98702699501473,322.0580942926787,2.172060794170672e-90
Northwest,M10,May 10,Irrigated,990002,MS,Cold,late season before/on maturity,C0,Tmin ≤ 0°C,≤0°C,0,18962,0,18962,0.0,,8326.08981120135,LOW_EVENT_COUNT,,,,,,,
Northwest,M10,May 10,Irrigated,990002,MS,Cold,late season before/on maturity,Cm2p2,Tmin ≤ −2.2°C,≤−2.2°C,1,18962,0,18962,0.0,,8326.08981120135,LOW_EVENT_COUNT,,,,,,,
Northwest,M10,May 10,Irrigated,990002,MS,Cold,late season before/on maturity,Cm4,Tmin ≤ −4°C,≤−4°C,2,18962,0,18962,0.0,,8326.08981120135,LOW_EVENT_COUNT,,,,,,,
Northwest,M10,May 10,Irrigated,990002,MS,Heat,flowering/silking proxy (ADAT ±7 d),H30,Tmax ≥ 30°C,≥30°C,3,18962,18962,0,100.0,8326.08981120135,,LOW_EVENT_COUNT,,,,,,,
Northwest,M10,May 10,Irrigated,990002,MS,Heat,flowering/silking proxy (ADAT ±7 d),H35,Tmax ≥ 35°C,≥35°C,4,18962,18225,737,96.11327918995886,8239.093223593964,10477.396200814112,ESTIMABLE,-498.3795901751697,498.3795901751697,4.756712265366511,27.513267956009468,444.4545758843912,552.3046044659482,2.4642882127938775e-73
Northwest,M10,May 10,Irrigated,990002,MS,Heat,flowering/silking proxy (ADAT ±7 d),H38,Tmax ≥ 38°C,≥38°C,5,18962,15147,3815,79.88081426009914,8209.922889020929,8787.316644823068,ESTIMABLE,-283.5481697908966,283.5481697908966,3.226789033008675,13.959950975888633,256.1871686522101,310.9091709295831,1.0165626772279246e-91
Northwest,M10,May 10,Irrigated,990003,SS,Cold,late season before/on maturity,C0,Tmin ≤ 0°C,≤0°C,0,18962,0,18962,0.0,,4800.272228667862,LOW_EVENT_COUNT,,,,,,,
Northwest,M10,May 10,Irrigated,990003,SS,Cold,late season before/on maturity,Cm2p2,Tmin ≤ −2.2°C,≤−2.2°C,1,18962,0,18962,0.0,,4800.272228667862,LOW_EVENT_COUNT,,,,,,,
Northwest,M10,May 10,Irrigated,990003,SS,Cold,late season before/on maturity,Cm4,Tmin ≤ −4°C,≤−4°C,2,18962,0,18962,0.0,,4800.272228667862,LOW_EVENT_COUNT,,,,,,,
Northwest,M10,May 10,Irrigated,990003,SS,Heat,flowering/silking proxy (ADAT ±7 d),H30,Tmax ≥ 30°C,≥30°C,3,18962,18962,0,100.0,4800.272228667862,,LOW_EVENT_COUNT,,,,,,,
Northwest,M10,May 10,Irrigated,990003,SS,Heat,flowering/silking proxy (ADAT ±7 d),H35,Tmax ≥ 35°C,≥35°C,4,18962,17886,1076,94.32549309144605,4773.948619031645,5237.841078066915,ESTIMABLE,-60.594345425908685,60.594345425908685,1.1568572723529773,21.72060450547439,18.022742872740444,103.16594797907692,0.005275408766517801
Northwest,M10,May 10,Irrigated,990003,SS,Heat,flowering/silking proxy (ADAT ±7 d),H38,Tmax ≥ 38°C,≥38°C,5,18962,13174,5788,69.47579369264845,4679.299908911492,5075.615929509329,ESTIMABLE,-132.45859945785236,132.45859945785236,2.6097049362570153,7.9823769024113105,116.81342821810179,148.10377069760293,7.717070776347503e-62
Northwest,M10,May 10,Irrigated,990004,VSS,Cold,late season before/on maturity,C0,Tmin ≤ 0°C,≤0°C,0,18962,0,18962,0.0,,3042.1394895053263,LOW_EVENT_COUNT,,,,,,,
Northwest,M10,May 10,Irrigated,990004,VSS,Cold,late season before/on maturity,Cm2p2,Tmin ≤ −2.2°C,≤−2.2°C,1,18962,0,18962,0.0,,3042.1394895053263,LOW_EVENT_COUNT,,,,,,,
Northwest,M10,May 10,Irrigated,990004,VSS,Cold,late season before/on maturity,Cm4,Tmin ≤ −4°C,≤−4°C,2,18962,0,18962,0.0,,3042.1394895053263,LOW_EVENT_COUNT,,,,,,,
Northwest,M10,May 10,Irrigated,990004,VSS,Heat,flowering/silking proxy (ADAT ±7 d),H30,Tmax ≥ 30°C,≥30°C,3,18962,18962,0,100.0,3042.1394895053263,,LOW_EVENT_COUNT,,,,,,,
Northwest,M10,May 10,Irrigated,990004,VSS,Heat,flowering/silking proxy (ADAT ±7 d),H35,Tmax ≥ 35°C,≥35°C,4,18962,15217,3745,80.24997363147347,3120.744562003023,2722.7447263017357,ESTIMABLE,-20.740959139882943,20.740959139882943,0.7617665710459417,5.59493200500613,9.775093914120456,31.70682436564543,0.00020964814281757796
Northwest,M10,May 10,Irrigated,990004,VSS,Heat,flowering/silking proxy (ADAT ±7 d),H38,Tmax ≥ 38°C,≥38°C,5,18962,9100,9862,47.99071827866259,3022.144945054945,3060.5891299939162,ESTIMABLE,-15.995815443117232,15.995815443117232,0.5226384452051239,7.796143934950736,0.7156541123234117,31.275976773911054,0.04019300289253978
Northcentral,M10,May 10,Rainfed,990001,LS,Cold,late season before/on maturity,C0,Tmin ≤ 0°C,≤0°C,0,19456,892,18564,4.584703947368421,7677.732062780269,3010.639840551605,ESTIMABLE,674.1083145982695,-674.1083145982695,-22.390865407360064,48.29701283730191,-768.7687203202499,-579.4479088762891,2.8296772194949203e-44
Northcentral,M10,May 10,Rainfed,990001,LS,Cold,late season before/on maturity,Cm2p2,Tmin ≤ −2.2°C,≤−2.2°C,1,19456,297,19159,1.5265213815789473,8544.959595959595,3142.1369591314788,ESTIMABLE,446.42353126689795,-446.42353126689795,-14.207640757654762,56.2929573498945,-556.7557002559405,-336.0913622778554,2.1850795563500925e-15
Northcentral,M10,May 10,Rainfed,990001,LS,Cold,late season before/on maturity,Cm4,Tmin ≤ −4°C,≤−4°C,2,19456,228,19228,1.171875,9547.71052631579,3149.6347514042022,ESTIMABLE,251.0104401323106,-251.0104401323106,-7.969509481072451,80.01305778206888,-407.8331516780879,-94.1877285865333,0.001706171805137641
Northcentral,M10,May 10,Rainfed,990001,LS,Heat,flowering/silking proxy (ADAT ±7 d),H30,Tmax ≥ 30°C,≥30°C,3,19456,19456,0,100.0,3224.6122018914475,,LOW_EVENT_COUNT,,,,,,,
Northcentral,M10,May 10,Rainfed,990001,LS,Heat,flowering/silking proxy (ADAT ±7 d),H35,Tmax ≥ 35°C,≥35°C,4,19456,17827,1629,91.62726151315789,2860.0518314915576,7214.1872314303255,ESTIMABLE,-379.27724276769686,379.27724276769686,5.2573800845545735,38.94534381820227,302.9457715184908,455.6087140169029,2.0616333084137642e-22
Northcentral,M10,May 10,Rainfed,990001,LS,Heat,flowering/silking proxy (ADAT ±7 d),H38,Tmax ≥ 38°C,≥38°C,5,19456,14282,5174,73.40666118421052,2516.219367035429,5180.017394665636,ESTIMABLE,-757.4163311664217,757.4163311664217,14.621887794168538,44.093308252977835,670.9950350313625,843.837627301481,3.908802879256313e-66
Northcentral,M10,May 10,Rainfed,990002,MS,Cold,late season before/on maturity,C0,Tmin ≤ 0°C,≤0°C,0,19456,0,19456,0.0,,4124.673879523027,LOW_EVENT_COUNT,,,,,,,
Northcentral,M10,May 10,Rainfed,990002,MS,Cold,late season before/on maturity,Cm2p2,Tmin ≤ −2.2°C,≤−2.2°C,1,19456,0,19456,0.0,,4124.673879523027,LOW_EVENT_COUNT,,,,,,,
Northcentral,M10,May 10,Rainfed,990002,MS,Cold,late season before/on maturity,Cm4,Tmin ≤ −4°C,≤−4°C,2,19456,0,19456,0.0,,4124.673879523027,LOW_EVENT_COUNT,,,,,,,
Northcentral,M10,May 10,Rainfed,990002,MS,Heat,flowering/silking proxy (ADAT ±7 d),H30,Tmax ≥ 30°C,≥30°C,3,19456,19456,0,100.0,4124.673879523027,,LOW_EVENT_COUNT,,,,,,,
Northcentral,M10,May 10,Rainfed,990002,MS,Heat,flowering/silking proxy (ADAT ±7 d),H35,Tmax ≥ 35°C,≥35°C,4,19456,17417,2039,89.51994243421052,3723.86972498134,7548.315841098578,ESTIMABLE,-238.7575209565014,238.7575209565014,3.1630568458268535,47.062770296975124,146.51618616174875,330.99885575125404,3.91238895128849e-07
Northcentral,M10,May 10,Rainfed,990002,MS,Heat,flowering/silking proxy (ADAT ±7 d),H38,Tmax ≥ 38°C,≥38°C,5,19456,11763,7693,60.45949835526316,2739.831335543654,6242.170674639283,ESTIMABLE,-905.7190670134897,905.7190670134897,14.509681234658464,44.73522557265253,818.0396360508156,993.3984979761639,3.8359449626833583e-91
Northcentral,M10,May 10,Rainfed,990003,SS,Cold,late season before/on maturity,C0,Tmin ≤ 0°C,≤0°C,0,19456,0,19456,0.0,,3091.127569901316,LOW_EVENT_COUNT,,,,,,,
Northcentral,M10,May 10,Rainfed,990003,SS,Cold,late season before/on maturity,Cm2p2,Tmin ≤ −2.2°C,≤−2.2°C,1,19456,0,19456,0.0,,3091.127569901316,LOW_EVENT_COUNT,,,,,,,
Northcentral,M10,May 10,Rainfed,990003,SS,Cold,late season before/on maturity,Cm4,Tmin ≤ −4°C,≤−4°C,2,19456,0,19456,0.0,,3091.127569901316,LOW_EVENT_COUNT,,,,,,,
Northcentral,M10,May 10,Rainfed,990003,SS,Heat,flowering/silking proxy (ADAT ±7 d),H30,Tmax ≥ 30°C,≥30°C,3,19456,19456,0,100.0,3091.127569901316,,LOW_EVENT_COUNT,,,,,,,
Northcentral,M10,May 10,Rainfed,990003,SS,Heat,flowering/silking proxy (ADAT ±7 d),H35,Tmax ≥ 35°C,≥35°C,4,19456,15561,3895,79.98046875,2760.456461666988,4412.198973042362,ESTIMABLE,-284.8928318170858,284.8928318170858,6.456935273266755,16.73563626396988,252.09158748134234,317.6940761528292,5.5336588852881365e-65
Northcentral,M10,May 10,Rainfed,990003,SS,Heat,flowering/silking proxy (ADAT ±7 d),H38,Tmax ≥ 38°C,≥38°C,5,19456,9282,10174,47.70764802631579,2073.994290023702,4019.0842343227837,ESTIMABLE,-471.6878390251758,471.6878390251758,11.736201868997535,9.93904458594612,452.2076695959836,491.16800845436796,0.0
Northcentral,M10,May 10,Rainfed,990004,VSS,Cold,late season before/on maturity,C0,Tmin ≤ 0°C,≤0°C,0,19456,0,19456,0.0,,2697.9737356085525,LOW_EVENT_COUNT,,,,,,,
Northcentral,M10,May 10,Rainfed,990004,VSS,Cold,late season before/on maturity,Cm2p2,Tmin ≤ −2.2°C,≤−2.2°C,1,19456,0,19456,0.0,,2697.9737356085525,LOW_EVENT_COUNT,,,,,,,
Northcentral,M10,May 10,Rainfed,990004,VSS,Cold,late season before/on maturity,Cm4,Tmin ≤ −4°C,≤−4°C,2,19456,0,19456,0.0,,2697.9737356085525,LOW_EVENT_COUNT,,,,,,,
Northcentral,M10,May 10,Rainfed,990004,VSS,Heat,flowering/silking proxy (ADAT ±7 d),H30,Tmax ≥ 30°C,≥30°C,3,19456,19060,396,97.96463815789474,2702.784575026233,2466.4217171717173,ESTIMABLE,53.186626869446904,-53.186626869446904,-2.156428744490492,8.305487463089946,-69.46508317115214,-36.908170567741664,1.5156304499145461e-10
Northcentral,M10,May 10,Rainfed,990004,VSS,Heat,flowering/silking proxy (ADAT ±7 d),H35,Tmax ≥ 35°C,≥35°C,4,19456,11995,7461,61.65193256578947,2631.4556898707797,2804.9143546441496,ESTIMABLE,-11.40971167308067,11.40971167308067,0.4067757596302145,8.606908009055918,-5.459518042918271,28.278941389079613,0.18495703965100338
Northcentral,M10,May 10,Rainfed,990004,VSS,Heat,flowering/silking proxy (ADAT ±7 d),H38,Tmax ≥ 38°C,≥38°C,5,19456,3888,15568,19.98355263157895,2277.28420781893,2803.03802672148,ESTIMABLE,-316.4235106493784,316.4235106493784,11.288591436609124,9.538739603974737,297.72792456768207,335.1190967310747,2.686810316260208e-241
Northcentral,M10,May 10,Irrigated,990001,LS,Cold,late season before/on maturity,C0,Tmin ≤ 0°C,≤0°C,0,19456,936,18520,4.810855263157895,9232.88782051282,6539.805831533477,ESTIMABLE,503.2768674124298,-503.2768674124298,-7.695593422449051,30.57898047469407,-563.2105678267837,-443.3431669980759,7.317158531139376e-61
Northcentral,M10,May 10,Irrigated,990001,LS,Cold,late season before/on maturity,Cm2p2,Tmin ≤ −2.2°C,≤−2.2°C,1,19456,321,19135,1.649876644736842,9822.130841121496,6616.476770316174,ESTIMABLE,77.46127110987659,-77.46127110987659,-1.1707329111679936,39.92523063025868,-155.713285219639,0.790742999885822,0.052360443861204184
Northcentral,M10,May 10,Irrigated,990001,LS,Cold,late season before/on maturity,Cm4,Tmin ≤ −4°C,≤−4°C,2,19456,228,19228,1.171875,10291.644736842105,6626.41418764302,ESTIMABLE,-68.15065656277629,68.15065656277629,1.028469616189463,53.698105397850306,-37.095696055046176,173.39700918059876,0.20438952184585685
Northcentral,M10,May 10,Irrigated,990001,LS,Heat,flowering/silking proxy (ADAT ±7 d),H30,Tmax ≥ 30°C,≥30°C,3,19456,19456,0,100.0,6669.3661081414475,,LOW_EVENT_COUNT,,,,,,,
Northcentral,M10,May 10,Irrigated,990001,LS,Heat,flowering/silking proxy (ADAT ±7 d),H35,Tmax ≥ 35°C,≥35°C,4,19456,17827,1629,91.62726151315789,6472.354462332417,8825.367710251689,ESTIMABLE,-152.4083780343474,152.4083780343474,1.7269351605294292,27.521737163443184,98.46676440202123,206.3499916666736,3.0638992456270554e-08
Northcentral,M10,May 10,Irrigated,990001,LS,Heat,flowering/silking proxy (ADAT ±7 d),H38,Tmax ≥ 38°C,≥38°C,5,19456,14282,5174,73.40666118421052,6295.06448676656,7702.565906455354,ESTIMABLE,-140.18766094844466,140.18766094844466,1.8200124822165613,21.057492243647733,98.91573454616356,181.45958735072577,2.787578366666685e-11
Northcentral,M10,May 10,Irrigated,990002,MS,Cold,late season before/on maturity,C0,Tmin ≤ 0°C,≤0°C,0,19456,0,19456,0.0,,7392.204615542763,LOW_EVENT_COUNT,,,,,,,
Northcentral,M10,May 10,Irrigated,990002,MS,Cold,late season before/on maturity,Cm2p2,Tmin ≤ −2.2°C,≤−2.2°C,1,19456,0,19456,0.0,,7392.204615542763,LOW_EVENT_COUNT,,,,,,,
Northcentral,M10,May 10,Irrigated,990002,MS,Cold,late season before/on maturity,Cm4,Tmin ≤ −4°C,≤−4°C,2,19456,0,19456,0.0,,7392.204615542763,LOW_EVENT_COUNT,,,,,,,
Northcentral,M10,May 10,Irrigated,990002,MS,Heat,flowering/silking proxy (ADAT ±7 d),H30,Tmax ≥ 30°C,≥30°C,3,19456,19456,0,100.0,7392.204615542763,,LOW_EVENT_COUNT,,,,,,,
Northcentral,M10,May 10,Irrigated,990002,MS,Heat,flowering/silking proxy (ADAT ±7 d),H35,Tmax ≥ 35°C,≥35°C,4,19456,17417,2039,89.51994243421052,7254.3711316529825,8569.56890632663,ESTIMABLE,73.37630980902125,-73.37630980902125,-0.8562427189872985,16.169621187345676,-105.06818497987456,-41.68443463816794,5.681409459556233e-06
Northcentral,M10,May 10,Irrigated,990002,MS,Heat,flowering/silking proxy (ADAT ±7 d),H38,Tmax ≥ 38°C,≥38°C,5,19456,11763,7693,60.45949835526316,6833.644053387741,8246.272975432212,ESTIMABLE,-232.27968679237105,232.27968679237105,2.8167838668983256,21.343172238475802,190.44783788912335,274.1115356956187,1.3877568515359527e-27
Northcentral,M10,May 10,Irrigated,990003,SS,Cold,late season before/on maturity,C0,Tmin ≤ 0°C,≤0°C,0,19456,0,19456,0.0,,4200.271330180921,LOW_EVENT_COUNT,,,,,,,
Northcentral,M10,May 10,Irrigated,990003,SS,Cold,late season before/on maturity,Cm2p2,Tmin ≤ −2.2°C,≤−2.2°C,1,19456,0,19456,0.0,,4200.271330180921,LOW_EVENT_COUNT,,,,,,,
Northcentral,M10,May 10,Irrigated,990003,SS,Cold,late season before/on maturity,Cm4,Tmin ≤ −4°C,≤−4°C,2,19456,0,19456,0.0,,4200.271330180921,LOW_EVENT_COUNT,,,,,,,
Northcentral,M10,May 10,Irrigated,990003,SS,Heat,flowering/silking proxy (ADAT ±7 d),H30,Tmax ≥ 30°C,≥30°C,3,19456,19456,0,100.0,4200.271330180921,,LOW_EVENT_COUNT,,,,,,,
Northcentral,M10,May 10,Irrigated,990003,SS,Heat,flowering/silking proxy (ADAT ±7 d),H35,Tmax ≥ 35°C,≥35°C,4,19456,15435,4021,79.33285361842105,4092.2578555231617,4614.891569261378,ESTIMABLE,-11.713090474893246,11.713090474893246,0.25381074070973125,9.207359299732733,-6.333002145302842,29.759183095089334,0.2033218219219716
Northcentral,M10,May 10,Irrigated,990003,SS,Heat,flowering/silking proxy (ADAT ±7 d),H38,Tmax ≥ 38°C,≥38°C,5,19456,9264,10192,47.61513157894737,3752.745574265976,4607.049058084773,ESTIMABLE,-70.59924725096653,70.59924725096653,1.532417961277708,6.9498667843213715,56.97775865634544,84.22073584558761,3.041499790510667e-24
Northcentral,M10,May 10,Irrigated,990004,VSS,Cold,late season before/on maturity,C0,Tmin ≤ 0°C,≤0°C,0,19456,0,19456,0.0,,2924.1726973684213,LOW_EVENT_COUNT,,,,,,,
Northcentral,M10,May 10,Irrigated,990004,VSS,Cold,late season before/on maturity,Cm2p2,Tmin ≤ −2.2°C,≤−2.2°C,1,19456,0,19456,0.0,,2924.1726973684213,LOW_EVENT_COUNT,,,,,,,
Northcentral,M10,May 10,Irrigated,990004,VSS,Cold,late season before/on maturity,Cm4,Tmin ≤ −4°C,≤−4°C,2,19456,0,19456,0.0,,2924.1726973684213,LOW_EVENT_COUNT,,,,,,,
Northcentral,M10,May 10,Irrigated,990004,VSS,Heat,flowering/silking proxy (ADAT ±7 d),H30,Tmax ≥ 30°C,≥30°C,3,19456,19060,396,97.96463815789474,2933.6831584470096,2466.4217171717173,ESTIMABLE,-116.21520473887497,116.21520473887497,4.7118951284673525,7.679954999433841,101.16276953709631,131.26763994065362,9.92029593442824e-52
Northcentral,M10,May 10,Irrigated,990004,VSS,Heat,flowering/silking proxy (ADAT ±7 d),H35,Tmax ≥ 35°C,≥35°C,4,19456,11995,7461,61.65193256578947,2979.188078365986,2835.7248358128936,ESTIMABLE,28.46850824131447,-28.46850824131447,-1.0039235077317945,5.787713191227159,-39.812217648967085,-17.124798833661856,8.708371506725983e-07
Northcentral,M10,May 10,Irrigated,990004,VSS,Heat,flowering/silking proxy (ADAT ±7 d),H38,Tmax ≥ 38°C,≥38°C,5,19456,3904,15552,20.06578947368421,2931.2087602459014,2922.4064429012346,ESTIMABLE,-46.13982621577252,46.13982621577252,1.5788298827444056,6.2399836810239675,33.90968293684787,58.36996949469717,1.4223832779953944e-13
Northeast,M10,May 10,Rainfed,990001,LS,Cold,late season before/on maturity,C0,Tmin ≤ 0°C,≤0°C,0,17746,2005,15741,11.298320748337654,9163.234413965087,4609.483768502637,ESTIMABLE,722.681188050706,-722.681188050706,-15.678137169912734,48.38257278937425,-817.5092881972672,-627.8530879041449,1.8985472661269994e-50
Northeast,M10,May 10,Rainfed,990001,LS,Cold,late season before/on maturity,Cm2p2,Tmin ≤ −2.2°C,≤−2.2°C,1,17746,469,17277,2.6428490927532966,9845.204690831557,4995.819181570874,ESTIMABLE,61.55007776372022,-61.55007776372022,-1.2320317354713897,55.494395481139264,-170.3170942505755,47.216938723135065,0.26737737771913717
Northeast,M10,May 10,Rainfed,990001,LS,Cold,late season before/on maturity,Cm4,Tmin ≤ −4°C,≤−4°C,2,17746,388,17358,2.1864082046658404,9840.154639175258,5018.561412605139,ESTIMABLE,177.42427307532137,-177.42427307532137,-3.535361201911053,53.60335385984481,-282.4849160911733,-72.36363005946944,0.0009331355893450347
Northeast,M10,May 10,Rainfed,990001,LS,Heat,flowering/silking proxy (ADAT ±7 d),H30,Tmax ≥ 30°C,≥30°C,3,17746,17716,30,99.83094781922686,5121.3534657936325,6675.7,ESTIMABLE,-1143.4915278528488,1143.4915278528488,17.12916290206044,242.8127032236805,667.5873745456223,1619.3956811600751,2.485003691820076e-06
Northeast,M10,May 10,Rainfed,990001,LS,Heat,flowering/silking proxy (ADAT ±7 d),H35,Tmax ≥ 35°C,≥35°C,4,17746,12611,5135,71.06390172433224,4122.89144397748,7582.548198636806,ESTIMABLE,-978.3695776427944,978.3695776427944,12.90291274137481,25.31885580358276,928.7455321380093,1027.9936231475795,0.0
Northeast,M10,May 10,Rainfed,990001,LS,Heat,flowering/silking proxy (ADAT ±7 d),H38,Tmax ≥ 38°C,≥38°C,5,17746,8529,9217,48.06153499380142,3034.32934693399,7057.651513507649,ESTIMABLE,-959.8298208041381,959.8298208041381,13.599847186661435,29.10727616058134,902.7806078413373,1016.8790337669388,1.81804668352904e-238
Northeast,M10,May 10,Rainfed,990002,MS,Cold,late season before/on maturity,C0,Tmin ≤ 0°C,≤0°C,0,17746,0,17746,0.0,,6303.792572974191,LOW_EVENT_COUNT,,,,,,,
Northeast,M10,May 10,Rainfed,990002,MS,Cold,late season before/on maturity,Cm2p2,Tmin ≤ −2.2°C,≤−2.2°C,1,17746,0,17746,0.0,,6303.792572974191,LOW_EVENT_COUNT,,,,,,,
Northeast,M10,May 10,Rainfed,990002,MS,Cold,late season before/on maturity,Cm4,Tmin ≤ −4°C,≤−4°C,2,17746,0,17746,0.0,,6303.792572974191,LOW_EVENT_COUNT,,,,,,,
Northeast,M10,May 10,Rainfed,990002,MS,Heat,flowering/silking proxy (ADAT ±7 d),H30,Tmax ≥ 30°C,≥30°C,3,17746,17713,33,99.81404260114955,6299.5712753345,8569.60606060606,ESTIMABLE,-648.386542931929,648.386542931929,7.566118423022046,39.44668276654241,571.072465399929,725.7006204639289,1.0387665596049022e-60
Northeast,M10,May 10,Rainfed,990002,MS,Heat,flowering/silking proxy (ADAT ±7 d),H35,Tmax ≥ 35°C,≥35°C,4,17746,10294,7452,58.00743829595402,4734.905770351661,8471.01221148685,ESTIMABLE,-637.0272325405338,637.0272325405338,7.520083983313269,31.622678139972614,575.0479222914854,699.0065427895821,2.9992698552724953e-90
Northeast,M10,May 10,Rainfed,990002,MS,Heat,flowering/silking proxy (ADAT ±7 d),H38,Tmax ≥ 38°C,≥38°C,5,17746,5968,11778,33.63011382846839,3366.7161528150136,7792.030989981321,ESTIMABLE,-1929.3498983024501,1929.3498983024501,24.760552169044633,35.152629990051096,1860.4520095600874,1998.2477870448129,0.0
Northeast,M10,May 10,Rainfed,990003,SS,Cold,late season before/on maturity,C0,Tmin ≤ 0°C,≤0°C,0,17746,0,17746,0.0,,4044.5786092640597,LOW_EVENT_COUNT,,,,,,,
Northeast,M10,May 10,Rainfed,990003,SS,Cold,late season before/on maturity,Cm2p2,Tmin ≤ −2.2°C,≤−2.2°C,1,17746,0,17746,0.0,,4044.5786092640597,LOW_EVENT_COUNT,,,,,,,
Northeast,M10,May 10,Rainfed,990003,SS,Cold,late season before/on maturity,Cm4,Tmin ≤ −4°C,≤−4°C,2,17746,0,17746,0.0,,4044.5786092640597,LOW_EVENT_COUNT,,,,,,,
Northeast,M10,May 10,Rainfed,990003,SS,Heat,flowering/silking proxy (ADAT ±7 d),H30,Tmax ≥ 30°C,≥30°C,3,17746,17663,83,99.53228896652767,4038.3361829813734,5373.012048192771,ESTIMABLE,-16.245337560611688,16.245337560611688,0.3023506631829694,36.84974328543497,-55.97883211838753,88.4695072396109,0.6593190737662724
Northeast,M10,May 10,Rainfed,990003,SS,Heat,flowering/silking proxy (ADAT ±7 d),H35,Tmax ≥ 35°C,≥35°C,4,17746,8330,9416,46.94015552800631,3344.2635054021607,4664.122451146984,ESTIMABLE,-246.55041606842897,246.55041606842897,5.286105128046074,10.474950130859503,226.0198910720912,267.0809410647667,1.699994280363661e-122
Northeast,M10,May 10,Rainfed,990003,SS,Heat,flowering/silking proxy (ADAT ±7 d),H38,Tmax ≥ 38°C,≥38°C,5,17746,2823,14923,15.907810210751718,2473.097059865391,4341.857468337465,ESTIMABLE,-405.7142334037167,405.7142334037167,9.344254995986043,18.344526632662895,369.7596218902616,441.66884491717184,2.1995713523409278e-108
Northeast,M10,May 10,Rainfed,990004,VSS,Cold,late season before/on maturity,C0,Tmin ≤ 0°C,≤0°C,0,17746,0,17746,0.0,,3035.6004733461064,LOW_EVENT_COUNT,,,,,,,
Northeast,M10,May 10,Rainfed,990004,VSS,Cold,late season before/on maturity,Cm2p2,Tmin ≤ −2.2°C,≤−2.2°C,1,17746,0,17746,0.0,,3035.6004733461064,LOW_EVENT_COUNT,,,,,,,
Northeast,M10,May 10,Rainfed,990004,VSS,Cold,late season before/on maturity,Cm4,Tmin ≤ −4°C,≤−4°C,2,17746,0,17746,0.0,,3035.6004733461064,LOW_EVENT_COUNT,,,,,,,
Northeast,M10,May 10,Rainfed,990004,VSS,Heat,flowering/silking proxy (ADAT ±7 d),H30,Tmax ≥ 30°C,≥30°C,3,17746,15897,1849,89.58075059168263,3045.8598477700193,2947.394267171444,ESTIMABLE,-57.525674787743526,57.525674787743526,1.9517468507173892,6.693551947867228,44.40655404127583,70.64479553421121,8.385226283227355e-18
Northeast,M10,May 10,Rainfed,990004,VSS,Heat,flowering/silking proxy (ADAT ±7 d),H35,Tmax ≥ 35°C,≥35°C,4,17746,4165,13581,23.470077764003154,2900.07274909964,3077.163905456152,ESTIMABLE,-89.34044427489395,89.34044427489395,2.903337196841659,7.3864217500876626,74.86332367009882,103.81756487968909,1.119330822839477e-33
Northeast,M10,May 10,Rainfed,990004,VSS,Heat,flowering/silking proxy (ADAT ±7 d),H38,Tmax ≥ 38°C,≥38°C,5,17746,371,17375,2.090611968894399,2567.299191374663,3045.5998848920863,ESTIMABLE,-51.540646533202256,51.540646533202256,1.6922986761614116,24.060271935647553,4.383380081093243,98.69791298531126,0.03218163080408513
Northeast,M10,May 10,Irrigated,990001,LS,Cold,late season before/on maturity,C0,Tmin ≤ 0°C,≤0°C,0,17746,2005,15741,11.298320748337654,9431.194014962593,6771.569849437774,ESTIMABLE,201.60278840032854,-201.60278840032854,-2.977194253073637,24.211272040498063,-249.05600961960633,-154.14956718105074,8.304621862365132e-17
Northeast,M10,May 10,Irrigated,990001,LS,Cold,late season before/on maturity,Cm2p2,Tmin ≤ −2.2°C,≤−2.2°C,1,17746,469,17277,2.6428490927532966,9996.484008528785,6992.676622098744,ESTIMABLE,-134.65142067084824,134.65142067084824,1.925606287087743,29.251029247967686,77.32045683410382,191.98238450759266,4.1583776188098175e-06
Northeast,M10,May 10,Irrigated,990001,LS,Cold,late season before/on maturity,Cm4,Tmin ≤ −4°C,≤−4°C,2,17746,388,17358,2.1864082046658404,9840.154639175258,7010.188097707109,ESTIMABLE,-169.25866579704683,169.25866579704683,2.41446682225842,40.304323564156945,90.26364319005019,248.2536884040435,2.6748571566944746e-05
Northeast,M10,May 10,Irrigated,990001,LS,Heat,flowering/silking proxy (ADAT ±7 d),H30,Tmax ≥ 30°C,≥30°C,3,17746,17716,30,99.83094781922686,7072.349006547754,6903.0,ESTIMABLE,-156.36257636807363,156.36257636807363,2.265139451949495,73.1421801083915,13.006537604884358,299.71861513126294,0.032533840777239274
Northeast,M10,May 10,Irrigated,990001,LS,Heat,flowering/silking proxy (ADAT ±7 d),H35,Tmax ≥ 35°C,≥35°C,4,17746,12611,5135,71.06390172433224,6544.232654032194,8368.355793573515,ESTIMABLE,-466.52581215069773,466.52581215069773,5.574880223292688,13.384153764328902,440.2933528090669,492.75827149232856,3.384589485656234e-266
Northeast,M10,May 10,Irrigated,990001,LS,Heat,flowering/silking proxy (ADAT ±7 d),H38,Tmax ≥ 38°C,≥38°C,5,17746,8529,9217,48.06153499380142,6032.203892601712,8034.301616578062,ESTIMABLE,-447.6995411923832,447.6995411923832,5.572351681054584,16.664855884970493,415.03702385029067,480.36205853447575,5.651077175817581e-159
Northeast,M10,May 10,Irrigated,990002,MS,Cold,late season before/on maturity,C0,Tmin ≤ 0°C,≤0°C,0,17746,0,17746,0.0,,7952.859404936324,LOW_EVENT_COUNT,,,,,,,
Northeast,M10,May 10,Irrigated,990002,MS,Cold,late season before/on maturity,Cm2p2,Tmin ≤ −2.2°C,≤−2.2°C,1,17746,0,17746,0.0,,7952.859404936324,LOW_EVENT_COUNT,,,,,,,
Northeast,M10,May 10,Irrigated,990002,MS,Cold,late season before/on maturity,Cm4,Tmin ≤ −4°C,≤−4°C,2,17746,0,17746,0.0,,7952.859404936324,LOW_EVENT_COUNT,,,,,,,
Northeast,M10,May 10,Irrigated,990002,MS,Heat,flowering/silking proxy (ADAT ±7 d),H30,Tmax ≥ 30°C,≥30°C,3,17746,17713,33,99.81404260114955,7951.6008581268,8628.39393939394,ESTIMABLE,-784.128858016219,784.128858016219,9.087773037762997,27.273524396914134,730.6737324667929,837.5839835656452,8.915015439865406e-182
Northeast,M10,May 10,Irrigated,990002,MS,Heat,flowering/silking proxy (ADAT ±7 d),H35,Tmax ≥ 35°C,≥35°C,4,17746,10294,7452,58.00743829595402,7235.244997085681,8944.153381642513,ESTIMABLE,-281.32519501205866,281.32519501205866,3.1453529809704115,16.08599115275485,249.7972316970292,312.8531583270881,1.7429322641378582e-68
Northeast,M10,May 10,Irrigated,990002,MS,Heat,flowering/silking proxy (ADAT ±7 d),H38,Tmax ≥ 38°C,≥38°C,5,17746,5968,11778,33.63011382846839,6518.70710455764,8679.555017829853,ESTIMABLE,-439.9900459900202,439.9900459900202,5.069269623686662,19.524552802640283,401.72262568259464,478.2574662974457,1.875141317948725e-112
Northeast,M10,May 10,Irrigated,990003,SS,Cold,late season before/on maturity,C0,Tmin ≤ 0°C,≤0°C,0,17746,0,17746,0.0,,4530.4932379127695,LOW_EVENT_COUNT,,,,,,,
Northeast,M10,May 10,Irrigated,990003,SS,Cold,late season before/on maturity,Cm2p2,Tmin ≤ −2.2°C,≤−2.2°C,1,17746,0,17746,0.0,,4530.4932379127695,LOW_EVENT_COUNT,,,,,,,
Northeast,M10,May 10,Irrigated,990003,SS,Cold,late season before/on maturity,Cm4,Tmin ≤ −4°C,≤−4°C,2,17746,0,17746,0.0,,4530.4932379127695,LOW_EVENT_COUNT,,,,,,,
Northeast,M10,May 10,Irrigated,990003,SS,Heat,flowering/silking proxy (ADAT ±7 d),H30,Tmax ≥ 30°C,≥30°C,3,17746,17663,83,99.53228896652767,4526.53416746872,5373.012048192771,ESTIMABLE,-156.56414972646985,156.56414972646985,2.913899100210108,35.12713908279271,87.71622224426679,225.4120772086729,8.308712572813319e-06
Northeast,M10,May 10,Irrigated,990003,SS,Heat,flowering/silking proxy (ADAT ±7 d),H35,Tmax ≥ 35°C,≥35°C,4,17746,8330,9416,46.94015552800631,4292.792917166867,4740.778249787596,ESTIMABLE,-122.85652453947583,122.85652453947583,2.5914843105133687,8.483930091956625,106.22832711188525,139.4847219670664,1.5955524750004742e-47
Northeast,M10,May 10,Irrigated,990003,SS,Heat,flowering/silking proxy (ADAT ±7 d),H38,Tmax ≥ 38°C,≥38°C,5,17746,2823,14923,15.907810210751718,3622.342543393553,4702.2890839643505,ESTIMABLE,-206.55969585734366,206.55969585734366,4.392747705830109,10.536117113882499,185.90928577723787,227.21010593744944,1.403825989062125e-85
Northeast,M10,May 10,Irrigated,990004,VSS,Cold,late season before/on maturity,C0,Tmin ≤ 0°C,≤0°C,0,17746,0,17746,0.0,,3075.219767835005,LOW_EVENT_COUNT,,,,,,,
Northeast,M10,May 10,Irrigated,990004,VSS,Cold,late season before/on maturity,Cm2p2,Tmin ≤ −2.2°C,≤−2.2°C,1,17746,0,17746,0.0,,3075.219767835005,LOW_EVENT_COUNT,,,,,,,
Northeast,M10,May 10,Irrigated,990004,VSS,Cold,late season before/on maturity,Cm4,Tmin ≤ −4°C,≤−4°C,2,17746,0,17746,0.0,,3075.219767835005,LOW_EVENT_COUNT,,,,,,,
Northeast,M10,May 10,Irrigated,990004,VSS,Heat,flowering/silking proxy (ADAT ±7 d),H30,Tmax ≥ 30°C,≥30°C,3,17746,15897,1849,89.58075059168263,3090.08731207146,2947.394267171444,ESTIMABLE,-64.33046001581944,64.33046001581944,2.182621467794199,6.461229006080533,51.66668386803607,76.9942361636028,2.365151349382772e-23
Northeast,M10,May 10,Irrigated,990004,VSS,Heat,flowering/silking proxy (ADAT ±7 d),H35,Tmax ≥ 35°C,≥35°C,4,17746,4165,13581,23.470077764003154,3043.74693877551,3084.871806199838,ESTIMABLE,-69.89943585730856,69.89943585730856,2.265878138495992,7.584581744930604,55.03392879944462,84.7649429151725,3.084165224817937e-20
Northeast,M10,May 10,Irrigated,990004,VSS,Heat,flowering/silking proxy (ADAT ±7 d),H38,Tmax ≥ 38°C,≥38°C,5,17746,371,17375,2.090611968894399,2833.814016172507,3080.3743884892087,ESTIMABLE,-46.85077106945371,46.85077106945371,1.5209440529218266,10.501563945133624,26.26808395564744,67.43345818325997,8.145874552099475e-06
Southwest,M10,May 10,Rainfed,990001,LS,Cold,late season before/on maturity,C0,Tmin ≤ 0°C,≤0°C,0,9614,18,9596,0.18722696068233827,6656.222222222223,1791.8532721967485,LOW_EVENT_COUNT,,,,,,,
Southwest,M10,May 10,Rainfed,990001,LS,Cold,late season before/on maturity,Cm2p2,Tmin ≤ −2.2°C,≤−2.2°C,1,9614,1,9613,0.01040149781568546,6365.0,1800.485904504317,LOW_EVENT_COUNT,,,,,,,
Southwest,M10,May 10,Rainfed,990001,LS,Cold,late season before/on maturity,Cm4,Tmin ≤ −4°C,≤−4°C,2,9614,0,9614,0.0,,1800.9606823382567,LOW_EVENT_COUNT,,,,,,,
Southwest,M10,May 10,Rainfed,990001,LS,Heat,flowering/silking proxy (ADAT ±7 d),H30,Tmax ≥ 30°C,≥30°C,3,9395,9395,0,100.0,1842.9415646620544,,LOW_EVENT_COUNT,,,,,,,
Southwest,M10,May 10,Rainfed,990001,LS,Heat,flowering/silking proxy (ADAT ±7 d),H35,Tmax ≥ 35°C,≥35°C,4,9395,9334,61,99.35071846726983,1841.1333833297622,2119.622950819672,ESTIMABLE,-344.6446387929849,344.6446387929849,16.259714429856903,124.13574944410502,101.34304068865103,587.9462368973187,0.00549725168543848
Southwest,M10,May 10,Rainfed,990001,LS,Heat,flowering/silking proxy (ADAT ±7 d),H38,Tmax ≥ 38°C,≥38°C,5,9395,8142,1253,86.66311868014901,1697.2817489560305,2789.439744612929,ESTIMABLE,-1056.448355632804,1056.448355632804,37.87313770347815,63.27946780496435,932.4228777742119,1180.473833491396,1.4260824830094557e-62
Southwest,M10,May 10,Rainfed,990002,MS,Cold,late season before/on maturity,C0,Tmin ≤ 0°C,≤0°C,0,9614,0,9614,0.0,,2453.985853962971,LOW_EVENT_COUNT,,,,,,,
Southwest,M10,May 10,Rainfed,990002,MS,Cold,late season before/on maturity,Cm2p2,Tmin ≤ −2.2°C,≤−2.2°C,1,9614,0,9614,0.0,,2453.985853962971,LOW_EVENT_COUNT,,,,,,,
Southwest,M10,May 10,Rainfed,990002,MS,Cold,late season before/on maturity,Cm4,Tmin ≤ −4°C,≤−4°C,2,9614,0,9614,0.0,,2453.985853962971,LOW_EVENT_COUNT,,,,,,,
Southwest,M10,May 10,Rainfed,990002,MS,Heat,flowering/silking proxy (ADAT ±7 d),H30,Tmax ≥ 30°C,≥30°C,3,9398,9398,0,100.0,2510.3873164503084,,LOW_EVENT_COUNT,,,,,,,
Southwest,M10,May 10,Rainfed,990002,MS,Heat,flowering/silking proxy (ADAT ±7 d),H35,Tmax ≥ 35°C,≥35°C,4,9398,9237,161,98.28686954671207,2501.5211648803725,3019.0621118012423,ESTIMABLE,-272.18821098554486,272.18821098554486,9.015654561116369,173.94700931394098,-68.7416624882328,613.1180844593225,0.11763529873206348
Southwest,M10,May 10,Rainfed,990002,MS,Heat,flowering/silking proxy (ADAT ±7 d),H38,Tmax ≥ 38°C,≥38°C,5,9398,7676,1722,81.67695254309427,2158.8116206357477,4077.5737514518,ESTIMABLE,-930.810062197453,930.810062197453,22.827546941757774,39.24359389708926,853.8940315352422,1007.7260928596638,2.3083345865761446e-124
Southwest,M10,May 10,Rainfed,990003,SS,Cold,late season before/on maturity,C0,Tmin ≤ 0°C,≤0°C,0,9614,0,9614,0.0,,1898.4590180986063,LOW_EVENT_COUNT,,,,,,,
Southwest,M10,May 10,Rainfed,990003,SS,Cold,late season before/on maturity,Cm2p2,Tmin ≤ −2.2°C,≤−2.2°C,1,9614,0,9614,0.0,,1898.4590180986063,LOW_EVENT_COUNT,,,,,,,
Southwest,M10,May 10,Rainfed,990003,SS,Cold,late season before/on maturity,Cm4,Tmin ≤ −4°C,≤−4°C,2,9614,0,9614,0.0,,1898.4590180986063,LOW_EVENT_COUNT,,,,,,,
Southwest,M10,May 10,Rainfed,990003,SS,Heat,flowering/silking proxy (ADAT ±7 d),H30,Tmax ≥ 30°C,≥30°C,3,9401,9401,0,100.0,1941.4727156685458,,LOW_EVENT_COUNT,,,,,,,
Southwest,M10,May 10,Rainfed,990003,SS,Heat,flowering/silking proxy (ADAT ±7 d),H35,Tmax ≥ 35°C,≥35°C,4,9401,8680,721,92.33060312732688,1807.1971198156682,3557.994452149792,ESTIMABLE,-488.20912399796026,488.20912399796026,13.721469512212906,36.93729071598314,415.81336450814763,560.6048834877729,6.977548402627328e-40
Southwest,M10,May 10,Rainfed,990003,SS,Heat,flowering/silking proxy (ADAT ±7 d),H38,Tmax ≥ 38°C,≥38°C,5,9401,7171,2230,76.27911924263377,1536.8613861386139,3242.5793721973096,ESTIMABLE,-396.4727058166712,396.4727058166712,12.227077900270624,22.6320433591106,352.1147159362655,440.83069569707686,1.0406261165127487e-68
Southwest,M10,May 10,Rainfed,990004,VSS,Cold,late season before/on maturity,C0,Tmin ≤ 0°C,≤0°C,0,9614,0,9614,0.0,,2033.7922820886208,LOW_EVENT_COUNT,,,,,,,
Southwest,M10,May 10,Rainfed,990004,VSS,Cold,late season before/on maturity,Cm2p2,Tmin ≤ −2.2°C,≤−2.2°C,1,9614,0,9614,0.0,,2033.7922820886208,LOW_EVENT_COUNT,,,,,,,
Southwest,M10,May 10,Rainfed,990004,VSS,Cold,late season before/on maturity,Cm4,Tmin ≤ −4°C,≤−4°C,2,9614,0,9614,0.0,,2033.7922820886208,LOW_EVENT_COUNT,,,,,,,
Southwest,M10,May 10,Rainfed,990004,VSS,Heat,flowering/silking proxy (ADAT ±7 d),H30,Tmax ≥ 30°C,≥30°C,3,9406,9401,5,99.94684244099511,2078.5345176045103,2515.2,LOW_EVENT_COUNT,,,,,,,
Southwest,M10,May 10,Rainfed,990004,VSS,Heat,flowering/silking proxy (ADAT ±7 d),H35,Tmax ≥ 35°C,≥35°C,4,9406,8129,1277,86.42355943015097,1997.1080083651125,2598.5810493343774,ESTIMABLE,-47.876441894984694,47.876441894984694,1.8424071054950613,20.292207528767435,8.104445971787989,87.6484378181814,0.018306926640287213
Southwest,M10,May 10,Rainfed,990004,VSS,Heat,flowering/silking proxy (ADAT ±7 d),H38,Tmax ≥ 38°C,≥38°C,5,9406,5188,4218,55.156283223474375,1699.88299922899,2544.7809388335704,ESTIMABLE,-332.1309362948072,332.1309362948072,13.05145489053542,16.468356850116216,299.85354998402596,364.40832260558847,1.8771516789405661e-90
Southwest,M10,May 10,Irrigated,990001,LS,Cold,late season before/on maturity,C0,Tmin ≤ 0°C,≤0°C,0,9614,39,9575,0.40565841481173287,7918.410256410257,6327.959791122716,ESTIMABLE,155.22122147724556,-155.22122147724556,-2.452942600788966,16.657432090093636,-187.86918844875083,-122.57325450574028,1.1806734801668862e-20
Southwest,M10,May 10,Irrigated,990001,LS,Cold,late season before/on maturity,Cm2p2,Tmin ≤ −2.2°C,≤−2.2°C,1,9614,0,9614,0.0,,6334.411587268567,LOW_EVENT_COUNT,,,,,,,
Southwest,M10,May 10,Irrigated,990001,LS,Cold,late season before/on maturity,Cm4,Tmin ≤ −4°C,≤−4°C,2,9614,0,9614,0.0,,6334.411587268567,LOW_EVENT_COUNT,,,,,,,
Southwest,M10,May 10,Irrigated,990001,LS,Heat,flowering/silking proxy (ADAT ±7 d),H30,Tmax ≥ 30°C,≥30°C,3,9614,9614,0,100.0,6334.411587268567,,LOW_EVENT_COUNT,,,,,,,
Southwest,M10,May 10,Irrigated,990001,LS,Heat,flowering/silking proxy (ADAT ±7 d),H35,Tmax ≥ 35°C,≥35°C,4,9614,9553,61,99.36550863324318,6336.614780697163,5989.377049180328,ESTIMABLE,-320.2653920428008,320.2653920428008,5.347223749866115,55.857929638622046,210.78586170012915,429.7449223854724,9.833801292160895e-09
Southwest,M10,May 10,Irrigated,990001,LS,Heat,flowering/silking proxy (ADAT ±7 d),H38,Tmax ≥ 38°C,≥38°C,5,9614,8478,1136,88.18389848138132,6213.904222694032,7233.7614436619715,ESTIMABLE,218.67275180466652,-218.67275180466652,-3.0229466855899947,26.938424651442183,-271.47109392173917,-165.87440968759387,4.758717542670345e-16
Southwest,M10,May 10,Irrigated,990002,MS,Cold,late season before/on maturity,C0,Tmin ≤ 0°C,≤0°C,0,9614,0,9614,0.0,,7020.104327023091,LOW_EVENT_COUNT,,,,,,,
Southwest,M10,May 10,Irrigated,990002,MS,Cold,late season before/on maturity,Cm2p2,Tmin ≤ −2.2°C,≤−2.2°C,1,9614,0,9614,0.0,,7020.104327023091,LOW_EVENT_COUNT,,,,,,,
Southwest,M10,May 10,Irrigated,990002,MS,Cold,late season before/on maturity,Cm4,Tmin ≤ −4°C,≤−4°C,2,9614,0,9614,0.0,,7020.104327023091,LOW_EVENT_COUNT,,,,,,,
Southwest,M10,May 10,Irrigated,990002,MS,Heat,flowering/silking proxy (ADAT ±7 d),H30,Tmax ≥ 30°C,≥30°C,3,9614,9614,0,100.0,7020.104327023091,,LOW_EVENT_COUNT,,,,,,,
Southwest,M10,May 10,Irrigated,990002,MS,Heat,flowering/silking proxy (ADAT ±7 d),H35,Tmax ≥ 35°C,≥35°C,4,9614,9453,161,98.32535885167464,7048.643393631652,5344.453416149068,ESTIMABLE,287.1499467320366,-287.1499467320366,-5.372859006767089,73.66396448931073,-431.5286640895231,-142.7712293745501,9.694795466657683e-05
Southwest,M10,May 10,Irrigated,990002,MS,Heat,flowering/silking proxy (ADAT ±7 d),H38,Tmax ≥ 38°C,≥38°C,5,9614,7971,1643,82.91033908882879,7015.790866892486,7041.031040779063,ESTIMABLE,-136.25688097923907,136.25688097923907,1.9351836427092752,20.30965858143471,96.45068162132219,176.06308033715595,1.9600356062080297e-11
Southwest,M10,May 10,Irrigated,990003,SS,Cold,late season before/on maturity,C0,Tmin ≤ 0°C,≤0°C,0,9614,0,9614,0.0,,4191.313813189099,LOW_EVENT_COUNT,,,,,,,
Southwest,M10,May 10,Irrigated,990003,SS,Cold,late season before/on maturity,Cm2p2,Tmin ≤ −2.2°C,≤−2.2°C,1,9614,0,9614,0.0,,4191.313813189099,LOW_EVENT_COUNT,,,,,,,
Southwest,M10,May 10,Irrigated,990003,SS,Cold,late season before/on maturity,Cm4,Tmin ≤ −4°C,≤−4°C,2,9614,0,9614,0.0,,4191.313813189099,LOW_EVENT_COUNT,,,,,,,
Southwest,M10,May 10,Irrigated,990003,SS,Heat,flowering/silking proxy (ADAT ±7 d),H30,Tmax ≥ 30°C,≥30°C,3,9614,9614,0,100.0,4191.313813189099,,LOW_EVENT_COUNT,,,,,,,
Southwest,M10,May 10,Irrigated,990003,SS,Heat,flowering/silking proxy (ADAT ±7 d),H35,Tmax ≥ 35°C,≥35°C,4,9614,8893,721,92.50052007489079,4149.689868435848,4704.714285714285,ESTIMABLE,134.68607892995377,-134.68607892995377,-2.862789762577586,15.378843755727857,-164.82805881504908,-104.54409904485847,1.9895557337510776e-18
Southwest,M10,May 10,Irrigated,990003,SS,Heat,flowering/silking proxy (ADAT ±7 d),H38,Tmax ≥ 38°C,≥38°C,5,9614,7235,2379,75.25483669648429,4039.334208707671,4653.513240857503,ESTIMABLE,66.99839372877673,-66.99839372877673,-1.4397378982514928,10.21707749851592,-87.02349765312252,-46.97328980443095,5.472061255939379e-11
Southwest,M10,May 10,Irrigated,990004,VSS,Cold,late season before/on maturity,C0,Tmin ≤ 0°C,≤0°C,0,9614,0,9614,0.0,,3049.809444560017,LOW_EVENT_COUNT,,,,,,,
Southwest,M10,May 10,Irrigated,990004,VSS,Cold,late season before/on maturity,Cm2p2,Tmin ≤ −2.2°C,≤−2.2°C,1,9614,0,9614,0.0,,3049.809444560017,LOW_EVENT_COUNT,,,,,,,
Southwest,M10,May 10,Irrigated,990004,VSS,Cold,late season before/on maturity,Cm4,Tmin ≤ −4°C,≤−4°C,2,9614,0,9614,0.0,,3049.809444560017,LOW_EVENT_COUNT,,,,,,,
Southwest,M10,May 10,Irrigated,990004,VSS,Heat,flowering/silking proxy (ADAT ±7 d),H30,Tmax ≥ 30°C,≥30°C,3,9614,9609,5,99.94799251092157,3050.087626183786,2515.2,LOW_EVENT_COUNT,,,,,,,
Southwest,M10,May 10,Irrigated,990004,VSS,Heat,flowering/silking proxy (ADAT ±7 d),H35,Tmax ≥ 35°C,≥35°C,4,9614,8337,1277,86.71728728936966,3079.783135420415,2854.123727486296,ESTIMABLE,98.5161476752279,-98.5161476752279,-3.4517125773658637,11.2047022470948,-120.47696053702872,-76.55533481342708,1.464073602231397e-18
Southwest,M10,May 10,Irrigated,990004,VSS,Heat,flowering/silking proxy (ADAT ±7 d),H38,Tmax ≥ 38°C,≥38°C,5,9614,5324,4290,55.37757437070938,3109.9906085649886,2975.123076923077,ESTIMABLE,-85.38594505749322,85.38594505749322,2.8699970673415236,8.908994659643755,67.92463638613178,102.84725372885465,9.314061532720363e-22
Southcentral,M10,May 10,Rainfed,990001,LS,Cold,late season before/on maturity,C0,Tmin ≤ 0°C,≤0°C,0,19266,39,19227,0.20242914979757085,6043.871794871795,2901.9009205804336,ESTIMABLE,1525.1858396858406,-1525.1858396858406,-52.55816381838342,156.78770185706733,-1832.4840885444964,-1217.8875908271848,2.2969797472128627e-22
Southcentral,M10,May 10,Rainfed,990001,LS,Cold,late season before/on maturity,Cm2p2,Tmin ≤ −2.2°C,≤−2.2°C,1,19266,0,19266,0.0,,2908.261185508149,LOW_EVENT_COUNT,,,,,,,
Southcentral,M10,May 10,Rainfed,990001,LS,Cold,late season before/on maturity,Cm4,Tmin ≤ −4°C,≤−4°C,2,19266,0,19266,0.0,,2908.261185508149,LOW_EVENT_COUNT,,,,,,,
Southcentral,M10,May 10,Rainfed,990001,LS,Heat,flowering/silking proxy (ADAT ±7 d),H30,Tmax ≥ 30°C,≥30°C,3,19266,19266,0,100.0,2908.261185508149,,LOW_EVENT_COUNT,,,,,,,
Southcentral,M10,May 10,Rainfed,990001,LS,Heat,flowering/silking proxy (ADAT ±7 d),H35,Tmax ≥ 35°C,≥35°C,4,19266,18252,1014,94.73684210526316,2817.452772298926,4542.8126232741615,ESTIMABLE,-628.2009494524156,628.2009494524156,13.82845830431037,84.92723441930428,461.7466286839887,794.6552702208423,1.3936722281271363e-13
Southcentral,M10,May 10,Rainfed,990001,LS,Heat,flowering/silking proxy (ADAT ±7 d),H38,Tmax ≥ 38°C,≥38°C,5,19266,13952,5314,72.41773071732585,2212.1408400229357,4735.93733534061,ESTIMABLE,-1323.3487471343053,1323.3487471343053,27.94269969028485,25.74944616382766,1272.88076003135,1373.8167342372606,0.0
Southcentral,M10,May 10,Rainfed,990002,MS,Cold,late season before/on maturity,C0,Tmin ≤ 0°C,≤0°C,0,19266,0,19266,0.0,,4077.2399563998756,LOW_EVENT_COUNT,,,,,,,
Southcentral,M10,May 10,Rainfed,990002,MS,Cold,late season before/on maturity,Cm2p2,Tmin ≤ −2.2°C,≤−2.2°C,1,19266,0,19266,0.0,,4077.2399563998756,LOW_EVENT_COUNT,,,,,,,
Southcentral,M10,May 10,Rainfed,990002,MS,Cold,late season before/on maturity,Cm4,Tmin ≤ −4°C,≤−4°C,2,19266,0,19266,0.0,,4077.2399563998756,LOW_EVENT_COUNT,,,,,,,
Southcentral,M10,May 10,Rainfed,990002,MS,Heat,flowering/silking proxy (ADAT ±7 d),H30,Tmax ≥ 30°C,≥30°C,3,19266,19266,0,100.0,4077.2399563998756,,LOW_EVENT_COUNT,,,,,,,
Southcentral,M10,May 10,Rainfed,990002,MS,Heat,flowering/silking proxy (ADAT ±7 d),H35,Tmax ≥ 35°C,≥35°C,4,19266,17016,2250,88.3213952039863,3757.7931946403387,6493.109333333334,ESTIMABLE,-207.51973732723488,207.51973732723488,3.1959994306872628,39.64381190592406,129.8192937817435,285.22018087272625,1.6533712830550965e-07
Southcentral,M10,May 10,Rainfed,990002,MS,Heat,flowering/silking proxy (ADAT ±7 d),H38,Tmax ≥ 38°C,≥38°C,5,19266,12185,7081,63.246133084189765,3113.6381616741896,5735.407993221296,ESTIMABLE,-899.2158774622098,899.2158774622098,15.678324515448544,14.870767812131046,870.0697081279754,928.3620467964442,0.0
Southcentral,M10,May 10,Rainfed,990003,SS,Cold,late season before/on maturity,C0,Tmin ≤ 0°C,≤0°C,0,19266,0,19266,0.0,,3040.426139312779,LOW_EVENT_COUNT,,,,,,,
Southcentral,M10,May 10,Rainfed,990003,SS,Cold,late season before/on maturity,Cm2p2,Tmin ≤ −2.2°C,≤−2.2°C,1,19266,0,19266,0.0,,3040.426139312779,LOW_EVENT_COUNT,,,,,,,
Southcentral,M10,May 10,Rainfed,990003,SS,Cold,late season before/on maturity,Cm4,Tmin ≤ −4°C,≤−4°C,2,19266,0,19266,0.0,,3040.426139312779,LOW_EVENT_COUNT,,,,,,,
Southcentral,M10,May 10,Rainfed,990003,SS,Heat,flowering/silking proxy (ADAT ±7 d),H30,Tmax ≥ 30°C,≥30°C,3,19266,19215,51,99.73528495795702,3037.862555295342,4006.294117647059,ESTIMABLE,-18.19628413242954,18.19628413242954,0.45419241818212835,58.13901340459717,-95.75408823727234,132.1466565021314,0.7542966970801006
Southcentral,M10,May 10,Rainfed,990003,SS,Heat,flowering/silking proxy (ADAT ±7 d),H35,Tmax ≥ 35°C,≥35°C,4,19266,15013,4253,77.92484169002388,2680.782188769733,4309.961674112391,ESTIMABLE,271.34892799193926,-271.34892799193926,-6.295854778054885,16.84258958668948,-304.35979698824,-238.33805899563853,2.1395960500875177e-58
Southcentral,M10,May 10,Rainfed,990003,SS,Heat,flowering/silking proxy (ADAT ±7 d),H38,Tmax ≥ 38°C,≥38°C,5,19266,8102,11164,42.053358247690234,2081.599481609479,3736.2711393765676,ESTIMABLE,-326.3774686545027,326.3774686545027,8.735379646696677,13.73336069818201,299.46057629936814,353.29436100963727,7.633595896841074e-125
Southcentral,M10,May 10,Rainfed,990004,VSS,Cold,late season before/on maturity,C0,Tmin ≤ 0°C,≤0°C,0,19266,0,19266,0.0,,2691.10910412125,LOW_EVENT_COUNT,,,,,,,
Southcentral,M10,May 10,Rainfed,990004,VSS,Cold,late season before/on maturity,Cm2p2,Tmin ≤ −2.2°C,≤−2.2°C,1,19266,0,19266,0.0,,2691.10910412125,LOW_EVENT_COUNT,,,,,,,
Southcentral,M10,May 10,Rainfed,990004,VSS,Cold,late season before/on maturity,Cm4,Tmin ≤ −4°C,≤−4°C,2,19266,0,19266,0.0,,2691.10910412125,LOW_EVENT_COUNT,,,,,,,
Southcentral,M10,May 10,Rainfed,990004,VSS,Heat,flowering/silking proxy (ADAT ±7 d),H30,Tmax ≥ 30°C,≥30°C,3,19266,18733,533,97.23346828609986,2692.879197138739,2628.8968105065665,ESTIMABLE,173.64864609308322,-173.64864609308322,-6.605380834998335,20.67298025140998,-214.16694283895458,-133.13034934721185,4.472864013258691e-17
Southcentral,M10,May 10,Rainfed,990004,VSS,Heat,flowering/silking proxy (ADAT ±7 d),H35,Tmax ≥ 35°C,≥35°C,4,19266,10946,8320,56.81511470985155,2527.548145441257,2906.2939903846154,ESTIMABLE,-6.561086960561622,6.561086960561622,0.22575441377468272,7.773327095311513,-8.674354186298295,21.796528107421537,0.3986407310039221
Southcentral,M10,May 10,Rainfed,990004,VSS,Heat,flowering/silking proxy (ADAT ±7 d),H38,Tmax ≥ 38°C,≥38°C,5,19266,5358,13908,27.810650887573964,2198.8977230309815,2880.7315214265172,ESTIMABLE,-372.4317980470174,372.4317980470174,12.928375840543167,11.935165822922865,349.03930288457525,395.8242932094596,9.235216659704984e-214
Southcentral,M10,May 10,Irrigated,990001,LS,Cold,late season before/on maturity,C0,Tmin ≤ 0°C,≤0°C,0,19266,39,19227,0.20242914979757085,6841.692307692308,5960.52972382587,ESTIMABLE,1001.8287133287142,-1001.8287133287142,-16.807712732714517,107.99426325639382,-1213.4935798481833,-790.163846809245,1.748341523913209e-20
Southcentral,M10,May 10,Irrigated,990001,LS,Cold,late season before/on maturity,Cm2p2,Tmin ≤ −2.2°C,≤−2.2°C,1,19266,0,19266,0.0,,5962.313453752725,LOW_EVENT_COUNT,,,,,,,
Southcentral,M10,May 10,Irrigated,990001,LS,Cold,late season before/on maturity,Cm4,Tmin ≤ −4°C,≤−4°C,2,19266,0,19266,0.0,,5962.313453752725,LOW_EVENT_COUNT,,,,,,,
Southcentral,M10,May 10,Irrigated,990001,LS,Heat,flowering/silking proxy (ADAT ±7 d),H30,Tmax ≥ 30°C,≥30°C,3,19266,19266,0,100.0,5962.313453752725,,LOW_EVENT_COUNT,,,,,,,
Southcentral,M10,May 10,Irrigated,990001,LS,Heat,flowering/silking proxy (ADAT ±7 d),H35,Tmax ≥ 35°C,≥35°C,4,19266,18252,1014,94.73684210526316,5943.149298706991,6307.2682445759365,ESTIMABLE,-71.21636520771318,71.21636520771318,1.129115846134452,29.901264671926803,12.610963358536772,129.8217670568896,0.01723211145974858
Southcentral,M10,May 10,Irrigated,990001,LS,Heat,flowering/silking proxy (ADAT ±7 d),H38,Tmax ≥ 38°C,≥38°C,5,19266,13942,5324,72.36582580712135,5598.550423181753,6914.902516904583,ESTIMABLE,-159.39558934966223,159.39558934966223,2.305102479174425,13.783643558403831,132.3801443994532,186.41103429987126,6.263637725866622e-31
Southcentral,M10,May 10,Irrigated,990002,MS,Cold,late season before/on maturity,C0,Tmin ≤ 0°C,≤0°C,0,19266,0,19266,0.0,,6651.647409944981,LOW_EVENT_COUNT,,,,,,,
Southcentral,M10,May 10,Irrigated,990002,MS,Cold,late season before/on maturity,Cm2p2,Tmin ≤ −2.2°C,≤−2.2°C,1,19266,0,19266,0.0,,6651.647409944981,LOW_EVENT_COUNT,,,,,,,
Southcentral,M10,May 10,Irrigated,990002,MS,Cold,late season before/on maturity,Cm4,Tmin ≤ −4°C,≤−4°C,2,19266,0,19266,0.0,,6651.647409944981,LOW_EVENT_COUNT,,,,,,,
Southcentral,M10,May 10,Irrigated,990002,MS,Heat,flowering/silking proxy (ADAT ±7 d),H30,Tmax ≥ 30°C,≥30°C,3,19266,19266,0,100.0,6651.647409944981,,LOW_EVENT_COUNT,,,,,,,
Southcentral,M10,May 10,Irrigated,990002,MS,Heat,flowering/silking proxy (ADAT ±7 d),H35,Tmax ≥ 35°C,≥35°C,4,19266,17016,2250,88.3213952039863,6594.85689938881,7081.135111111111,ESTIMABLE,-129.34633455014915,129.34633455014915,1.8266327717316106,20.735581818021632,88.70534098834318,169.98732811195512,4.435046708905128e-10
Southcentral,M10,May 10,Irrigated,990002,MS,Heat,flowering/silking proxy (ADAT ±7 d),H38,Tmax ≥ 38°C,≥38°C,5,19266,12185,7081,63.246133084189765,6340.644973327862,7186.821070470272,ESTIMABLE,-174.43205576411586,174.43205576411586,2.4271100400820447,14.142165212338414,146.7139212845173,202.1501902437144,5.928711550146056e-35
Southcentral,M10,May 10,Irrigated,990003,SS,Cold,late season before/on maturity,C0,Tmin ≤ 0°C,≤0°C,0,19266,0,19266,0.0,,3956.2150939478875,LOW_EVENT_COUNT,,,,,,,
Southcentral,M10,May 10,Irrigated,990003,SS,Cold,late season before/on maturity,Cm2p2,Tmin ≤ −2.2°C,≤−2.2°C,1,19266,0,19266,0.0,,3956.2150939478875,LOW_EVENT_COUNT,,,,,,,
Southcentral,M10,May 10,Irrigated,990003,SS,Cold,late season before/on maturity,Cm4,Tmin ≤ −4°C,≤−4°C,2,19266,0,19266,0.0,,3956.2150939478875,LOW_EVENT_COUNT,,,,,,,
Southcentral,M10,May 10,Irrigated,990003,SS,Heat,flowering/silking proxy (ADAT ±7 d),H30,Tmax ≥ 30°C,≥30°C,3,19266,19215,51,99.73528495795702,3956.0821753838145,4006.294117647059,ESTIMABLE,-27.80304995397871,27.80304995397871,0.6939842442298707,38.24365918964116,-47.153144694742224,102.75924460269965,0.4672274018143713
Southcentral,M10,May 10,Irrigated,990003,SS,Heat,flowering/silking proxy (ADAT ±7 d),H35,Tmax ≥ 35°C,≥35°C,4,19266,14989,4277,77.80026990553306,3815.701447728334,4448.65349544073,ESTIMABLE,278.5288367417942,-278.5288367417942,-6.260969460247886,12.13512957187477,-302.3132536503957,-254.74441983319267,1.398357776350997e-116
Southcentral,M10,May 10,Irrigated,990003,SS,Heat,flowering/silking proxy (ADAT ±7 d),H38,Tmax ≥ 38°C,≥38°C,5,19266,8068,11198,41.87688155299492,3566.8040406544374,4236.780228612252,ESTIMABLE,-19.170697597282267,19.170697597282267,0.4524827006087494,8.069890017017933,3.3540038047277942,34.98739138983674,0.01752122744517582
Southcentral,M10,May 10,Irrigated,990004,VSS,Cold,late season before/on maturity,C0,Tmin ≤ 0°C,≤0°C,0,19266,0,19266,0.0,,2923.506903353057,LOW_EVENT_COUNT,,,,,,,
Southcentral,M10,May 10,Irrigated,990004,VSS,Cold,late season before/on maturity,Cm2p2,Tmin ≤ −2.2°C,≤−2.2°C,1,19266,0,19266,0.0,,2923.506903353057,LOW_EVENT_COUNT,,,,,,,
Southcentral,M10,May 10,Irrigated,990004,VSS,Cold,late season before/on maturity,Cm4,Tmin ≤ −4°C,≤−4°C,2,19266,0,19266,0.0,,2923.506903353057,LOW_EVENT_COUNT,,,,,,,
Southcentral,M10,May 10,Irrigated,990004,VSS,Heat,flowering/silking proxy (ADAT ±7 d),H30,Tmax ≥ 30°C,≥30°C,3,19266,18733,533,97.23346828609986,2931.889286286233,2628.8968105065665,ESTIMABLE,6.863317322979611,-6.863317322979611,-0.26107214613939556,19.646740672921926,-45.37022145550481,31.64358680954559,0.7268369400865429
Southcentral,M10,May 10,Irrigated,990004,VSS,Heat,flowering/silking proxy (ADAT ±7 d),H35,Tmax ≥ 35°C,≥35°C,4,19266,10948,8318,56.825495691892456,2922.2079831932774,2925.2165183938446,ESTIMABLE,-35.0737908811628,35.0737908811628,1.1990152065878819,6.558816321688887,22.218747109439107,47.92883465288649,8.913832416995194e-08
Southcentral,M10,May 10,Irrigated,990004,VSS,Heat,flowering/silking proxy (ADAT ±7 d),H38,Tmax ≥ 38°C,≥38°C,5,19266,5367,13899,27.85736530675802,2816.95211477548,2964.6522771422406,ESTIMABLE,-56.66272818950169,56.66272818950169,1.9112773739563618,8.417085281480952,40.16554418299684,73.15991219600654,1.6749567782805354e-11
Southeast,M10,May 10,Rainfed,990001,LS,Cold,late season before/on maturity,C0,Tmin ≤ 0°C,≤0°C,0,20444,570,19874,2.7881040892193307,8278.564912280703,4827.730502163631,ESTIMABLE,812.0926015998544,-812.0926015998544,-16.82141538836729,54.88788474651298,-919.6708788906053,-704.5143243091036,1.5666271020400587e-49
Southeast,M10,May 10,Rainfed,990001,LS,Cold,late season before/on maturity,Cm2p2,Tmin ≤ −2.2°C,≤−2.2°C,1,20444,0,20444,0.0,,4923.943357464293,LOW_EVENT_COUNT,,,,,,,
Southeast,M10,May 10,Rainfed,990001,LS,Cold,late season before/on maturity,Cm4,Tmin ≤ −4°C,≤−4°C,2,20444,0,20444,0.0,,4923.943357464293,LOW_EVENT_COUNT,,,,,,,
Southeast,M10,May 10,Rainfed,990001,LS,Heat,flowering/silking proxy (ADAT ±7 d),H30,Tmax ≥ 30°C,≥30°C,3,20444,20414,30,99.85325767951477,4921.326001763496,6704.966666666666,ESTIMABLE,-996.953783291698,996.953783291698,14.868885005021621,57.8852140383427,883.5008485391539,1110.406718044242,1.786652933674443e-66
Southeast,M10,May 10,Rainfed,990001,LS,Heat,flowering/silking proxy (ADAT ±7 d),H35,Tmax ≥ 35°C,≥35°C,4,20444,13821,6623,67.60418704754451,3839.4076405469937,7187.1727313906085,ESTIMABLE,-350.35795617477316,350.35795617477316,4.874767440116668,28.323048525319308,294.845801132767,405.8701112167793,3.7951334318993225e-35
Southeast,M10,May 10,Rainfed,990001,LS,Heat,flowering/silking proxy (ADAT ±7 d),H38,Tmax ≥ 38°C,≥38°C,5,20444,8214,12230,40.17804734885541,2484.2499391283177,6562.507686017989,ESTIMABLE,-1220.7806743913332,1220.7806743913332,18.602350394077494,30.540277121293133,1160.922831155726,1280.6385176269403,0.0
Southeast,M10,May 10,Rainfed,990002,MS,Cold,late season before/on maturity,C0,Tmin ≤ 0°C,≤0°C,0,20444,0,20444,0.0,,6356.629866953629,LOW_EVENT_COUNT,,,,,,,
Southeast,M10,May 10,Rainfed,990002,MS,Cold,late season before/on maturity,Cm2p2,Tmin ≤ −2.2°C,≤−2.2°C,1,20444,0,20444,0.0,,6356.629866953629,LOW_EVENT_COUNT,,,,,,,
Southeast,M10,May 10,Rainfed,990002,MS,Cold,late season before/on maturity,Cm4,Tmin ≤ −4°C,≤−4°C,2,20444,0,20444,0.0,,6356.629866953629,LOW_EVENT_COUNT,,,,,,,
Southeast,M10,May 10,Rainfed,990002,MS,Heat,flowering/silking proxy (ADAT ±7 d),H30,Tmax ≥ 30°C,≥30°C,3,20444,20420,24,99.88260614361182,6354.920176297747,7811.291666666667,ESTIMABLE,342.5335340204018,-342.5335340204018,-4.3851074654157935,31.596510606857358,-404.46155684698005,-280.6055111938236,2.2037526232301607e-27
Southeast,M10,May 10,Rainfed,990002,MS,Heat,flowering/silking proxy (ADAT ±7 d),H35,Tmax ≥ 35°C,≥35°C,4,20444,10300,10144,50.38153003326159,4582.384563106796,8158.160488958991,ESTIMABLE,-909.9118959359027,909.9118959359027,11.153395390631873,23.19293962811419,864.4545695691871,955.3692223026184,0.0
Southeast,M10,May 10,Rainfed,990002,MS,Heat,flowering/silking proxy (ADAT ±7 d),H38,Tmax ≥ 38°C,≥38°C,5,20444,4533,15911,22.172764625317942,2967.700860357379,7322.12639054742,ESTIMABLE,-1625.5289917176208,1625.5289917176208,22.200231258178164,47.642618585283344,1532.1511751612868,1718.9068082739548,3.827063194060517e-255
Southeast,M10,May 10,Rainfed,990003,SS,Cold,late season before/on maturity,C0,Tmin ≤ 0°C,≤0°C,0,20444,0,20444,0.0,,4150.641068284093,LOW_EVENT_COUNT,,,,,,,
Southeast,M10,May 10,Rainfed,990003,SS,Cold,late season before/on maturity,Cm2p2,Tmin ≤ −2.2°C,≤−2.2°C,1,20444,0,20444,0.0,,4150.641068284093,LOW_EVENT_COUNT,,,,,,,
Southeast,M10,May 10,Rainfed,990003,SS,Cold,late season before/on maturity,Cm4,Tmin ≤ −4°C,≤−4°C,2,20444,0,20444,0.0,,4150.641068284093,LOW_EVENT_COUNT,,,,,,,
Southeast,M10,May 10,Rainfed,990003,SS,Heat,flowering/silking proxy (ADAT ±7 d),H30,Tmax ≥ 30°C,≥30°C,3,20444,19727,717,96.49285854040305,4128.419729305014,4762.022315202232,ESTIMABLE,232.9010308721307,-232.9010308721307,-4.890800913062079,19.726114433602792,-271.5635047169079,-194.2385570273535,3.602763909674702e-32
Southeast,M10,May 10,Rainfed,990003,SS,Heat,flowering/silking proxy (ADAT ±7 d),H35,Tmax ≥ 35°C,≥35°C,4,20444,7215,13229,35.29152807669732,3212.836451836452,4662.112858114748,ESTIMABLE,-505.654423653829,505.654423653829,10.846035671867114,13.64562224255604,478.90949551178045,532.3993517958775,1.4289045542624384e-300
Southeast,M10,May 10,Rainfed,990003,SS,Heat,flowering/silking proxy (ADAT ±7 d),H38,Tmax ≥ 38°C,≥38°C,5,20444,2123,18321,10.384464879671297,2135.913801224682,4384.103542383058,ESTIMABLE,-1212.224829826823,1212.224829826823,27.650460763704874,24.07652685921669,1165.035704309947,1259.413955343699,0.0
Southeast,M10,May 10,Rainfed,990004,VSS,Cold,late season before/on maturity,C0,Tmin ≤ 0°C,≤0°C,0,20444,0,20444,0.0,,3106.8711602426138,LOW_EVENT_COUNT,,,,,,,
Southeast,M10,May 10,Rainfed,990004,VSS,Cold,late season before/on maturity,Cm2p2,Tmin ≤ −2.2°C,≤−2.2°C,1,20444,0,20444,0.0,,3106.8711602426138,LOW_EVENT_COUNT,,,,,,,
Southeast,M10,May 10,Rainfed,990004,VSS,Cold,late season before/on maturity,Cm4,Tmin ≤ −4°C,≤−4°C,2,20444,0,20444,0.0,,3106.8711602426138,LOW_EVENT_COUNT,,,,,,,
Southeast,M10,May 10,Rainfed,990004,VSS,Heat,flowering/silking proxy (ADAT ±7 d),H30,Tmax ≥ 30°C,≥30°C,3,20444,17341,3103,84.82195265114458,3127.3233377544548,2992.574927489526,ESTIMABLE,-44.98256942692874,44.98256942692874,1.5031392869639746,7.643523020290543,30.001539592156462,59.96359926170102,3.97916587753417e-09
Southeast,M10,May 10,Rainfed,990004,VSS,Heat,flowering/silking proxy (ADAT ±7 d),H35,Tmax ≥ 35°C,≥35°C,4,20444,3690,16754,18.049305419683037,3029.6357723577235,3123.8819386415184,ESTIMABLE,-137.54404848954985,137.54404848954985,4.402984849976872,10.248147471283806,117.45804853757836,157.63004844152135,4.533337267310848e-41
Southeast,M10,May 10,Rainfed,990004,VSS,Heat,flowering/silking proxy (ADAT ±7 d),H38,Tmax ≥ 38°C,≥38°C,5,20444,384,20060,1.8783017022109176,2515.5338541666665,3118.1908773678965,ESTIMABLE,-310.04564101649225,310.04564101649225,9.943125780619486,10.246295280494163,289.963271291761,330.12801074122353,3.937488426379039e-201
Southeast,M10,May 10,Irrigated,990001,LS,Cold,late season before/on maturity,C0,Tmin ≤ 0°C,≤0°C,0,20444,570,19874,2.7881040892193307,8295.422807017543,6391.30154976351,ESTIMABLE,632.404946285248,-632.404946285248,-9.89477560026327,32.59521003615722,-696.2903840246347,-568.5195085458613,7.455165852886315e-84
Southeast,M10,May 10,Irrigated,990001,LS,Cold,late season before/on maturity,Cm2p2,Tmin ≤ −2.2°C,≤−2.2°C,1,20444,0,20444,0.0,,6444.390432400704,LOW_EVENT_COUNT,,,,,,,
Southeast,M10,May 10,Irrigated,990001,LS,Cold,late season before/on maturity,Cm4,Tmin ≤ −4°C,≤−4°C,2,20444,0,20444,0.0,,6444.390432400704,LOW_EVENT_COUNT,,,,,,,
Southeast,M10,May 10,Irrigated,990001,LS,Heat,flowering/silking proxy (ADAT ±7 d),H30,Tmax ≥ 30°C,≥30°C,3,20444,20414,30,99.85325767951477,6443.716469089841,6903.0,ESTIMABLE,-248.58418723800685,248.58418723800685,3.601103683007487,43.61408808696792,163.1021453689923,334.0662291070214,1.2006737410642226e-08
Southeast,M10,May 10,Irrigated,990001,LS,Heat,flowering/silking proxy (ADAT ±7 d),H35,Tmax ≥ 35°C,≥35°C,4,20444,13821,6623,67.60418704754451,5935.494899066638,7506.36312849162,ESTIMABLE,-260.8912391703367,260.8912391703367,3.475601096089818,12.078645671233968,237.21752867269748,284.5649496679759,1.820482533224342e-103
Southeast,M10,May 10,Irrigated,990001,LS,Heat,flowering/silking proxy (ADAT ±7 d),H38,Tmax ≥ 38°C,≥38°C,5,20444,8214,12230,40.17804734885541,5280.991599707816,7225.76067048242,ESTIMABLE,-359.7893044788583,359.7893044788583,4.979258529120885,15.626635960517687,329.1616607967252,390.4169481609914,2.6739148880067814e-117
Southeast,M10,May 10,Irrigated,990002,MS,Cold,late season before/on maturity,C0,Tmin ≤ 0°C,≤0°C,0,20444,0,20444,0.0,,7486.211064370965,LOW_EVENT_COUNT,,,,,,,
Southeast,M10,May 10,Irrigated,990002,MS,Cold,late season before/on maturity,Cm2p2,Tmin ≤ −2.2°C,≤−2.2°C,1,20444,0,20444,0.0,,7486.211064370965,LOW_EVENT_COUNT,,,,,,,
Southeast,M10,May 10,Irrigated,990002,MS,Cold,late season before/on maturity,Cm4,Tmin ≤ −4°C,≤−4°C,2,20444,0,20444,0.0,,7486.211064370965,LOW_EVENT_COUNT,,,,,,,
Southeast,M10,May 10,Irrigated,990002,MS,Heat,flowering/silking proxy (ADAT ±7 d),H30,Tmax ≥ 30°C,≥30°C,3,20444,20420,24,99.88260614361182,7485.73237022527,7893.5,ESTIMABLE,410.49045640971735,-410.49045640971735,-5.200360504335433,28.702414741065674,-466.7461555715376,-354.2347572478971,2.1383587497573224e-46
Southeast,M10,May 10,Irrigated,990002,MS,Heat,flowering/silking proxy (ADAT ±7 d),H35,Tmax ≥ 35°C,≥35°C,4,20444,10300,10144,50.38153003326159,6477.600291262136,8510.332807570978,ESTIMABLE,-239.93039476629158,239.93039476629158,2.8192833369905848,12.322034977574102,215.77964999400353,264.08113953857963,1.9100559271374613e-84
Southeast,M10,May 10,Irrigated,990002,MS,Heat,flowering/silking proxy (ADAT ±7 d),H38,Tmax ≥ 38°C,≥38°C,5,20444,4533,15911,22.172764625317942,5467.97088021178,8061.202124316511,ESTIMABLE,-422.6243535956181,422.6243535956181,5.242696400339315,18.44439931057258,386.4739952304204,458.7747119608158,3.4142111174155875e-116
Southeast,M10,May 10,Irrigated,990003,SS,Cold,late season before/on maturity,C0,Tmin ≤ 0°C,≤0°C,0,20444,0,20444,0.0,,4444.341224809235,LOW_EVENT_COUNT,,,,,,,
Southeast,M10,May 10,Irrigated,990003,SS,Cold,late season before/on maturity,Cm2p2,Tmin ≤ −2.2°C,≤−2.2°C,1,20444,0,20444,0.0,,4444.341224809235,LOW_EVENT_COUNT,,,,,,,
Southeast,M10,May 10,Irrigated,990003,SS,Cold,late season before/on maturity,Cm4,Tmin ≤ −4°C,≤−4°C,2,20444,0,20444,0.0,,4444.341224809235,LOW_EVENT_COUNT,,,,,,,
Southeast,M10,May 10,Irrigated,990003,SS,Heat,flowering/silking proxy (ADAT ±7 d),H30,Tmax ≥ 30°C,≥30°C,3,20444,19727,717,96.49285854040305,4432.734931819334,4763.668061366806,ESTIMABLE,97.3744217915254,-97.3744217915254,-2.0441059397322165,15.358113234951798,-127.47577060251888,-67.27307298053194,2.29378628097205e-10
Southeast,M10,May 10,Irrigated,990003,SS,Heat,flowering/silking proxy (ADAT ±7 d),H35,Tmax ≥ 35°C,≥35°C,4,20444,7215,13229,35.29152807669732,3927.380873180873,4726.287625670874,ESTIMABLE,-312.05989240866256,312.05989240866256,6.602642858926029,8.907090144568773,294.6023165182561,329.51746829906904,6.598669892034895e-269
Southeast,M10,May 10,Irrigated,990003,SS,Heat,flowering/silking proxy (ADAT ±7 d),H38,Tmax ≥ 38°C,≥38°C,5,20444,2123,18321,10.384464879671297,3003.111163447951,4611.348015937994,ESTIMABLE,-540.3898917159597,540.3898917159597,11.71869678558709,12.779029148337267,515.3434548278311,565.4363286040883,0.0
Southeast,M10,May 10,Irrigated,990004,VSS,Cold,late season before/on maturity,C0,Tmin ≤ 0°C,≤0°C,0,20444,0,20444,0.0,,3125.3636274701626,LOW_EVENT_COUNT,,,,,,,
Southeast,M10,May 10,Irrigated,990004,VSS,Cold,late season before/on maturity,Cm2p2,Tmin ≤ −2.2°C,≤−2.2°C,1,20444,0,20444,0.0,,3125.3636274701626,LOW_EVENT_COUNT,,,,,,,
Southeast,M10,May 10,Irrigated,990004,VSS,Cold,late season before/on maturity,Cm4,Tmin ≤ −4°C,≤−4°C,2,20444,0,20444,0.0,,3125.3636274701626,LOW_EVENT_COUNT,,,,,,,
Southeast,M10,May 10,Irrigated,990004,VSS,Heat,flowering/silking proxy (ADAT ±7 d),H30,Tmax ≥ 30°C,≥30°C,3,20444,17341,3103,84.82195265114458,3149.1250792918518,2992.5736384144375,ESTIMABLE,-51.257469592471445,51.257469592471445,1.7128223324064737,7.773613988948627,36.02146614441539,66.4934730405275,4.28778410756858e-11
Southeast,M10,May 10,Irrigated,990004,VSS,Heat,flowering/silking proxy (ADAT ±7 d),H35,Tmax ≥ 35°C,≥35°C,4,20444,3690,16754,18.049305419683037,3100.7623306233063,3130.781962516414,ESTIMABLE,-66.78670808137969,66.78670808137969,2.1332277009702345,8.799099136475412,49.54079067749039,84.03262548526898,3.1947209795749803e-14
Southeast,M10,May 10,Irrigated,990004,VSS,Heat,flowering/silking proxy (ADAT ±7 d),H38,Tmax ≥ 38°C,≥38°C,5,20444,384,20060,1.8783017022109176,2756.6953125,3132.420887337986,ESTIMABLE,-115.8514956544949,115.8514956544949,3.69846517505981,7.4924036979453605,101.16665424888727,130.5363370601025,6.211307704940462e-54
Northwest,M20,May 20,Rainfed,990001,LS,Cold,late season before/on maturity,C0,Tmin ≤ 0°C,≤0°C,0,18962,2104,16858,11.095875962451219,3967.1820342205324,2177.853600664373,ESTIMABLE,1066.078823945922,-1066.078823945922,-48.950894753472205,38.919927886115744,-1142.360480883605,-989.7971670082391,3.453890003318645e-165
Northwest,M20,May 20,Rainfed,990001,LS,Cold,late season before/on maturity,Cm2p2,Tmin ≤ −2.2°C,≤−2.2°C,1,18962,1308,17654,6.898006539394578,4425.549694189603,2224.5716551489745,ESTIMABLE,1314.9404936784726,-1314.9404936784726,-59.10982865554916,40.77256261261963,-1394.8532479566115,-1235.0277394003338,3.448062507941344e-228
Northwest,M20,May 20,Rainfed,990001,LS,Cold,late season before/on maturity,Cm4,Tmin ≤ −4°C,≤−4°C,2,18962,906,18056,4.777977006644869,4587.981236203091,2265.4240141781124,ESTIMABLE,1997.8502263752089,-1997.8502263752089,-88.18879882404804,55.48859537618832,-2106.6058748652536,-1889.094577885164,7.062131521999196e-284
Northwest,M20,May 20,Rainfed,990001,LS,Heat,flowering/silking proxy (ADAT ±7 d),H30,Tmax ≥ 30°C,≥30°C,3,18962,18962,0,100.0,2376.395264212636,,LOW_EVENT_COUNT,,,,,,,
Northwest,M20,May 20,Rainfed,990001,LS,Heat,flowering/silking proxy (ADAT ±7 d),H35,Tmax ≥ 35°C,≥35°C,4,18962,17089,1873,90.12234996308406,2201.1120603897243,3975.655632674853,ESTIMABLE,-599.2680238757146,599.2680238757146,15.073438930436794,66.11496413429863,469.68507533333184,728.8509724180973,1.257177230754289e-19
Northwest,M20,May 20,Rainfed,990001,LS,Heat,flowering/silking proxy (ADAT ±7 d),H38,Tmax ≥ 38°C,≥38°C,5,18962,12199,6763,64.33393101993461,1908.3565866054594,3220.6365518261127,ESTIMABLE,-518.5478291893431,518.5478291893431,16.100786935903233,14.405050230605323,490.3144495418663,546.7812088368199,9.107212108914878e-284
Northwest,M20,May 20,Rainfed,990002,MS,Cold,late season before/on maturity,C0,Tmin ≤ 0°C,≤0°C,0,18962,0,18962,0.0,,2906.5734627149036,LOW_EVENT_COUNT,,,,,,,
Northwest,M20,May 20,Rainfed,990002,MS,Cold,late season before/on maturity,Cm2p2,Tmin ≤ −2.2°C,≤−2.2°C,1,18962,0,18962,0.0,,2906.5734627149036,LOW_EVENT_COUNT,,,,,,,
Northwest,M20,May 20,Rainfed,990002,MS,Cold,late season before/on maturity,Cm4,Tmin ≤ −4°C,≤−4°C,2,18962,0,18962,0.0,,2906.5734627149036,LOW_EVENT_COUNT,,,,,,,
Northwest,M20,May 20,Rainfed,990002,MS,Heat,flowering/silking proxy (ADAT ±7 d),H30,Tmax ≥ 30°C,≥30°C,3,18962,18962,0,100.0,2906.5734627149036,,LOW_EVENT_COUNT,,,,,,,
Northwest,M20,May 20,Rainfed,990002,MS,Heat,flowering/silking proxy (ADAT ±7 d),H35,Tmax ≥ 35°C,≥35°C,4,18962,18349,613,96.76721864782196,2661.7426562755463,10235.122349102774,ESTIMABLE,-1604.2857563800446,1604.2857563800446,15.674319286673487,125.36623807918212,1358.5724448675737,1849.9990678925155,1.7086356280936884e-37
Northwest,M20,May 20,Rainfed,990002,MS,Heat,flowering/silking proxy (ADAT ±7 d),H38,Tmax ≥ 38°C,≥38°C,5,18962,14767,4195,77.87680624406708,2169.7684702376923,5500.23241954708,ESTIMABLE,-1025.4246349499342,1025.4246349499342,18.643296441541526,29.90868834529326,966.8046829683266,1084.044586931542,1.3052297592575383e-257
Northwest,M20,May 20,Rainfed,990003,SS,Cold,late season before/on maturity,C0,Tmin ≤ 0°C,≤0°C,0,18962,0,18962,0.0,,2406.73177934817,LOW_EVENT_COUNT,,,,,,,
Northwest,M20,May 20,Rainfed,990003,SS,Cold,late season before/on maturity,Cm2p2,Tmin ≤ −2.2°C,≤−2.2°C,1,18962,0,18962,0.0,,2406.73177934817,LOW_EVENT_COUNT,,,,,,,
Northwest,M20,May 20,Rainfed,990003,SS,Cold,late season before/on maturity,Cm4,Tmin ≤ −4°C,≤−4°C,2,18962,0,18962,0.0,,2406.73177934817,LOW_EVENT_COUNT,,,,,,,
Northwest,M20,May 20,Rainfed,990003,SS,Heat,flowering/silking proxy (ADAT ±7 d),H30,Tmax ≥ 30°C,≥30°C,3,18962,18962,0,100.0,2406.73177934817,,LOW_EVENT_COUNT,,,,,,,
Northwest,M20,May 20,Rainfed,990003,SS,Heat,flowering/silking proxy (ADAT ±7 d),H35,Tmax ≥ 35°C,≥35°C,4,18962,18194,768,95.94979432549309,2263.4206331757723,5801.787760416667,ESTIMABLE,-362.6817660741718,362.6817660741718,6.251207059806769,34.3125046849746,295.4304926722597,429.9330394760839,4.1067434210621176e-26
Northwest,M20,May 20,Rainfed,990003,SS,Heat,flowering/silking proxy (ADAT ±7 d),H38,Tmax ≥ 38°C,≥38°C,5,18962,14579,4383,76.88534964666175,2054.0434186158172,3579.865160848734,ESTIMABLE,-421.87441509083243,421.87441509083243,11.784645402421026,25.33137752831802,372.2258274565419,471.523002725123,2.8198172796053074e-62
Northwest,M20,May 20,Rainfed,990004,VSS,Cold,late season before/on maturity,C0,Tmin ≤ 0°C,≤0°C,0,18962,0,18962,0.0,,2373.990876489822,LOW_EVENT_COUNT,,,,,,,
Northwest,M20,May 20,Rainfed,990004,VSS,Cold,late season before/on maturity,Cm2p2,Tmin ≤ −2.2°C,≤−2.2°C,1,18962,0,18962,0.0,,2373.990876489822,LOW_EVENT_COUNT,,,,,,,
Northwest,M20,May 20,Rainfed,990004,VSS,Cold,late season before/on maturity,Cm4,Tmin ≤ −4°C,≤−4°C,2,18962,0,18962,0.0,,2373.990876489822,LOW_EVENT_COUNT,,,,,,,
Northwest,M20,May 20,Rainfed,990004,VSS,Heat,flowering/silking proxy (ADAT ±7 d),H30,Tmax ≥ 30°C,≥30°C,3,18962,18962,0,100.0,2373.990876489822,,LOW_EVENT_COUNT,,,,,,,
Northwest,M20,May 20,Rainfed,990004,VSS,Heat,flowering/silking proxy (ADAT ±7 d),H35,Tmax ≥ 35°C,≥35°C,4,18962,17340,1622,91.4460499947263,2333.6366205305653,2805.3982737361284,ESTIMABLE,-14.29145745234812,14.29145745234812,0.5094270423612712,10.389133279854136,-6.070869606752474,34.65378451144871,0.168940565770865
Northwest,M20,May 20,Rainfed,990004,VSS,Heat,flowering/silking proxy (ADAT ±7 d),H38,Tmax ≥ 38°C,≥38°C,5,18962,12375,6587,65.26210315367577,2075.095595959596,2935.5255806892364,ESTIMABLE,-201.36470903652923,201.36470903652923,6.859579434809439,13.709617666675376,174.49435216803144,228.23506590502703,7.71303907688917e-49
Northwest,M20,May 20,Irrigated,990001,LS,Cold,late season before/on maturity,C0,Tmin ≤ 0°C,≤0°C,0,18962,3282,15680,17.308300812150616,9015.392138939671,7700.097576530612,ESTIMABLE,675.4197095722496,-675.4197095722496,-8.771573384094305,16.923144753571975,-708.5884637944087,-642.2509553500906,0.0
Northwest,M20,May 20,Irrigated,990001,LS,Cold,late season before/on maturity,Cm2p2,Tmin ≤ −2.2°C,≤−2.2°C,1,18962,2186,16776,11.528319797489717,9522.52836230558,7719.9451597520265,ESTIMABLE,522.2360746465987,-522.2360746465987,-6.76476404740903,20.47173994381423,-562.3599476373446,-482.1122016558528,1.5230938543745071e-143
Northwest,M20,May 20,Irrigated,990001,LS,Cold,late season before/on maturity,Cm4,Tmin ≤ −4°C,≤−4°C,2,18962,1703,17259,8.981120135006856,9260.001174398121,7796.295555941828,ESTIMABLE,262.0637765137476,-262.0637765137476,-3.3613884265075056,40.15917209721246,-340.7743074732299,-183.3532455542653,6.771766451098401e-11
Northwest,M20,May 20,Irrigated,990001,LS,Heat,flowering/silking proxy (ADAT ±7 d),H30,Tmax ≥ 30°C,≥30°C,3,18962,18962,0,100.0,7927.752715958232,,LOW_EVENT_COUNT,,,,,,,
Northwest,M20,May 20,Irrigated,990001,LS,Heat,flowering/silking proxy (ADAT ±7 d),H35,Tmax ≥ 35°C,≥35°C,4,18962,17154,1808,90.46514080793165,7916.460767168008,8034.888827433629,ESTIMABLE,-182.96140820695953,182.96140820695953,2.277086990703243,24.722983987106872,134.5052500018696,231.41756641204947,1.3571544283042262e-13
Northwest,M20,May 20,Irrigated,990001,LS,Heat,flowering/silking proxy (ADAT ±7 d),H38,Tmax ≥ 38°C,≥38°C,5,18962,12345,6617,65.10389199451535,7765.080842446335,8231.24134804292,ESTIMABLE,-261.42895477963043,261.42895477963043,3.1760574587184034,12.36345512666745,237.19702800688515,285.6608815523757,3.04852275798187e-99
Northwest,M20,May 20,Irrigated,990002,MS,Cold,late season before/on maturity,C0,Tmin ≤ 0°C,≤0°C,0,18962,0,18962,0.0,,8734.444626094293,LOW_EVENT_COUNT,,,,,,,
Northwest,M20,May 20,Irrigated,990002,MS,Cold,late season before/on maturity,Cm2p2,Tmin ≤ −2.2°C,≤−2.2°C,1,18962,0,18962,0.0,,8734.444626094293,LOW_EVENT_COUNT,,,,,,,
Northwest,M20,May 20,Irrigated,990002,MS,Cold,late season before/on maturity,Cm4,Tmin ≤ −4°C,≤−4°C,2,18962,0,18962,0.0,,8734.444626094293,LOW_EVENT_COUNT,,,,,,,
Northwest,M20,May 20,Irrigated,990002,MS,Heat,flowering/silking proxy (ADAT ±7 d),H30,Tmax ≥ 30°C,≥30°C,3,18962,18962,0,100.0,8734.444626094293,,LOW_EVENT_COUNT,,,,,,,
Northwest,M20,May 20,Irrigated,990002,MS,Heat,flowering/silking proxy (ADAT ±7 d),H35,Tmax ≥ 35°C,≥35°C,4,18962,18349,613,96.76721864782196,8610.296473922284,12450.585644371942,ESTIMABLE,-532.5649764137186,532.5649764137186,4.277429123620821,46.92325381644502,440.5970888960547,624.5328639313825,7.441536655776448e-30
Northwest,M20,May 20,Irrigated,990002,MS,Heat,flowering/silking proxy (ADAT ±7 d),H38,Tmax ≥ 38°C,≥38°C,5,18962,14766,4196,77.87153253876173,8298.82249762969,10267.427550047665,ESTIMABLE,-122.54206597110118,122.54206597110118,1.1935030987438748,16.80105571068919,89.61260187589937,155.471530066303,3.015290687570306e-13
Northwest,M20,May 20,Irrigated,990003,SS,Cold,late season before/on maturity,C0,Tmin ≤ 0°C,≤0°C,0,18962,0,18962,0.0,,5137.421949161481,LOW_EVENT_COUNT,,,,,,,
Northwest,M20,May 20,Irrigated,990003,SS,Cold,late season before/on maturity,Cm2p2,Tmin ≤ −2.2°C,≤−2.2°C,1,18962,0,18962,0.0,,5137.421949161481,LOW_EVENT_COUNT,,,,,,,
Northwest,M20,May 20,Irrigated,990003,SS,Cold,late season before/on maturity,Cm4,Tmin ≤ −4°C,≤−4°C,2,18962,0,18962,0.0,,5137.421949161481,LOW_EVENT_COUNT,,,,,,,
Northwest,M20,May 20,Irrigated,990003,SS,Heat,flowering/silking proxy (ADAT ±7 d),H30,Tmax ≥ 30°C,≥30°C,3,18962,18962,0,100.0,5137.421949161481,,LOW_EVENT_COUNT,,,,,,,
Northwest,M20,May 20,Irrigated,990003,SS,Heat,flowering/silking proxy (ADAT ±7 d),H35,Tmax ≥ 35°C,≥35°C,4,18962,18194,768,95.94979432549309,5083.155655710674,6422.99609375,ESTIMABLE,88.35212639894672,-88.35212639894672,-1.375559397971909,27.77859253773208,-142.7971673141147,-33.907085483778744,0.0014697889706504587
Northwest,M20,May 20,Irrigated,990003,SS,Heat,flowering/silking proxy (ADAT ±7 d),H38,Tmax ≥ 38°C,≥38°C,5,18962,14536,4426,76.6585803185318,5025.997660979637,5503.364889290556,ESTIMABLE,-28.46486663968471,28.46486663968471,0.5172265915908429,9.093797123204139,10.641351795490646,46.28838148387878,0.0017472245436812807
Northwest,M20,May 20,Irrigated,990004,VSS,Cold,late season before/on maturity,C0,Tmin ≤ 0°C,≤0°C,0,18962,0,18962,0.0,,3241.861776183947,LOW_EVENT_COUNT,,,,,,,
Northwest,M20,May 20,Irrigated,990004,VSS,Cold,late season before/on maturity,Cm2p2,Tmin ≤ −2.2°C,≤−2.2°C,1,18962,0,18962,0.0,,3241.861776183947,LOW_EVENT_COUNT,,,,,,,
Northwest,M20,May 20,Irrigated,990004,VSS,Cold,late season before/on maturity,Cm4,Tmin ≤ −4°C,≤−4°C,2,18962,0,18962,0.0,,3241.861776183947,LOW_EVENT_COUNT,,,,,,,
Northwest,M20,May 20,Irrigated,990004,VSS,Heat,flowering/silking proxy (ADAT ±7 d),H30,Tmax ≥ 30°C,≥30°C,3,18962,18962,0,100.0,3241.861776183947,,LOW_EVENT_COUNT,,,,,,,
Northwest,M20,May 20,Irrigated,990004,VSS,Heat,flowering/silking proxy (ADAT ±7 d),H35,Tmax ≥ 35°C,≥35°C,4,18962,17332,1630,91.40386035228352,3272.888126009693,2911.954601226994,ESTIMABLE,74.85399388100929,-74.85399388100929,-2.5705755800405847,8.445661447670876,-91.40718614406262,-58.300801617955955,7.788159754154753e-19
Northwest,M20,May 20,Irrigated,990004,VSS,Heat,flowering/silking proxy (ADAT ±7 d),H38,Tmax ≥ 38°C,≥38°C,5,18962,12356,6606,65.16190275287417,3225.7372936225315,3272.0213442325157,ESTIMABLE,-49.47042139231695,49.47042139231695,1.5119223314211208,6.649912780787951,36.436831841639965,62.504010942993936,1.012518798609386e-13
Northcentral,M20,May 20,Rainfed,990001,LS,Cold,late season before/on maturity,C0,Tmin ≤ 0°C,≤0°C,0,19456,2124,17332,10.916940789473685,6831.797551789077,3163.4821717055156,ESTIMABLE,1219.5817748169943,-1219.5817748169943,-38.551877602631976,60.6472916049238,-1338.4482821225433,-1100.7152675114453,6.1035002664598576e-90
Northcentral,M20,May 20,Rainfed,990001,LS,Cold,late season before/on maturity,Cm2p2,Tmin ≤ −2.2°C,≤−2.2°C,1,19456,1366,18090,7.0209703947368425,7660.038799414348,3254.648866777225,ESTIMABLE,743.0843333185611,-743.0843333185611,-22.83147472232137,56.99349201811463,-854.7895250272368,-631.3791416098854,7.432823375224567e-39
Northcentral,M20,May 20,Rainfed,990001,LS,Cold,late season before/on maturity,Cm4,Tmin ≤ −4°C,≤−4°C,2,19456,833,18623,4.281455592105263,9421.535414165666,3301.9423293776513,ESTIMABLE,1128.3904777683583,-1128.3904777683583,-34.173536821917686,56.352644187334995,-1238.8396308091353,-1017.9413247275813,3.420820427224602e-89
Northcentral,M20,May 20,Rainfed,990001,LS,Heat,flowering/silking proxy (ADAT ±7 d),H30,Tmax ≥ 30°C,≥30°C,3,19456,19435,21,99.89206414473684,3563.411319783895,4062.4761904761904,ESTIMABLE,-41.62891637637053,41.62891637637053,1.024717793398093,47.0074934420482,-50.50407777354672,133.76191052628778,0.37584365962282446
Northcentral,M20,May 20,Rainfed,990001,LS,Heat,flowering/silking proxy (ADAT ±7 d),H35,Tmax ≥ 35°C,≥35°C,4,19456,17015,2441,87.4537417763158,3204.9929473993534,6066.0614502253175,ESTIMABLE,-620.8707341521006,620.8707341521006,10.235154049239625,24.10154523891998,573.6325735120546,668.1088947921465,2.4510775544872495e-146
Northcentral,M20,May 20,Rainfed,990001,LS,Heat,flowering/silking proxy (ADAT ±7 d),H38,Tmax ≥ 38°C,≥38°C,5,19456,13291,6165,68.3131167763158,2830.990595139568,5144.122465531224,ESTIMABLE,-930.2415754824034,930.2415754824034,18.083581441063902,50.27349857721069,831.7073288942448,1028.775822070562,1.9307029078051758e-76
Northcentral,M20,May 20,Rainfed,990002,MS,Cold,late season before/on maturity,C0,Tmin ≤ 0°C,≤0°C,0,19456,0,19456,0.0,,4326.049547697368,LOW_EVENT_COUNT,,,,,,,
Northcentral,M20,May 20,Rainfed,990002,MS,Cold,late season before/on maturity,Cm2p2,Tmin ≤ −2.2°C,≤−2.2°C,1,19456,0,19456,0.0,,4326.049547697368,LOW_EVENT_COUNT,,,,,,,
Northcentral,M20,May 20,Rainfed,990002,MS,Cold,late season before/on maturity,Cm4,Tmin ≤ −4°C,≤−4°C,2,19456,0,19456,0.0,,4326.049547697368,LOW_EVENT_COUNT,,,,,,,
Northcentral,M20,May 20,Rainfed,990002,MS,Heat,flowering/silking proxy (ADAT ±7 d),H30,Tmax ≥ 30°C,≥30°C,3,19456,19456,0,100.0,4326.049547697368,,LOW_EVENT_COUNT,,,,,,,
Northcentral,M20,May 20,Rainfed,990002,MS,Heat,flowering/silking proxy (ADAT ±7 d),H35,Tmax ≥ 35°C,≥35°C,4,19456,17979,1477,92.40851151315789,3893.792869458813,9587.757616790792,ESTIMABLE,-966.5792966093175,966.5792966093175,10.081390615429953,46.59407828936565,875.2565812693211,1057.9020119493139,1.369293127559374e-95
Northcentral,M20,May 20,Rainfed,990002,MS,Heat,flowering/silking proxy (ADAT ±7 d),H38,Tmax ≥ 38°C,≥38°C,5,19456,13349,6107,68.61122532894737,3191.142407670987,6806.788930735222,ESTIMABLE,-1172.9691019713582,1172.9691019713582,17.23234132727342,49.68526891389896,1075.5877643379288,1270.3504396047877,3.190944704322178e-123
Northcentral,M20,May 20,Rainfed,990003,SS,Cold,late season before/on maturity,C0,Tmin ≤ 0°C,≤0°C,0,19456,0,19456,0.0,,3091.227847450658,LOW_EVENT_COUNT,,,,,,,
Northcentral,M20,May 20,Rainfed,990003,SS,Cold,late season before/on maturity,Cm2p2,Tmin ≤ −2.2°C,≤−2.2°C,1,19456,0,19456,0.0,,3091.227847450658,LOW_EVENT_COUNT,,,,,,,
Northcentral,M20,May 20,Rainfed,990003,SS,Cold,late season before/on maturity,Cm4,Tmin ≤ −4°C,≤−4°C,2,19456,0,19456,0.0,,3091.227847450658,LOW_EVENT_COUNT,,,,,,,
Northcentral,M20,May 20,Rainfed,990003,SS,Heat,flowering/silking proxy (ADAT ±7 d),H30,Tmax ≥ 30°C,≥30°C,3,19456,19456,0,100.0,3091.227847450658,,LOW_EVENT_COUNT,,,,,,,
Northcentral,M20,May 20,Rainfed,990003,SS,Heat,flowering/silking proxy (ADAT ±7 d),H35,Tmax ≥ 35°C,≥35°C,4,19456,16901,2555,86.8678042763158,2813.5522750133127,4928.016438356164,ESTIMABLE,-35.508747040671395,35.508747040671395,0.7205484698528325,22.97506089123946,-9.521544848772656,80.53903893011545,0.12221705383728614
Northcentral,M20,May 20,Rainfed,990003,SS,Heat,flowering/silking proxy (ADAT ±7 d),H38,Tmax ≥ 38°C,≥38°C,5,19456,11286,8170,58.0078125,2264.176324650009,4233.712974296206,ESTIMABLE,-582.9477966952184,582.9477966952184,13.769185588026904,15.330136634424829,552.9012810136676,612.9943123767691,2.12509927e-316
Northcentral,M20,May 20,Rainfed,990004,VSS,Cold,late season before/on maturity,C0,Tmin ≤ 0°C,≤0°C,0,19456,0,19456,0.0,,2629.682257401316,LOW_EVENT_COUNT,,,,,,,
Northcentral,M20,May 20,Rainfed,990004,VSS,Cold,late season before/on maturity,Cm2p2,Tmin ≤ −2.2°C,≤−2.2°C,1,19456,0,19456,0.0,,2629.682257401316,LOW_EVENT_COUNT,,,,,,,
Northcentral,M20,May 20,Rainfed,990004,VSS,Cold,late season before/on maturity,Cm4,Tmin ≤ −4°C,≤−4°C,2,19456,0,19456,0.0,,2629.682257401316,LOW_EVENT_COUNT,,,,,,,
Northcentral,M20,May 20,Rainfed,990004,VSS,Heat,flowering/silking proxy (ADAT ±7 d),H30,Tmax ≥ 30°C,≥30°C,3,19456,19339,117,99.39864309210526,2627.4919075443404,2991.7264957264956,ESTIMABLE,99.79547300667421,-99.79547300667421,-3.335715117983751,25.00258113161541,-148.79963154518111,-50.7913144681673,6.568249367740008e-05
Northcentral,M20,May 20,Rainfed,990004,VSS,Heat,flowering/silking proxy (ADAT ±7 d),H35,Tmax ≥ 35°C,≥35°C,4,19456,14519,4937,74.62479440789474,2518.0570975962532,2957.9556410775776,ESTIMABLE,-0.8234916576735816,0.8234916576735816,0.027839892060503826,10.476383021889582,-19.709841753476894,21.356825068824058,0.9373471467539185
Northcentral,M20,May 20,Rainfed,990004,VSS,Heat,flowering/silking proxy (ADAT ±7 d),H38,Tmax ≥ 38°C,≥38°C,5,19456,6544,12912,33.63486842105263,2060.552261613692,2918.126084262701,ESTIMABLE,-195.53221857755665,195.53221857755665,6.7006089843770456,10.43478329296886,175.08041913685742,215.98401801825588,2.402931048359563e-78
Northcentral,M20,May 20,Irrigated,990001,LS,Cold,late season before/on maturity,C0,Tmin ≤ 0°C,≤0°C,0,19456,2277,17179,11.703330592105264,9307.909969257795,6921.78060422609,ESTIMABLE,632.9536961789407,-632.9536961789407,-9.144376748845394,32.04336405101694,-695.7575356624394,-570.149856695442,7.553864042502244e-87
Northcentral,M20,May 20,Irrigated,990001,LS,Cold,late season before/on maturity,Cm2p2,Tmin ≤ −2.2°C,≤−2.2°C,1,19456,1513,17943,7.776521381578948,9966.409781890285,6967.853870590202,ESTIMABLE,355.73521043572765,-355.73521043572765,-5.105377022001117,26.677065160288315,-408.021297363121,-303.4491235083343,1.4510637996837196e-40
Northcentral,M20,May 20,Irrigated,990001,LS,Cold,late season before/on maturity,Cm4,Tmin ≤ −4°C,≤−4°C,2,19456,878,18578,4.512746710526316,10112.390660592255,7063.446065238454,ESTIMABLE,105.17286903213292,-105.17286903213292,-1.4889739096292287,52.911515303244094,-208.87753339393126,-1.4682046703345861,0.04684351936127501
Northcentral,M20,May 20,Irrigated,990001,LS,Heat,flowering/silking proxy (ADAT ±7 d),H30,Tmax ≥ 30°C,≥30°C,3,19456,19435,21,99.89206414473684,7202.408129662979,5932.285714285715,ESTIMABLE,234.9518095342942,-234.9518095342942,-3.9605612549729305,36.003592159542215,-305.5175534810656,-164.3860655875228,6.764494461435351e-11
Northcentral,M20,May 20,Irrigated,990001,LS,Heat,flowering/silking proxy (ADAT ±7 d),H35,Tmax ≥ 35°C,≥35°C,4,19456,17015,2441,87.4537417763158,7105.263003232442,7868.631708316264,ESTIMABLE,-165.00398885674858,165.00398885674858,2.0969845199688,17.21768048324224,131.2579552122756,198.75002250122157,9.389805139699539e-22
Northcentral,M20,May 20,Irrigated,990001,LS,Heat,flowering/silking proxy (ADAT ±7 d),H38,Tmax ≥ 38°C,≥38°C,5,19456,13291,6165,68.3131167763158,6983.076743661124,7670.933819951339,ESTIMABLE,-154.6736551327913,154.6736551327913,2.016360181996362,24.041730501669754,107.5527292235005,201.79458104208211,1.2465824914569587e-10
Northcentral,M20,May 20,Irrigated,990002,MS,Cold,late season before/on maturity,C0,Tmin ≤ 0°C,≤0°C,0,19456,0,19456,0.0,,7848.225020559211,LOW_EVENT_COUNT,,,,,,,
Northcentral,M20,May 20,Irrigated,990002,MS,Cold,late season before/on maturity,Cm2p2,Tmin ≤ −2.2°C,≤−2.2°C,1,19456,0,19456,0.0,,7848.225020559211,LOW_EVENT_COUNT,,,,,,,
Northcentral,M20,May 20,Irrigated,990002,MS,Cold,late season before/on maturity,Cm4,Tmin ≤ −4°C,≤−4°C,2,19456,0,19456,0.0,,7848.225020559211,LOW_EVENT_COUNT,,,,,,,
Northcentral,M20,May 20,Irrigated,990002,MS,Heat,flowering/silking proxy (ADAT ±7 d),H30,Tmax ≥ 30°C,≥30°C,3,19456,19456,0,100.0,7848.225020559211,,LOW_EVENT_COUNT,,,,,,,
Northcentral,M20,May 20,Irrigated,990002,MS,Heat,flowering/silking proxy (ADAT ±7 d),H35,Tmax ≥ 35°C,≥35°C,4,19456,17979,1477,92.40851151315789,7627.52288781356,10534.75423155044,ESTIMABLE,-208.99098219541204,208.99098219541204,1.983823994389037,19.391799047610448,170.98375446665744,246.99820992416664,4.406924133541868e-27
Northcentral,M20,May 20,Irrigated,990002,MS,Heat,flowering/silking proxy (ADAT ±7 d),H38,Tmax ≥ 38°C,≥38°C,5,19456,13349,6107,68.61122532894737,7305.873473668439,9033.725397085313,ESTIMABLE,-135.21428600992658,135.21428600992658,1.4967721517587065,18.04448796981402,99.84773946962483,170.58083255022834,6.711991272161883e-14
Northcentral,M20,May 20,Irrigated,990003,SS,Cold,late season before/on maturity,C0,Tmin ≤ 0°C,≤0°C,0,19456,0,19456,0.0,,4456.744500411184,LOW_EVENT_COUNT,,,,,,,
Northcentral,M20,May 20,Irrigated,990003,SS,Cold,late season before/on maturity,Cm2p2,Tmin ≤ −2.2°C,≤−2.2°C,1,19456,0,19456,0.0,,4456.744500411184,LOW_EVENT_COUNT,,,,,,,
Northcentral,M20,May 20,Irrigated,990003,SS,Cold,late season before/on maturity,Cm4,Tmin ≤ −4°C,≤−4°C,2,19456,0,19456,0.0,,4456.744500411184,LOW_EVENT_COUNT,,,,,,,
Northcentral,M20,May 20,Irrigated,990003,SS,Heat,flowering/silking proxy (ADAT ±7 d),H30,Tmax ≥ 30°C,≥30°C,3,19456,19456,0,100.0,4456.744500411184,,LOW_EVENT_COUNT,,,,,,,
Northcentral,M20,May 20,Irrigated,990003,SS,Heat,flowering/silking proxy (ADAT ±7 d),H35,Tmax ≥ 35°C,≥35°C,4,19456,16901,2555,86.8678042763158,4335.024377255783,5261.907632093934,ESTIMABLE,76.58643717426185,-76.58643717426185,-1.4554880573565843,14.641331206192008,-105.28291902412057,-47.88995532440312,1.687429940993346e-07
Northcentral,M20,May 20,Irrigated,990003,SS,Heat,flowering/silking proxy (ADAT ±7 d),H38,Tmax ≥ 38°C,≥38°C,5,19456,11286,8170,58.0078125,4070.23267765373,4990.670134638923,ESTIMABLE,-165.85748734282186,165.85748734282186,3.3233510303886615,8.717317457637616,148.77185908404985,182.94311560159386,1.0347674494569457e-80
Northcentral,M20,May 20,Irrigated,990004,VSS,Cold,late season before/on maturity,C0,Tmin ≤ 0°C,≤0°C,0,19456,0,19456,0.0,,2923.5810546875,LOW_EVENT_COUNT,,,,,,,
Northcentral,M20,May 20,Irrigated,990004,VSS,Cold,late season before/on maturity,Cm2p2,Tmin ≤ −2.2°C,≤−2.2°C,1,19456,0,19456,0.0,,2923.5810546875,LOW_EVENT_COUNT,,,,,,,
Northcentral,M20,May 20,Irrigated,990004,VSS,Cold,late season before/on maturity,Cm4,Tmin ≤ −4°C,≤−4°C,2,19456,0,19456,0.0,,2923.5810546875,LOW_EVENT_COUNT,,,,,,,
Northcentral,M20,May 20,Irrigated,990004,VSS,Heat,flowering/silking proxy (ADAT ±7 d),H30,Tmax ≥ 30°C,≥30°C,3,19456,19339,117,99.39864309210526,2923.168778116759,2991.7264957264956,ESTIMABLE,-24.99161527154301,24.99161527154301,0.8353576206662626,28.01111979414873,-29.909170691625512,79.89240123471154,0.37228394015209026
Northcentral,M20,May 20,Irrigated,990004,VSS,Heat,flowering/silking proxy (ADAT ±7 d),H35,Tmax ≥ 35°C,≥35°C,4,19456,14519,4937,74.62479440789474,2896.5879881534543,3002.963743163865,ESTIMABLE,-55.6564512436116,55.6564512436116,1.8533840566777218,7.519345551963768,40.91880477445116,70.39409771277204,1.3438314046439968e-13
Northcentral,M20,May 20,Irrigated,990004,VSS,Heat,flowering/silking proxy (ADAT ±7 d),H38,Tmax ≥ 38°C,≥38°C,5,19456,6544,12912,33.63486842105263,2717.639822738386,3027.9552354399007,ESTIMABLE,-21.415552808929867,21.415552808929867,0.7072612090917724,6.988279253629929,7.718777157906757,35.11232845995298,0.0021803719548544732
Northeast,M20,May 20,Rainfed,990001,LS,Cold,late season before/on maturity,C0,Tmin ≤ 0°C,≤0°C,0,17746,3187,14559,17.958976670799053,9220.607467838092,4653.476612404698,ESTIMABLE,1339.320248283753,-1339.320248283753,-28.781067572437095,53.45369546060188,-1444.0875662271048,-1234.5529303404012,1.5128296019431096e-138
Northeast,M20,May 20,Rainfed,990001,LS,Cold,late season before/on maturity,Cm2p2,Tmin ≤ −2.2°C,≤−2.2°C,1,17746,1732,16014,9.759945903302153,9638.410508083141,5023.249344323717,ESTIMABLE,844.8176633586803,-844.8176633586803,-16.818151070149963,56.80575732508488,-956.154901830369,-733.4804248869916,5.006204242880858e-50
Northeast,M20,May 20,Rainfed,990001,LS,Cold,late season before/on maturity,Cm4,Tmin ≤ −4°C,≤−4°C,2,17746,1574,16172,8.86960441789699,9867.646759847523,5046.02807321296,ESTIMABLE,1661.7812627488822,-1661.7812627488822,-32.932461703305094,84.27330675260899,-1826.953908842092,-1496.6086166556724,1.4826982578871774e-86
Northeast,M20,May 20,Rainfed,990001,LS,Heat,flowering/silking proxy (ADAT ±7 d),H30,Tmax ≥ 30°C,≥30°C,3,17746,17719,27,99.84785303730418,5472.986793837124,5932.925925925926,ESTIMABLE,-582.5930771680773,582.5930771680773,9.819658705365592,45.384306569557296,493.6414708284205,671.5446835077342,1.018937578988457e-37
Northeast,M20,May 20,Rainfed,990001,LS,Heat,flowering/silking proxy (ADAT ±7 d),H35,Tmax ≥ 35°C,≥35°C,4,17746,12861,4885,72.47266989744168,4551.809890366223,7900.760491299898,ESTIMABLE,-1092.7834880858804,1092.7834880858804,13.831370907765447,30.49553436019143,1033.0133390506014,1152.5536371211595,3.239801200209845e-281
Northeast,M20,May 20,Rainfed,990001,LS,Heat,flowering/silking proxy (ADAT ±7 d),H38,Tmax ≥ 38°C,≥38°C,5,17746,7846,9900,44.21278034486645,3357.5479225082845,7150.779898989899,ESTIMABLE,-1123.0282536350908,1123.0282536350908,15.70497581380916,38.40886072868696,1047.7482699196494,1198.3082373505322,6.236362649819037e-188
Northeast,M20,May 20,Rainfed,990002,MS,Cold,late season before/on maturity,C0,Tmin ≤ 0°C,≤0°C,0,17746,0,17746,0.0,,6374.6174349149105,LOW_EVENT_COUNT,,,,,,,
Northeast,M20,May 20,Rainfed,990002,MS,Cold,late season before/on maturity,Cm2p2,Tmin ≤ −2.2°C,≤−2.2°C,1,17746,0,17746,0.0,,6374.6174349149105,LOW_EVENT_COUNT,,,,,,,
Northeast,M20,May 20,Rainfed,990002,MS,Cold,late season before/on maturity,Cm4,Tmin ≤ −4°C,≤−4°C,2,17746,0,17746,0.0,,6374.6174349149105,LOW_EVENT_COUNT,,,,,,,
Northeast,M20,May 20,Rainfed,990002,MS,Heat,flowering/silking proxy (ADAT ±7 d),H30,Tmax ≥ 30°C,≥30°C,3,17746,17719,27,99.84785303730418,6371.803431344884,8221.333333333334,ESTIMABLE,-418.6741696241698,418.6741696241698,5.092533688260255,62.7746147412681,295.6381855879072,541.7101536604324,2.5670767947995062e-11
Northeast,M20,May 20,Rainfed,990002,MS,Heat,flowering/silking proxy (ADAT ±7 d),H35,Tmax ≥ 35°C,≥35°C,4,17746,12003,5743,67.6377775273301,5212.360409897526,8803.760926345116,ESTIMABLE,-848.3907878569571,848.3907878569571,9.636685899978964,26.229901844726033,796.9811249232733,899.8004507906409,1.662399401985891e-229
Northeast,M20,May 20,Rainfed,990002,MS,Heat,flowering/silking proxy (ADAT ±7 d),H38,Tmax ≥ 38°C,≥38°C,5,17746,7941,9805,44.748112250648035,4013.726105024556,8286.686588475268,ESTIMABLE,-1189.7436692784834,1189.7436692784834,14.357290535557635,35.805710168178585,1119.5657669079737,1259.921571648993,4.2775405760279044e-242
Northeast,M20,May 20,Rainfed,990003,SS,Cold,late season before/on maturity,C0,Tmin ≤ 0°C,≤0°C,0,17746,0,17746,0.0,,4228.865209061197,LOW_EVENT_COUNT,,,,,,,
Northeast,M20,May 20,Rainfed,990003,SS,Cold,late season before/on maturity,Cm2p2,Tmin ≤ −2.2°C,≤−2.2°C,1,17746,0,17746,0.0,,4228.865209061197,LOW_EVENT_COUNT,,,,,,,
Northeast,M20,May 20,Rainfed,990003,SS,Cold,late season before/on maturity,Cm4,Tmin ≤ −4°C,≤−4°C,2,17746,0,17746,0.0,,4228.865209061197,LOW_EVENT_COUNT,,,,,,,
Northeast,M20,May 20,Rainfed,990003,SS,Heat,flowering/silking proxy (ADAT ±7 d),H30,Tmax ≥ 30°C,≥30°C,3,17746,17704,42,99.76332694691762,4227.23875960235,4914.452380952381,ESTIMABLE,-307.907824818532,307.907824818532,6.265353714931346,67.82734855920391,174.96866447564759,440.8469851614164,5.636580114517076e-06
Northeast,M20,May 20,Rainfed,990003,SS,Heat,flowering/silking proxy (ADAT ±7 d),H35,Tmax ≥ 35°C,≥35°C,4,17746,9434,8312,53.161275780457565,3364.7082891668433,5209.6708373435995,ESTIMABLE,-305.8154737866738,305.8154737866738,5.870149637757315,16.984748265784663,272.5259788992567,339.1049686740909,1.770406230431906e-72
Northeast,M20,May 20,Rainfed,990003,SS,Heat,flowering/silking proxy (ADAT ±7 d),H38,Tmax ≥ 38°C,≥38°C,5,17746,5230,12516,29.471430181449342,2858.834034416826,4801.353467561521,ESTIMABLE,-709.7401877268675,709.7401877268675,14.782085770646782,26.42815758611816,657.9419506803268,761.5384247734081,7.283891627755522e-159
Northeast,M20,May 20,Rainfed,990004,VSS,Cold,late season before/on maturity,C0,Tmin ≤ 0°C,≤0°C,0,17746,0,17746,0.0,,3031.663698861715,LOW_EVENT_COUNT,,,,,,,
Northeast,M20,May 20,Rainfed,990004,VSS,Cold,late season before/on maturity,Cm2p2,Tmin ≤ −2.2°C,≤−2.2°C,1,17746,0,17746,0.0,,3031.663698861715,LOW_EVENT_COUNT,,,,,,,
Northeast,M20,May 20,Rainfed,990004,VSS,Cold,late season before/on maturity,Cm4,Tmin ≤ −4°C,≤−4°C,2,17746,0,17746,0.0,,3031.663698861715,LOW_EVENT_COUNT,,,,,,,
Northeast,M20,May 20,Rainfed,990004,VSS,Heat,flowering/silking proxy (ADAT ±7 d),H30,Tmax ≥ 30°C,≥30°C,3,17746,17118,628,96.4611743491491,3015.0171749036103,3485.4140127388537,ESTIMABLE,195.9695170006043,-195.9695170006043,-5.622560656620835,22.32990143882664,-239.73531959903363,-152.20371440217497,1.6923670654607733e-18
Northeast,M20,May 20,Rainfed,990004,VSS,Heat,flowering/silking proxy (ADAT ±7 d),H35,Tmax ≥ 35°C,≥35°C,4,17746,4947,12799,27.87670460948946,2603.006670709521,3197.3458863973747,ESTIMABLE,-209.6690017232003,209.6690017232003,6.557595242204024,8.076950826052416,193.8384689992365,225.49953444716408,1.4416421875466523e-148
Northeast,M20,May 20,Rainfed,990004,VSS,Heat,flowering/silking proxy (ADAT ±7 d),H38,Tmax ≥ 38°C,≥38°C,5,17746,1209,16537,6.812802885157218,2036.4400330851943,3104.4232932212612,ESTIMABLE,-46.02338249993434,46.02338249993434,1.4825098948468083,11.052319962336083,24.361233428142533,67.68553157172616,3.1253142959592034e-05
Northeast,M20,May 20,Irrigated,990001,LS,Cold,late season before/on maturity,C0,Tmin ≤ 0°C,≤0°C,0,17746,3187,14559,17.958976670799053,9671.869155946031,7179.003434301806,ESTIMABLE,645.4351354586927,-645.4351354586927,-8.990595162202544,21.132528272619325,-686.854129775301,-604.0161411420844,7.164967798046703e-205
Northeast,M20,May 20,Irrigated,990001,LS,Cold,late season before/on maturity,Cm2p2,Tmin ≤ −2.2°C,≤−2.2°C,1,17746,1732,16014,9.759945903302153,9966.024826789839,7373.685712501561,ESTIMABLE,497.58210652841746,-497.58210652841746,-6.7480785855139205,63.478365600359865,-621.9974169025891,-373.16679615424584,4.55563610637482e-15
Northeast,M20,May 20,Irrigated,990001,LS,Cold,late season before/on maturity,Cm4,Tmin ≤ −4°C,≤−4°C,2,17746,1592,16154,8.97103572636087,10012.09108040201,7391.612541785316,ESTIMABLE,698.0252983729779,-698.0252983729779,-9.443477920778324,61.44026825669422,-818.4460113565781,-577.6045853893777,6.536241848623088e-30
Northeast,M20,May 20,Irrigated,990001,LS,Heat,flowering/silking proxy (ADAT ±7 d),H30,Tmax ≥ 30°C,≥30°C,3,17746,17719,27,99.84785303730418,7628.743777865568,6283.222222222223,ESTIMABLE,254.25622895622894,-254.25622895622894,-4.04658979045794,28.015742894692462,-309.1660760299601,-199.34638188249778,1.131807043173341e-19
Northeast,M20,May 20,Irrigated,990001,LS,Heat,flowering/silking proxy (ADAT ±7 d),H35,Tmax ≥ 35°C,≥35°C,4,17746,12861,4885,72.47266989744168,7282.308296399969,8533.386079836233,ESTIMABLE,-421.77325854238796,421.77325854238796,4.942624822038784,16.206068242752835,390.0099484555941,453.53656862918183,2.539402777336814e-149
Northeast,M20,May 20,Irrigated,990001,LS,Heat,flowering/silking proxy (ADAT ±7 d),H38,Tmax ≥ 38°C,≥38°C,5,17746,7846,9900,44.21278034486645,6768.289956665817,8307.005555555555,ESTIMABLE,-436.5623560440972,436.5623560440972,5.255351680271037,16.48451240537991,404.25330542684884,468.8714066613456,1.51421272018229e-154
Northeast,M20,May 20,Irrigated,990002,MS,Cold,late season before/on maturity,C0,Tmin ≤ 0°C,≤0°C,0,17746,0,17746,0.0,,8197.239546940156,LOW_EVENT_COUNT,,,,,,,
Northeast,M20,May 20,Irrigated,990002,MS,Cold,late season before/on maturity,Cm2p2,Tmin ≤ −2.2°C,≤−2.2°C,1,17746,0,17746,0.0,,8197.239546940156,LOW_EVENT_COUNT,,,,,,,
Northeast,M20,May 20,Irrigated,990002,MS,Cold,late season before/on maturity,Cm4,Tmin ≤ −4°C,≤−4°C,2,17746,0,17746,0.0,,8197.239546940156,LOW_EVENT_COUNT,,,,,,,
Northeast,M20,May 20,Irrigated,990002,MS,Heat,flowering/silking proxy (ADAT ±7 d),H30,Tmax ≥ 30°C,≥30°C,3,17746,17719,27,99.84785303730418,8197.18708730741,8231.666666666666,ESTIMABLE,280.55217717717727,-280.55217717717727,-3.4082062422819672,30.06996486038681,-339.4882253199204,-221.61612903443412,1.0589067351114317e-20
Northeast,M20,May 20,Irrigated,990002,MS,Heat,flowering/silking proxy (ADAT ±7 d),H35,Tmax ≥ 35°C,≥35°C,4,17746,12003,5743,67.6377775273301,7672.944680496543,9293.02768587846,ESTIMABLE,-223.94241541735875,223.94241541735875,2.409789607725566,12.603622092632065,199.23977004104654,248.64506079367095,1.2484865533814572e-70
Northeast,M20,May 20,Irrigated,990002,MS,Heat,flowering/silking proxy (ADAT ±7 d),H38,Tmax ≥ 38°C,≥38°C,5,17746,7941,9805,44.748112250648035,7069.68328925828,9110.439367669556,ESTIMABLE,-165.55129488243531,165.55129488243531,1.817160382735561,16.19803922954161,133.80372137236682,197.2988683925038,1.6058903244668309e-24
Northeast,M20,May 20,Irrigated,990003,SS,Cold,late season before/on maturity,C0,Tmin ≤ 0°C,≤0°C,0,17746,0,17746,0.0,,4819.983996393554,LOW_EVENT_COUNT,,,,,,,
Northeast,M20,May 20,Irrigated,990003,SS,Cold,late season before/on maturity,Cm2p2,Tmin ≤ −2.2°C,≤−2.2°C,1,17746,0,17746,0.0,,4819.983996393554,LOW_EVENT_COUNT,,,,,,,
Northeast,M20,May 20,Irrigated,990003,SS,Cold,late season before/on maturity,Cm4,Tmin ≤ −4°C,≤−4°C,2,17746,0,17746,0.0,,4819.983996393554,LOW_EVENT_COUNT,,,,,,,
Northeast,M20,May 20,Irrigated,990003,SS,Heat,flowering/silking proxy (ADAT ±7 d),H30,Tmax ≥ 30°C,≥30°C,3,17746,17704,42,99.76332694691762,4819.759884771803,4914.452380952381,ESTIMABLE,-372.0009782470271,372.0009782470271,7.56953062947242,98.04940784706208,179.82767016130646,564.1742863327477,0.0001482303834249677
Northeast,M20,May 20,Irrigated,990003,SS,Heat,flowering/silking proxy (ADAT ±7 d),H35,Tmax ≥ 35°C,≥35°C,4,17746,9434,8312,53.161275780457565,4375.1388594445625,5324.8768046198265,ESTIMABLE,-137.39665585631383,137.39665585631383,2.5802785847948524,10.504610494350901,116.80799761576458,157.98531409686308,4.3040278707758446e-39
Northeast,M20,May 20,Irrigated,990003,SS,Heat,flowering/silking proxy (ADAT ±7 d),H38,Tmax ≥ 38°C,≥38°C,5,17746,5230,12516,29.471430181449342,4058.7286806883367,5138.086049856184,ESTIMABLE,-266.16122621933994,266.16122621933994,5.180162878486432,11.291130091347618,244.03101789554216,288.2914345431377,7.364735543301989e-123
Northeast,M20,May 20,Irrigated,990004,VSS,Cold,late season before/on maturity,C0,Tmin ≤ 0°C,≤0°C,0,17746,0,17746,0.0,,3125.4801081933956,LOW_EVENT_COUNT,,,,,,,
Northeast,M20,May 20,Irrigated,990004,VSS,Cold,late season before/on maturity,Cm2p2,Tmin ≤ −2.2°C,≤−2.2°C,1,17746,0,17746,0.0,,3125.4801081933956,LOW_EVENT_COUNT,,,,,,,
Northeast,M20,May 20,Irrigated,990004,VSS,Cold,late season before/on maturity,Cm4,Tmin ≤ −4°C,≤−4°C,2,17746,0,17746,0.0,,3125.4801081933956,LOW_EVENT_COUNT,,,,,,,
Northeast,M20,May 20,Irrigated,990004,VSS,Heat,flowering/silking proxy (ADAT ±7 d),H30,Tmax ≥ 30°C,≥30°C,3,17746,17118,628,96.4611743491491,3112.2754410561984,3485.4124203821657,ESTIMABLE,165.74443061888167,-165.74443061888167,-4.755374992343324,23.070265576900386,-210.9613202633806,-120.52754097438273,6.753692568601586e-13
Northeast,M20,May 20,Irrigated,990004,VSS,Heat,flowering/silking proxy (ADAT ±7 d),H35,Tmax ≥ 35°C,≥35°C,4,17746,4947,12799,27.87670460948946,2893.0432585405297,3215.3203375263693,ESTIMABLE,-110.49974643402372,110.49974643402372,3.4366636861767277,7.0118534663964995,96.75676617501425,124.24272669303319,5.957512014823763e-56
Northeast,M20,May 20,Irrigated,990004,VSS,Heat,flowering/silking proxy (ADAT ±7 d),H38,Tmax ≥ 38°C,≥38°C,5,17746,1209,16537,6.812802885157218,2405.1306865177835,3178.143980165689,ESTIMABLE,-22.016827198913916,22.016827198913916,0.6927573872145998,7.980465755865902,6.375401737561528,37.6582526602663,0.005800694917844791
Southwest,M20,May 20,Rainfed,990001,LS,Cold,late season before/on maturity,C0,Tmin ≤ 0°C,≤0°C,0,9614,48,9566,0.49927189515290205,5401.6875,2112.746498013799,ESTIMABLE,0.10090211323763273,-0.10090211323763273,-0.004775874120841814,119.96952577717877,-235.23685187885766,235.03504765238242,0.9993289276731623
Southwest,M20,May 20,Rainfed,990001,LS,Cold,late season before/on maturity,Cm2p2,Tmin ≤ −2.2°C,≤−2.2°C,1,9614,14,9600,0.14562096941959643,5205.142857142857,2124.6814583333335,LOW_EVENT_COUNT,,,,,,,
Southwest,M20,May 20,Rainfed,990001,LS,Cold,late season before/on maturity,Cm4,Tmin ≤ −4°C,≤−4°C,2,9614,13,9601,0.13521947160391096,5115.923076923077,2125.123112175815,LOW_EVENT_COUNT,,,,,,,
Southwest,M20,May 20,Rainfed,990001,LS,Heat,flowering/silking proxy (ADAT ±7 d),H30,Tmax ≥ 30°C,≥30°C,3,9578,9578,0,100.0,2137.169972854458,,LOW_EVENT_COUNT,,,,,,,
Southwest,M20,May 20,Rainfed,990001,LS,Heat,flowering/silking proxy (ADAT ±7 d),H35,Tmax ≥ 35°C,≥35°C,4,9578,9432,146,98.47567341825015,2123.3486005089057,3030.068493150685,ESTIMABLE,-135.14001190855822,135.14001190855822,4.459965582099392,46.42615927942737,44.14641178036055,226.1336120367559,0.0036043642512605827
Southwest,M20,May 20,Rainfed,990001,LS,Heat,flowering/silking proxy (ADAT ±7 d),H38,Tmax ≥ 38°C,≥38°C,5,9578,7748,1830,80.89371476299854,1963.8479607640681,2870.9945355191257,ESTIMABLE,-188.5630214091749,188.5630214091749,6.567864169587471,29.73956400624199,130.27454704101686,246.85149577733293,2.2905487624845347e-10
Southwest,M20,May 20,Rainfed,990002,MS,Cold,late season before/on maturity,C0,Tmin ≤ 0°C,≤0°C,0,9614,0,9614,0.0,,2538.2959226128564,LOW_EVENT_COUNT,,,,,,,
Southwest,M20,May 20,Rainfed,990002,MS,Cold,late season before/on maturity,Cm2p2,Tmin ≤ −2.2°C,≤−2.2°C,1,9614,0,9614,0.0,,2538.2959226128564,LOW_EVENT_COUNT,,,,,,,
Southwest,M20,May 20,Rainfed,990002,MS,Cold,late season before/on maturity,Cm4,Tmin ≤ −4°C,≤−4°C,2,9614,0,9614,0.0,,2538.2959226128564,LOW_EVENT_COUNT,,,,,,,
Southwest,M20,May 20,Rainfed,990002,MS,Heat,flowering/silking proxy (ADAT ±7 d),H30,Tmax ≥ 30°C,≥30°C,3,9578,9578,0,100.0,2547.8363959072876,,LOW_EVENT_COUNT,,,,,,,
Southwest,M20,May 20,Rainfed,990002,MS,Heat,flowering/silking proxy (ADAT ±7 d),H35,Tmax ≥ 35°C,≥35°C,4,9578,9553,25,99.73898517435791,2544.9698524023866,3643.2,ESTIMABLE,-1882.6874476966443,1882.6874476966443,51.6767525169259,237.10041800772657,1417.9791676821083,2347.3957277111804,2.014255288040402e-15
Southwest,M20,May 20,Rainfed,990002,MS,Heat,flowering/silking proxy (ADAT ±7 d),H38,Tmax ≥ 38°C,≥38°C,5,9578,8203,1375,85.6441845896847,2293.843471900524,4063.112,ESTIMABLE,-1596.9702427210143,1596.9702427210143,39.304115730036834,37.94135329560378,1522.6065567369208,1671.3339287051078,0.0
Southwest,M20,May 20,Rainfed,990003,SS,Cold,late season before/on maturity,C0,Tmin ≤ 0°C,≤0°C,0,9614,0,9614,0.0,,1949.9128354483046,LOW_EVENT_COUNT,,,,,,,
Southwest,M20,May 20,Rainfed,990003,SS,Cold,late season before/on maturity,Cm2p2,Tmin ≤ −2.2°C,≤−2.2°C,1,9614,0,9614,0.0,,1949.9128354483046,LOW_EVENT_COUNT,,,,,,,
Southwest,M20,May 20,Rainfed,990003,SS,Cold,late season before/on maturity,Cm4,Tmin ≤ −4°C,≤−4°C,2,9614,0,9614,0.0,,1949.9128354483046,LOW_EVENT_COUNT,,,,,,,
Southwest,M20,May 20,Rainfed,990003,SS,Heat,flowering/silking proxy (ADAT ±7 d),H30,Tmax ≥ 30°C,≥30°C,3,9578,9578,0,100.0,1957.241804134475,,LOW_EVENT_COUNT,,,,,,,
Southwest,M20,May 20,Rainfed,990003,SS,Heat,flowering/silking proxy (ADAT ±7 d),H35,Tmax ≥ 35°C,≥35°C,4,9578,9544,34,99.64501983712675,1947.8259639564124,4600.323529411765,ESTIMABLE,-896.1089903437661,896.1089903437661,19.479260200170092,64.04024120149288,770.592424027582,1021.6255566599502,1.7223130188981932e-44
Southwest,M20,May 20,Rainfed,990003,SS,Heat,flowering/silking proxy (ADAT ±7 d),H38,Tmax ≥ 38°C,≥38°C,5,9578,7720,1858,80.60137815827939,1612.579792746114,3389.314316469322,ESTIMABLE,-575.2064115183852,575.2064115183852,16.971173453088962,23.460527685009595,529.2246221974615,621.1882008393088,9.483469161202109e-133
Southwest,M20,May 20,Rainfed,990004,VSS,Cold,late season before/on maturity,C0,Tmin ≤ 0°C,≤0°C,0,9614,0,9614,0.0,,2072.251924277096,LOW_EVENT_COUNT,,,,,,,
Southwest,M20,May 20,Rainfed,990004,VSS,Cold,late season before/on maturity,Cm2p2,Tmin ≤ −2.2°C,≤−2.2°C,1,9614,0,9614,0.0,,2072.251924277096,LOW_EVENT_COUNT,,,,,,,
Southwest,M20,May 20,Rainfed,990004,VSS,Cold,late season before/on maturity,Cm4,Tmin ≤ −4°C,≤−4°C,2,9614,0,9614,0.0,,2072.251924277096,LOW_EVENT_COUNT,,,,,,,
Southwest,M20,May 20,Rainfed,990004,VSS,Heat,flowering/silking proxy (ADAT ±7 d),H30,Tmax ≥ 30°C,≥30°C,3,9586,9586,0,100.0,2078.304819528479,,LOW_EVENT_COUNT,,,,,,,
Southwest,M20,May 20,Rainfed,990004,VSS,Heat,flowering/silking proxy (ADAT ±7 d),H35,Tmax ≥ 35°C,≥35°C,4,9586,8808,778,91.88399749634884,2033.259650317893,2588.2763496143957,ESTIMABLE,15.615356992686026,-15.615356992686026,-0.6033110411495441,15.19401141418681,-45.39507214518267,14.164358159810616,0.3040763674620922
Southwest,M20,May 20,Rainfed,990004,VSS,Heat,flowering/silking proxy (ADAT ±7 d),H38,Tmax ≥ 38°C,≥38°C,5,9586,6269,3317,65.39745462132277,1727.6245015153931,2741.0768766958095,ESTIMABLE,-268.32699446525635,268.32699446525635,9.789108680115064,11.098432377054298,246.57446672137667,290.07952220913603,3.882543897632167e-129
Southwest,M20,May 20,Irrigated,990001,LS,Cold,late season before/on maturity,C0,Tmin ≤ 0°C,≤0°C,0,9614,189,9425,1.9658830871645516,8231.79365079365,6701.810822281167,ESTIMABLE,-151.95570108685766,151.95570108685766,2.2673827285852104,48.379371023034004,57.133876287010295,246.777525886705,0.0016841842167498375
Southwest,M20,May 20,Irrigated,990001,LS,Cold,late season before/on maturity,Cm2p2,Tmin ≤ −2.2°C,≤−2.2°C,1,9614,31,9583,0.3224464322862492,10186.709677419354,6720.712511739539,ESTIMABLE,1045.4616860628385,-1045.4616860628385,-15.555816206044483,144.59008547647642,-1328.8530461183002,-762.0703260073767,4.811436817006112e-13
Southwest,M20,May 20,Irrigated,990001,LS,Cold,late season before/on maturity,Cm4,Tmin ≤ −4°C,≤−4°C,2,9614,31,9583,0.3224464322862492,10186.709677419354,6720.712511739539,ESTIMABLE,1045.4616860628385,-1045.4616860628385,-15.555816206044483,144.59008547647642,-1328.8530461183002,-762.0703260073767,4.811436817006112e-13
Southwest,M20,May 20,Irrigated,990001,LS,Heat,flowering/silking proxy (ADAT ±7 d),H30,Tmax ≥ 30°C,≥30°C,3,9614,9614,0,100.0,6731.888495943416,,LOW_EVENT_COUNT,,,,,,,
Southwest,M20,May 20,Irrigated,990001,LS,Heat,flowering/silking proxy (ADAT ±7 d),H35,Tmax ≥ 35°C,≥35°C,4,9614,9468,146,98.48138131890992,6732.782002534855,6673.945205479452,ESTIMABLE,72.86757243650842,-72.86757243650842,-1.0918215567110527,27.165830409054532,-126.1116216483783,-19.62352322463854,0.00731125024673467
Southwest,M20,May 20,Irrigated,990001,LS,Heat,flowering/silking proxy (ADAT ±7 d),H38,Tmax ≥ 38°C,≥38°C,5,9614,8013,1601,83.34720199708758,6675.941470111069,7011.903185509057,ESTIMABLE,-7.628411766892851,7.628411766892851,0.10879231451252612,17.005918484154193,-25.702575986073356,40.95939951985906,0.6537390402460701
Southwest,M20,May 20,Irrigated,990002,MS,Cold,late season before/on maturity,C0,Tmin ≤ 0°C,≤0°C,0,9614,0,9614,0.0,,7378.87528604119,LOW_EVENT_COUNT,,,,,,,
Southwest,M20,May 20,Irrigated,990002,MS,Cold,late season before/on maturity,Cm2p2,Tmin ≤ −2.2°C,≤−2.2°C,1,9614,0,9614,0.0,,7378.87528604119,LOW_EVENT_COUNT,,,,,,,
Southwest,M20,May 20,Irrigated,990002,MS,Cold,late season before/on maturity,Cm4,Tmin ≤ −4°C,≤−4°C,2,9614,0,9614,0.0,,7378.87528604119,LOW_EVENT_COUNT,,,,,,,
Southwest,M20,May 20,Irrigated,990002,MS,Heat,flowering/silking proxy (ADAT ±7 d),H30,Tmax ≥ 30°C,≥30°C,3,9614,9614,0,100.0,7378.87528604119,,LOW_EVENT_COUNT,,,,,,,
Southwest,M20,May 20,Irrigated,990002,MS,Heat,flowering/silking proxy (ADAT ±7 d),H35,Tmax ≥ 35°C,≥35°C,4,9614,9589,25,99.73996255460786,7380.34779434769,6814.08,ESTIMABLE,-657.6307159791306,657.6307159791306,9.65105657666377,66.87106687190509,526.5658333024271,788.6955986558341,8.01159124281491e-23
Southwest,M20,May 20,Irrigated,990002,MS,Heat,flowering/silking proxy (ADAT ±7 d),H38,Tmax ≥ 38°C,≥38°C,5,9614,8238,1376,85.68753900561681,7235.210366593834,8238.985465116279,ESTIMABLE,-432.65233962184135,432.65233962184135,5.25128174401671,19.238736164883882,394.9451096306007,470.359569613082,5.366005289179688e-112
Southwest,M20,May 20,Irrigated,990003,SS,Cold,late season before/on maturity,C0,Tmin ≤ 0°C,≤0°C,0,9614,0,9614,0.0,,4288.4543374245895,LOW_EVENT_COUNT,,,,,,,
Southwest,M20,May 20,Irrigated,990003,SS,Cold,late season before/on maturity,Cm2p2,Tmin ≤ −2.2°C,≤−2.2°C,1,9614,0,9614,0.0,,4288.4543374245895,LOW_EVENT_COUNT,,,,,,,
Southwest,M20,May 20,Irrigated,990003,SS,Cold,late season before/on maturity,Cm4,Tmin ≤ −4°C,≤−4°C,2,9614,0,9614,0.0,,4288.4543374245895,LOW_EVENT_COUNT,,,,,,,
Southwest,M20,May 20,Irrigated,990003,SS,Heat,flowering/silking proxy (ADAT ±7 d),H30,Tmax ≥ 30°C,≥30°C,3,9614,9614,0,100.0,4288.4543374245895,,LOW_EVENT_COUNT,,,,,,,
Southwest,M20,May 20,Irrigated,990003,SS,Heat,flowering/silking proxy (ADAT ±7 d),H35,Tmax ≥ 35°C,≥35°C,4,9614,9580,34,99.6463490742667,4283.243945720251,5756.558823529412,ESTIMABLE,-339.5184729231091,339.5184729231091,5.897941519078345,36.39257819001423,268.1903303661233,410.84661548009484,1.0653944915390388e-20
Southwest,M20,May 20,Irrigated,990003,SS,Heat,flowering/silking proxy (ADAT ±7 d),H38,Tmax ≥ 38°C,≥38°C,5,9614,7788,1826,81.00686498855835,4163.145351823318,4822.904709748083,ESTIMABLE,-119.46982266520745,119.46982266520745,2.477134213822105,11.746920934875256,96.44628070361236,142.49336462680253,2.69052130967218e-24
Southwest,M20,May 20,Irrigated,990004,VSS,Cold,late season before/on maturity,C0,Tmin ≤ 0°C,≤0°C,0,9614,0,9614,0.0,,2991.104014978157,LOW_EVENT_COUNT,,,,,,,
Southwest,M20,May 20,Irrigated,990004,VSS,Cold,late season before/on maturity,Cm2p2,Tmin ≤ −2.2°C,≤−2.2°C,1,9614,0,9614,0.0,,2991.104014978157,LOW_EVENT_COUNT,,,,,,,
Southwest,M20,May 20,Irrigated,990004,VSS,Cold,late season before/on maturity,Cm4,Tmin ≤ −4°C,≤−4°C,2,9614,0,9614,0.0,,2991.104014978157,LOW_EVENT_COUNT,,,,,,,
Southwest,M20,May 20,Irrigated,990004,VSS,Heat,flowering/silking proxy (ADAT ±7 d),H30,Tmax ≥ 30°C,≥30°C,3,9614,9614,0,100.0,2991.104014978157,,LOW_EVENT_COUNT,,,,,,,
Southwest,M20,May 20,Irrigated,990004,VSS,Heat,flowering/silking proxy (ADAT ±7 d),H35,Tmax ≥ 35°C,≥35°C,4,9614,8836,778,91.90763469939671,3005.2275916704393,2830.6979434447303,ESTIMABLE,-55.77926760616936,55.77926760616936,1.9705128812963528,8.944878150223078,38.24762858563287,73.31090662670586,4.492194499410572e-10
Southwest,M20,May 20,Irrigated,990004,VSS,Heat,flowering/silking proxy (ADAT ±7 d),H38,Tmax ≥ 38°C,≥38°C,5,9614,6273,3341,65.24859579779488,2971.990275785111,3026.991619275666,ESTIMABLE,-94.74530953864343,94.74530953864343,3.1300155882597127,5.091748861589103,84.76566515160596,104.7249539256809,2.787453644309643e-77
Southcentral,M20,May 20,Rainfed,990001,LS,Cold,late season before/on maturity,C0,Tmin ≤ 0°C,≤0°C,0,19266,482,18784,2.5018166718571577,6477.817427385892,3118.9178023850086,ESTIMABLE,2081.947242300473,-2081.947242300473,-66.75223183850586,103.7445280077466,-2285.2827807887634,-1878.611703812183,1.4049155749505371e-89
Southcentral,M20,May 20,Rainfed,990001,LS,Cold,late season before/on maturity,Cm2p2,Tmin ≤ −2.2°C,≤−2.2°C,1,19266,29,19237,0.15052423959306552,9475.586206896553,3193.495243541093,ESTIMABLE,3547.5819167086715,-3547.5819167086715,-111.08774700334143,85.61340686164421,-3715.3811107512684,-3379.7827226660747,0.0
Southcentral,M20,May 20,Rainfed,990001,LS,Cold,late season before/on maturity,Cm4,Tmin ≤ −4°C,≤−4°C,2,19266,29,19237,0.15052423959306552,9475.586206896553,3193.495243541093,ESTIMABLE,3547.5819167086715,-3547.5819167086715,-111.08774700334143,85.61340686164421,-3715.3811107512684,-3379.7827226660747,0.0
Southcentral,M20,May 20,Rainfed,990001,LS,Heat,flowering/silking proxy (ADAT ±7 d),H30,Tmax ≥ 30°C,≥30°C,3,19266,19266,0,100.0,3202.951313194228,,LOW_EVENT_COUNT,,,,,,,
Southcentral,M20,May 20,Rainfed,990001,LS,Heat,flowering/silking proxy (ADAT ±7 d),H35,Tmax ≥ 35°C,≥35°C,4,19266,18540,726,96.23170351915292,3144.4777238403453,4696.202479338843,ESTIMABLE,-863.6243986434084,863.6243986434084,18.389845890226486,53.37537047303529,759.0105948547766,968.2382024320402,6.956323789824982e-59
Southcentral,M20,May 20,Rainfed,990001,LS,Heat,flowering/silking proxy (ADAT ±7 d),H38,Tmax ≥ 38°C,≥38°C,5,19266,12947,6319,67.20128724177307,2661.353054761721,4312.632062035133,ESTIMABLE,-1140.0840090537101,1140.0840090537101,26.435921095380998,33.11340793997389,1075.1829220859786,1204.9850960214417,9.071801055573671e-260
Southcentral,M20,May 20,Rainfed,990002,MS,Cold,late season before/on maturity,C0,Tmin ≤ 0°C,≤0°C,0,19266,0,19266,0.0,,4071.4285788435586,LOW_EVENT_COUNT,,,,,,,
Southcentral,M20,May 20,Rainfed,990002,MS,Cold,late season before/on maturity,Cm2p2,Tmin ≤ −2.2°C,≤−2.2°C,1,19266,0,19266,0.0,,4071.4285788435586,LOW_EVENT_COUNT,,,,,,,
Southcentral,M20,May 20,Rainfed,990002,MS,Cold,late season before/on maturity,Cm4,Tmin ≤ −4°C,≤−4°C,2,19266,0,19266,0.0,,4071.4285788435586,LOW_EVENT_COUNT,,,,,,,
Southcentral,M20,May 20,Rainfed,990002,MS,Heat,flowering/silking proxy (ADAT ±7 d),H30,Tmax ≥ 30°C,≥30°C,3,19266,19266,0,100.0,4071.4285788435586,,LOW_EVENT_COUNT,,,,,,,
Southcentral,M20,May 20,Rainfed,990002,MS,Heat,flowering/silking proxy (ADAT ±7 d),H35,Tmax ≥ 35°C,≥35°C,4,19266,18157,1109,94.24374545832036,3874.3782563198765,7297.6167718665465,ESTIMABLE,-544.5615727467997,544.5615727467997,7.462183748071969,52.05707081088451,442.53158881681475,646.5915566767846,1.3066842168024128e-25
Southcentral,M20,May 20,Rainfed,990002,MS,Heat,flowering/silking proxy (ADAT ±7 d),H38,Tmax ≥ 38°C,≥38°C,5,19266,12912,6354,67.0196200560573,3047.1666666666665,6152.837110481586,ESTIMABLE,-474.2771463095128,474.2771463095128,7.708267548665705,26.131804333625922,423.05975096455825,525.4945416544673,1.2975889238564373e-73
Southcentral,M20,May 20,Rainfed,990003,SS,Cold,late season before/on maturity,C0,Tmin ≤ 0°C,≤0°C,0,19266,0,19266,0.0,,2993.464133707049,LOW_EVENT_COUNT,,,,,,,
Southcentral,M20,May 20,Rainfed,990003,SS,Cold,late season before/on maturity,Cm2p2,Tmin ≤ −2.2°C,≤−2.2°C,1,19266,0,19266,0.0,,2993.464133707049,LOW_EVENT_COUNT,,,,,,,
Southcentral,M20,May 20,Rainfed,990003,SS,Cold,late season before/on maturity,Cm4,Tmin ≤ −4°C,≤−4°C,2,19266,0,19266,0.0,,2993.464133707049,LOW_EVENT_COUNT,,,,,,,
Southcentral,M20,May 20,Rainfed,990003,SS,Heat,flowering/silking proxy (ADAT ±7 d),H30,Tmax ≥ 30°C,≥30°C,3,19266,19266,0,100.0,2993.464133707049,,LOW_EVENT_COUNT,,,,,,,
Southcentral,M20,May 20,Rainfed,990003,SS,Heat,flowering/silking proxy (ADAT ±7 d),H35,Tmax ≥ 35°C,≥35°C,4,19266,16820,2446,87.304058963978,2771.7087990487516,4518.372035977105,ESTIMABLE,279.6118759433176,-279.6118759433176,-6.188332295723654,32.18670658128092,-342.6966616235866,-216.52709026304868,3.7153069337417825e-18
Southcentral,M20,May 20,Rainfed,990003,SS,Heat,flowering/silking proxy (ADAT ±7 d),H38,Tmax ≥ 38°C,≥38°C,5,19266,10638,8628,55.216443475552786,2373.032806918594,3758.4326611033844,ESTIMABLE,-395.405499434619,395.405499434619,10.520489126404557,16.108851465645557,363.83273072964846,426.97826813958955,4.789286294468878e-133
Southcentral,M20,May 20,Rainfed,990004,VSS,Cold,late season before/on maturity,C0,Tmin ≤ 0°C,≤0°C,0,19266,0,19266,0.0,,2591.447991279975,LOW_EVENT_COUNT,,,,,,,
Southcentral,M20,May 20,Rainfed,990004,VSS,Cold,late season before/on maturity,Cm2p2,Tmin ≤ −2.2°C,≤−2.2°C,1,19266,0,19266,0.0,,2591.447991279975,LOW_EVENT_COUNT,,,,,,,
Southcentral,M20,May 20,Rainfed,990004,VSS,Cold,late season before/on maturity,Cm4,Tmin ≤ −4°C,≤−4°C,2,19266,0,19266,0.0,,2591.447991279975,LOW_EVENT_COUNT,,,,,,,
Southcentral,M20,May 20,Rainfed,990004,VSS,Heat,flowering/silking proxy (ADAT ±7 d),H30,Tmax ≥ 30°C,≥30°C,3,19266,19083,183,99.05014014325755,2591.0613111146045,2631.7704918032787,ESTIMABLE,-3.0498933080114976,3.0498933080114976,0.11588751061350046,22.43067873049313,-40.913429152543664,47.01321576856666,0.8918452114515341
Southcentral,M20,May 20,Rainfed,990004,VSS,Heat,flowering/silking proxy (ADAT ±7 d),H35,Tmax ≥ 35°C,≥35°C,4,19266,13116,6150,68.07848022422921,2402.563281488259,2994.27918699187,ESTIMABLE,70.2646757915832,-70.2646757915832,-2.346630738270365,6.000759859463271,-82.02594899600484,-58.50340258716155,1.1422354932727048e-31
Southcentral,M20,May 20,Rainfed,990004,VSS,Heat,flowering/silking proxy (ADAT ±7 d),H38,Tmax ≥ 38°C,≥38°C,5,19266,6058,13208,31.44399460188934,1933.301914823374,2893.314203513022,ESTIMABLE,-250.68277164185622,250.68277164185622,8.664208378664187,7.624631823526073,235.73876787236716,265.6267754113453,4.531988410669582e-237
Southcentral,M20,May 20,Irrigated,990001,LS,Cold,late season before/on maturity,C0,Tmin ≤ 0°C,≤0°C,0,19266,588,18678,3.052008720024914,8082.438775510204,6306.890834136417,ESTIMABLE,96.28591328031465,-96.28591328031465,-1.526677975130971,72.5573577807071,-238.49572134388762,45.92389478325833,0.1844981992446931
Southcentral,M20,May 20,Irrigated,990001,LS,Cold,late season before/on maturity,Cm2p2,Tmin ≤ −2.2°C,≤−2.2°C,1,19266,29,19237,0.15052423959306552,10053.137931034482,6355.514893174612,ESTIMABLE,581.3193861723987,-581.3193861723987,-9.146692218386523,162.09090148593546,-899.0117153064621,-263.6270570383353,0.00033530168939407967
Southcentral,M20,May 20,Irrigated,990001,LS,Cold,late season before/on maturity,Cm4,Tmin ≤ −4°C,≤−4°C,2,19266,29,19237,0.15052423959306552,10053.137931034482,6355.514893174612,ESTIMABLE,581.3193861723987,-581.3193861723987,-9.146692218386523,162.09090148593546,-899.0117153064621,-263.6270570383353,0.00033530168939407967
Southcentral,M20,May 20,Irrigated,990001,LS,Heat,flowering/silking proxy (ADAT ±7 d),H30,Tmax ≥ 30°C,≥30°C,3,19266,19266,0,100.0,6361.080712135368,,LOW_EVENT_COUNT,,,,,,,
Southcentral,M20,May 20,Irrigated,990001,LS,Heat,flowering/silking proxy (ADAT ±7 d),H35,Tmax ≥ 35°C,≥35°C,4,19266,18540,726,96.23170351915292,6349.200809061489,6664.460055096419,ESTIMABLE,-4.662871312027086,4.662871312027086,0.06996622792361572,27.16154172771344,-48.57277223887309,57.898514862927264,0.8636955409767078
Southcentral,M20,May 20,Irrigated,990001,LS,Heat,flowering/silking proxy (ADAT ±7 d),H38,Tmax ≥ 38°C,≥38°C,5,19266,12947,6319,67.20128724177307,6136.311732447672,6821.609906630796,ESTIMABLE,-324.0817186855679,324.0817186855679,4.750809898562968,18.76322301261147,287.3064773469563,360.85696002417956,7.621173960909358e-67
Southcentral,M20,May 20,Irrigated,990002,MS,Cold,late season before/on maturity,C0,Tmin ≤ 0°C,≤0°C,0,19266,0,19266,0.0,,6955.459047025849,LOW_EVENT_COUNT,,,,,,,
Southcentral,M20,May 20,Irrigated,990002,MS,Cold,late season before/on maturity,Cm2p2,Tmin ≤ −2.2°C,≤−2.2°C,1,19266,0,19266,0.0,,6955.459047025849,LOW_EVENT_COUNT,,,,,,,
Southcentral,M20,May 20,Irrigated,990002,MS,Cold,late season before/on maturity,Cm4,Tmin ≤ −4°C,≤−4°C,2,19266,0,19266,0.0,,6955.459047025849,LOW_EVENT_COUNT,,,,,,,
Southcentral,M20,May 20,Irrigated,990002,MS,Heat,flowering/silking proxy (ADAT ±7 d),H30,Tmax ≥ 30°C,≥30°C,3,19266,19266,0,100.0,6955.459047025849,,LOW_EVENT_COUNT,,,,,,,
Southcentral,M20,May 20,Irrigated,990002,MS,Heat,flowering/silking proxy (ADAT ±7 d),H35,Tmax ≥ 35°C,≥35°C,4,19266,18157,1109,94.24374545832036,6903.32130858622,7809.079350766457,ESTIMABLE,-450.07148580057117,450.07148580057117,5.76343850003774,37.512742456905684,376.5478616237094,523.5951099774329,3.647365354908888e-33
Southcentral,M20,May 20,Irrigated,990002,MS,Heat,flowering/silking proxy (ADAT ±7 d),H38,Tmax ≥ 38°C,≥38°C,5,19266,12912,6354,67.0196200560573,6489.727153035936,7901.875511488826,ESTIMABLE,130.49899249898797,-130.49899249898797,-1.6514939055829303,11.853553637940896,-153.73153071816586,-107.26645427981008,3.447795212490842e-28
Southcentral,M20,May 20,Irrigated,990003,SS,Cold,late season before/on maturity,C0,Tmin ≤ 0°C,≤0°C,0,19266,0,19266,0.0,,3998.395203986297,LOW_EVENT_COUNT,,,,,,,
Southcentral,M20,May 20,Irrigated,990003,SS,Cold,late season before/on maturity,Cm2p2,Tmin ≤ −2.2°C,≤−2.2°C,1,19266,0,19266,0.0,,3998.395203986297,LOW_EVENT_COUNT,,,,,,,
Southcentral,M20,May 20,Irrigated,990003,SS,Cold,late season before/on maturity,Cm4,Tmin ≤ −4°C,≤−4°C,2,19266,0,19266,0.0,,3998.395203986297,LOW_EVENT_COUNT,,,,,,,
Southcentral,M20,May 20,Irrigated,990003,SS,Heat,flowering/silking proxy (ADAT ±7 d),H30,Tmax ≥ 30°C,≥30°C,3,19266,19266,0,100.0,3998.395203986297,,LOW_EVENT_COUNT,,,,,,,
Southcentral,M20,May 20,Irrigated,990003,SS,Heat,flowering/silking proxy (ADAT ±7 d),H35,Tmax ≥ 35°C,≥35°C,4,19266,16820,2446,87.304058963978,3913.9785374554103,4578.889206868356,ESTIMABLE,221.3428931468641,-221.3428931468641,-4.833986653681174,19.112195899947864,-258.80210877623597,-183.8836775174922,5.129968198096971e-31
Southcentral,M20,May 20,Irrigated,990003,SS,Heat,flowering/silking proxy (ADAT ±7 d),H38,Tmax ≥ 38°C,≥38°C,5,19266,10638,8628,55.216443475552786,3759.22936642226,4293.277700509968,ESTIMABLE,-97.65469761998686,97.65469761998686,2.2745954124604415,7.009295799887538,83.91673029521942,111.3926649447543,4.0389739924922916e-44
Southcentral,M20,May 20,Irrigated,990004,VSS,Cold,late season before/on maturity,C0,Tmin ≤ 0°C,≤0°C,0,19266,0,19266,0.0,,2852.8833177618603,LOW_EVENT_COUNT,,,,,,,
Southcentral,M20,May 20,Irrigated,990004,VSS,Cold,late season before/on maturity,Cm2p2,Tmin ≤ −2.2°C,≤−2.2°C,1,19266,0,19266,0.0,,2852.8833177618603,LOW_EVENT_COUNT,,,,,,,
Southcentral,M20,May 20,Irrigated,990004,VSS,Cold,late season before/on maturity,Cm4,Tmin ≤ −4°C,≤−4°C,2,19266,0,19266,0.0,,2852.8833177618603,LOW_EVENT_COUNT,,,,,,,
Southcentral,M20,May 20,Irrigated,990004,VSS,Heat,flowering/silking proxy (ADAT ±7 d),H30,Tmax ≥ 30°C,≥30°C,3,19266,19083,183,99.05014014325755,2855.0037205890058,2631.7704918032787,ESTIMABLE,-48.38599029759637,48.38599029759637,1.8385338101592015,21.802781888827155,5.653323032712976,91.11865756247977,0.026469201632271913
Southcentral,M20,May 20,Irrigated,990004,VSS,Heat,flowering/silking proxy (ADAT ±7 d),H35,Tmax ≥ 35°C,≥35°C,4,19266,13118,6148,68.08886120627011,2777.741271535295,3013.214053350683,ESTIMABLE,9.178504085581679,-9.178504085581679,-0.3046084321615059,6.826183430814053,-22.557577761841287,4.2005695906779295,0.17875359871991625
Southcentral,M20,May 20,Irrigated,990004,VSS,Heat,flowering/silking proxy (ADAT ±7 d),H38,Tmax ≥ 38°C,≥38°C,5,19266,6058,13208,31.44399460188934,2529.7410036315614,3001.096229557844,ESTIMABLE,-116.70020349336075,116.70020349336075,3.8885858555276775,7.279996396602214,102.43167274843904,130.96873423828245,7.855888534153062e-58
Southeast,M20,May 20,Rainfed,990001,LS,Cold,late season before/on maturity,C0,Tmin ≤ 0°C,≤0°C,0,20444,1266,19178,6.192525924476619,10109.579778830963,4957.094170403588,ESTIMABLE,807.2456958717111,-807.2456958717111,-16.284655246038795,34.153819162043796,-874.1859513638109,-740.3054403796112,1.6604053475893875e-123
Southeast,M20,May 20,Rainfed,990001,LS,Cold,late season before/on maturity,Cm2p2,Tmin ≤ −2.2°C,≤−2.2°C,1,20444,448,19996,2.1913519859127373,10394.25,5161.495099019804,ESTIMABLE,518.5473568684416,-518.5473568684416,-10.046456441795646,59.666899441968724,-635.4923308438733,-401.60238289300986,3.602006498787806e-18
Southeast,M20,May 20,Rainfed,990001,LS,Cold,late season before/on maturity,Cm4,Tmin ≤ −4°C,≤−4°C,2,20444,448,19996,2.1913519859127373,10394.25,5161.495099019804,ESTIMABLE,518.5473568684416,-518.5473568684416,-10.046456441795646,59.666899441968724,-635.4923308438733,-401.60238289300986,3.602006498787806e-18
Southeast,M20,May 20,Rainfed,990001,LS,Heat,flowering/silking proxy (ADAT ±7 d),H30,Tmax ≥ 30°C,≥30°C,3,20444,20394,50,99.75542946585796,5274.059184073747,6134.34,ESTIMABLE,-892.628653079311,892.628653079311,14.551339721621414,50.095329826745306,794.443610825235,990.8136953333869,5.068911165530602e-71
Southeast,M20,May 20,Rainfed,990001,LS,Heat,flowering/silking proxy (ADAT ±7 d),H35,Tmax ≥ 35°C,≥35°C,4,20444,14410,6034,70.48522793973783,4376.511103400417,7424.652800795492,ESTIMABLE,-102.11975405031379,102.11975405031379,1.3754145384329954,24.622469655988727,53.86060031414555,150.37890778648202,3.362410570173938e-05
Southeast,M20,May 20,Rainfed,990001,LS,Heat,flowering/silking proxy (ADAT ±7 d),H38,Tmax ≥ 38°C,≥38°C,5,20444,7796,12648,38.1334376834279,2707.3745510518215,6859.518342820999,ESTIMABLE,-1317.8135058459095,1317.8135058459095,19.211458297580037,30.46896694337014,1258.0954279907626,1377.5315837010564,0.0
Southeast,M20,May 20,Rainfed,990002,MS,Cold,late season before/on maturity,C0,Tmin ≤ 0°C,≤0°C,0,20444,0,20444,0.0,,6328.136861670906,LOW_EVENT_COUNT,,,,,,,
Southeast,M20,May 20,Rainfed,990002,MS,Cold,late season before/on maturity,Cm2p2,Tmin ≤ −2.2°C,≤−2.2°C,1,20444,0,20444,0.0,,6328.136861670906,LOW_EVENT_COUNT,,,,,,,
Southeast,M20,May 20,Rainfed,990002,MS,Cold,late season before/on maturity,Cm4,Tmin ≤ −4°C,≤−4°C,2,20444,0,20444,0.0,,6328.136861670906,LOW_EVENT_COUNT,,,,,,,
Southeast,M20,May 20,Rainfed,990002,MS,Heat,flowering/silking proxy (ADAT ±7 d),H30,Tmax ≥ 30°C,≥30°C,3,20444,20377,67,99.67227548424965,6321.960396525495,8206.611940298508,ESTIMABLE,-1274.958812410659,1274.958812410659,15.535751192888544,95.31484694653754,1088.1451452034978,1461.7724796178202,8.320022913667159e-41
Southeast,M20,May 20,Rainfed,990002,MS,Heat,flowering/silking proxy (ADAT ±7 d),H35,Tmax ≥ 35°C,≥35°C,4,20444,12308,8136,60.20348268440618,4888.429476763081,8506.10127826942,ESTIMABLE,-438.7267932833304,438.7267932833304,5.15778943761401,28.170094644784044,383.514422338469,493.93916422819177,1.0900195186107189e-54
Southeast,M20,May 20,Rainfed,990002,MS,Heat,flowering/silking proxy (ADAT ±7 d),H38,Tmax ≥ 38°C,≥38°C,5,20444,6672,13772,32.63549207591469,3510.5149880095923,7693.165408074354,ESTIMABLE,-849.0403530986213,849.0403530986213,11.036294009842969,21.764589723234703,806.3825411027907,891.6981650944518,0.0
Southeast,M20,May 20,Rainfed,990003,SS,Cold,late season before/on maturity,C0,Tmin ≤ 0°C,≤0°C,0,20444,0,20444,0.0,,4185.341029152808,LOW_EVENT_COUNT,,,,,,,
Southeast,M20,May 20,Rainfed,990003,SS,Cold,late season before/on maturity,Cm2p2,Tmin ≤ −2.2°C,≤−2.2°C,1,20444,0,20444,0.0,,4185.341029152808,LOW_EVENT_COUNT,,,,,,,
Southeast,M20,May 20,Rainfed,990003,SS,Cold,late season before/on maturity,Cm4,Tmin ≤ −4°C,≤−4°C,2,20444,0,20444,0.0,,4185.341029152808,LOW_EVENT_COUNT,,,,,,,
Southeast,M20,May 20,Rainfed,990003,SS,Heat,flowering/silking proxy (ADAT ±7 d),H30,Tmax ≥ 30°C,≥30°C,3,20444,20406,38,99.81412639405204,4184.374742722729,4704.236842105263,ESTIMABLE,-27.43904188584785,27.43904188584785,0.5832835974637747,67.91227499601051,-105.6665712145128,160.54465498620849,0.68618583565124
Southeast,M20,May 20,Rainfed,990003,SS,Heat,flowering/silking proxy (ADAT ±7 d),H35,Tmax ≥ 35°C,≥35°C,4,20444,9640,10804,47.15319898258658,3380.0495850622406,4903.87208441318,ESTIMABLE,-336.52360692074615,336.52360692074615,6.862405893301683,11.429762044418789,314.12168496182244,358.92552887966986,1.5590316583390508e-190
Southeast,M20,May 20,Rainfed,990003,SS,Heat,flowering/silking proxy (ADAT ±7 d),H38,Tmax ≥ 38°C,≥38°C,5,20444,3494,16950,17.090588925846212,2286.821121923297,4576.693746312684,ESTIMABLE,-625.3549824656907,625.3549824656907,13.663902745721668,20.62998033531101,584.9209640067115,665.7890009246698,7.745571742662903e-202
Southeast,M20,May 20,Rainfed,990004,VSS,Cold,late season before/on maturity,C0,Tmin ≤ 0°C,≤0°C,0,20444,0,20444,0.0,,3071.367687341029,LOW_EVENT_COUNT,,,,,,,
Southeast,M20,May 20,Rainfed,990004,VSS,Cold,late season before/on maturity,Cm2p2,Tmin ≤ −2.2°C,≤−2.2°C,1,20444,0,20444,0.0,,3071.367687341029,LOW_EVENT_COUNT,,,,,,,
Southeast,M20,May 20,Rainfed,990004,VSS,Cold,late season before/on maturity,Cm4,Tmin ≤ −4°C,≤−4°C,2,20444,0,20444,0.0,,3071.367687341029,LOW_EVENT_COUNT,,,,,,,
Southeast,M20,May 20,Rainfed,990004,VSS,Heat,flowering/silking proxy (ADAT ±7 d),H30,Tmax ≥ 30°C,≥30°C,3,20444,18837,1607,92.13950303267463,3032.555449381536,3526.31860609832,ESTIMABLE,13.626606963734266,-13.626606963734266,-0.38642585897283305,6.8508743405309165,-27.05407393378446,-0.1991399936840761,0.046697692396626356
Southeast,M20,May 20,Rainfed,990004,VSS,Heat,flowering/silking proxy (ADAT ±7 d),H35,Tmax ≥ 35°C,≥35°C,4,20444,4845,15599,23.69888475836431,2690.0456140350875,3189.8051157125456,ESTIMABLE,-289.710428056056,289.710428056056,9.082386463956118,9.571044912554528,270.9515247330338,308.4693313790782,2.892925840453402e-201
Southeast,M20,May 20,Rainfed,990004,VSS,Heat,flowering/silking proxy (ADAT ±7 d),H38,Tmax ≥ 38°C,≥38°C,5,20444,1621,18823,7.92897671688515,2402.091918568785,3129.004409499017,ESTIMABLE,-246.45768082565658,246.45768082565658,7.876552684855971,10.332392334679223,226.20656397554757,266.7087976757656,9.445005538176381e-126
Southeast,M20,May 20,Irrigated,990001,LS,Cold,late season before/on maturity,C0,Tmin ≤ 0°C,≤0°C,0,20444,1266,19178,6.192525924476619,10185.307266982623,6771.43028470122,ESTIMABLE,695.0875796097539,-695.0875796097539,-10.265003852733656,21.915288687031346,-738.0407561471334,-652.1344030723744,9.05295921195796e-221
Southeast,M20,May 20,Irrigated,990001,LS,Cold,late season before/on maturity,Cm2p2,Tmin ≤ −2.2°C,≤−2.2°C,1,20444,448,19996,2.1913519859127373,10394.30580357143,6906.403280656131,ESTIMABLE,340.70957682181614,-340.70957682181614,-4.933241847838454,36.58550264141438,-412.41584435528335,-269.00330928834893,1.2463076652218897e-20
Southeast,M20,May 20,Irrigated,990001,LS,Cold,late season before/on maturity,Cm4,Tmin ≤ −4°C,≤−4°C,2,20444,448,19996,2.1913519859127373,10394.30580357143,6906.403280656131,ESTIMABLE,340.70957682181614,-340.70957682181614,-4.933241847838454,36.58550264141438,-412.41584435528335,-269.00330928834893,1.2463076652218897e-20
Southeast,M20,May 20,Irrigated,990001,LS,Heat,flowering/silking proxy (ADAT ±7 d),H30,Tmax ≥ 30°C,≥30°C,3,20444,20394,50,99.75542946585796,6984.46543100912,6318.02,ESTIMABLE,-94.79645547186557,94.79645547186557,1.5004139820998599,27.314228254991036,41.26155182657681,148.33135911715434,0.0005193185406537514
Southeast,M20,May 20,Irrigated,990001,LS,Heat,flowering/silking proxy (ADAT ±7 d),H35,Tmax ≥ 35°C,≥35°C,4,20444,14410,6034,70.48522793973783,6607.457807078417,7879.287703016242,ESTIMABLE,-163.53213098261986,163.53213098261986,2.0754684578914246,14.827302222308699,134.47115263900412,192.5931093262356,2.7655048369559036e-28
Southeast,M20,May 20,Irrigated,990001,LS,Heat,flowering/silking proxy (ADAT ±7 d),H38,Tmax ≥ 38°C,≥38°C,5,20444,7796,12648,38.1334376834279,5684.738968701899,7782.958886780519,ESTIMABLE,-398.01235016348414,398.01235016348414,5.113895061677822,16.39112718060048,365.88633122349165,430.13836910347663,3.024158295573418e-130
Southeast,M20,May 20,Irrigated,990002,MS,Cold,late season before/on maturity,C0,Tmin ≤ 0°C,≤0°C,0,20444,0,20444,0.0,,7642.441107415379,LOW_EVENT_COUNT,,,,,,,
Southeast,M20,May 20,Irrigated,990002,MS,Cold,late season before/on maturity,Cm2p2,Tmin ≤ −2.2°C,≤−2.2°C,1,20444,0,20444,0.0,,7642.441107415379,LOW_EVENT_COUNT,,,,,,,
Southeast,M20,May 20,Irrigated,990002,MS,Cold,late season before/on maturity,Cm4,Tmin ≤ −4°C,≤−4°C,2,20444,0,20444,0.0,,7642.441107415379,LOW_EVENT_COUNT,,,,,,,
Southeast,M20,May 20,Irrigated,990002,MS,Heat,flowering/silking proxy (ADAT ±7 d),H30,Tmax ≥ 30°C,≥30°C,3,20444,20377,67,99.67227548424965,7640.576875889483,8209.41791044776,ESTIMABLE,670.264807825221,-670.264807825221,-8.1645838369637,32.26277094267414,-733.4986769143277,-607.0309387361144,7.2594595214446904e-96
Southeast,M20,May 20,Irrigated,990002,MS,Heat,flowering/silking proxy (ADAT ±7 d),H35,Tmax ≥ 35°C,≥35°C,4,20444,12308,8136,60.20348268440618,6841.753737406565,8853.707104228122,ESTIMABLE,16.329502829904047,-16.329502829904047,-0.1844368990036482,14.57651547038322,-44.89894817194608,12.239942512137986,0.2626025260697827
Southeast,M20,May 20,Irrigated,990002,MS,Heat,flowering/silking proxy (ADAT ±7 d),H38,Tmax ≥ 38°C,≥38°C,5,20444,6672,13772,32.63549207591469,5907.540767386091,8482.933052570434,ESTIMABLE,-148.159035239978,148.159035239978,1.7465543382437043,14.155499573806377,120.41476589214543,175.9033045878106,1.2306518538392169e-25
Southeast,M20,May 20,Irrigated,990003,SS,Cold,late season before/on maturity,C0,Tmin ≤ 0°C,≤0°C,0,20444,0,20444,0.0,,4532.359127372334,LOW_EVENT_COUNT,,,,,,,
Southeast,M20,May 20,Irrigated,990003,SS,Cold,late season before/on maturity,Cm2p2,Tmin ≤ −2.2°C,≤−2.2°C,1,20444,0,20444,0.0,,4532.359127372334,LOW_EVENT_COUNT,,,,,,,
Southeast,M20,May 20,Irrigated,990003,SS,Cold,late season before/on maturity,Cm4,Tmin ≤ −4°C,≤−4°C,2,20444,0,20444,0.0,,4532.359127372334,LOW_EVENT_COUNT,,,,,,,
Southeast,M20,May 20,Irrigated,990003,SS,Heat,flowering/silking proxy (ADAT ±7 d),H30,Tmax ≥ 30°C,≥30°C,3,20444,20406,38,99.81412639405204,4532.036165833579,4705.789473684211,ESTIMABLE,-126.64392247320585,126.64392247320585,2.6912364690648816,58.5780826633563,11.832990169617375,241.45485477679432,0.030620666186012342
Southeast,M20,May 20,Irrigated,990003,SS,Heat,flowering/silking proxy (ADAT ±7 d),H35,Tmax ≥ 35°C,≥35°C,4,20444,9640,10804,47.15319898258658,4030.0807053941908,4980.523139577934,ESTIMABLE,-202.92110168542123,202.92110168542123,4.074292920615111,7.57139607126217,188.08143807305933,217.76076529778314,3.1443794933219297e-158
Southeast,M20,May 20,Irrigated,990003,SS,Heat,flowering/silking proxy (ADAT ±7 d),H38,Tmax ≥ 38°C,≥38°C,5,20444,3494,16950,17.090588925846212,3293.4836863194046,4787.735575221239,ESTIMABLE,-237.15197021399123,237.15197021399123,4.953322222751045,10.260272259236562,217.04220611431217,257.26173431367033,3.3783717149858094e-118
Southeast,M20,May 20,Irrigated,990004,VSS,Cold,late season before/on maturity,C0,Tmin ≤ 0°C,≤0°C,0,20444,0,20444,0.0,,3110.7572882019176,LOW_EVENT_COUNT,,,,,,,
Southeast,M20,May 20,Irrigated,990004,VSS,Cold,late season before/on maturity,Cm2p2,Tmin ≤ −2.2°C,≤−2.2°C,1,20444,0,20444,0.0,,3110.7572882019176,LOW_EVENT_COUNT,,,,,,,
Southeast,M20,May 20,Irrigated,990004,VSS,Cold,late season before/on maturity,Cm4,Tmin ≤ −4°C,≤−4°C,2,20444,0,20444,0.0,,3110.7572882019176,LOW_EVENT_COUNT,,,,,,,
Southeast,M20,May 20,Irrigated,990004,VSS,Heat,flowering/silking proxy (ADAT ±7 d),H30,Tmax ≥ 30°C,≥30°C,3,20444,18837,1607,92.13950303267463,3075.305409566279,3526.31860609832,ESTIMABLE,-7.391429262730479,7.391429262730479,0.2096075280874491,6.862388426781696,-6.058604901686128,20.841463427147087,0.2814388030101475
Southeast,M20,May 20,Irrigated,990004,VSS,Heat,flowering/silking proxy (ADAT ±7 d),H35,Tmax ≥ 35°C,≥35°C,4,20444,4845,15599,23.69888475836431,2830.432404540764,3197.8253093146996,ESTIMABLE,-224.04075196137114,224.04075196137114,7.006034735818122,8.559011044151799,207.26539857155305,240.81610535118924,4.98548651337836e-151
Southeast,M20,May 20,Irrigated,990004,VSS,Heat,flowering/silking proxy (ADAT ±7 d),H38,Tmax ≥ 38°C,≥38°C,5,20444,1621,18823,7.92897671688515,2497.871067242443,3163.537852627105,ESTIMABLE,-185.09221671522843,185.09221671522843,5.8507982308958875,11.753293394036083,162.05618496318516,208.1282484672717,7.075915549580107e-56
