region,planting_code,planting_label,cultivar_id,maturity_class,n_years,n_sites,irrigation_mean_mm,incremental_benefit_mean_kg_ha,incremental_iwue_mean_kg_m3,gross_irrigation_productivity_mean_kg_m3,yield_gap_mean_percent,rainfed_seasonal_precip_mean_mm,mean_yield_kg_ha,scenario,best_mean_yield_kg_ha,yield_penalty_kg_ha,yield_penalty_pct,p_freeze_growing_pct,p_heat35_flowering_pct,p_heat38_flowering_pct,p_heat35_reproductive_pct,p_heat38_reproductive_pct,p_heat35_growing_pct,p_heat38_growing_pct,thermal_screening_index_pct,pareto_yield_thermal,thermal_screening_min_within_cell
Northcentral,A1,April 1,990001,LS,38,512,278.7661903782895,2977.4037828947367,1.0550161408756633,2.847181519678716,53.26593359575101,455.9104132401316,3023.9161698190787,Rainfed,3563.9499897203946,540.0338199013158,15.152676705872732,85.83984375,87.00657894736842,54.918791118421055,96.44325657894736,90.20353618421052,97.23992598684212,91.76089638157896,86.20183270676692,True,False
Northcentral,A1,April 1,990002,MS,38,512,213.29795435855263,3104.6600020559213,1.376791575548225,4.285605573732028,45.81411313745514,393.4283511513158,4089.1806126644738,Rainfed,4326.049547697368,236.86893503289457,5.475409664666765,85.83984375,74.55283717105263,31.4453125,96.93667763157896,85.80386513157895,96.93667763157896,86.72388980263158,79.74844337406014,True,False
Northcentral,A1,April 1,990003,SS,38,512,139.64201274671052,1122.4839124177631,0.7041059318377163,3.814560055798208,27.22063425723777,337.9592413651316,3166.4267064144738,Rainfed,3237.0057565789475,70.57905016447376,2.180380742945163,85.83984375,44.79337993421053,14.40686677631579,94.24342105263158,67.93277138157895,94.24342105263158,69.12006578947368,67.22568139097744,True,False
Northcentral,A1,April 1,990004,VSS,38,512,69.30252878289474,229.70764802631575,0.2170630612174968,4.1860311941964286,7.844572241312882,288.4573910361842,2129.065635279605,Rainfed,2697.9737356085525,568.9081003289475,21.08649512856081,85.83984375,23.905222039473685,3.7726151315789473,83.52693256578948,49.23930921052632,85.24876644736842,50.328947368421055,54.55166235902256,True,False
Northcentral,A10,April 10,990001,LS,38,512,276.08963815789474,3058.9523026315787,1.087104784081952,3.1434759741011264,54.06524770507314,540.1876027960526,3016.6950555098683,Rainfed,3563.9499897203946,547.2549342105262,15.35529218392485,68.36451480263158,88.08203411112274,57.858114471068326,96.3796170346343,90.35785288270378,97.01377467105264,91.02076480263158,84.15381039654929,True,False
Northcentral,A10,April 10,990002,MS,38,512,212.6156455592105,2948.7269736842104,1.2842495002393943,4.640686706076935,43.81035660748312,476.7358655427632,4225.355725740132,Rainfed,4326.049547697368,100.69382195723665,2.327616011953286,68.36451480263158,80.42272679711206,39.70388197132991,97.127759757246,85.95793659098044,96.95209703947368,86.03001644736842,79.222704772306,True,False
Northcentral,A10,April 10,990003,SS,38,512,149.65177837171052,1117.1507504111842,0.6184797290691307,3.7954032554354,27.14811441477464,423.7689144736842,3190.4812397203946,Rainfed,3237.0057565789475,46.52451685855294,1.4372701303973803,68.36451480263158,52.77806843151617,17.536883959401486,94.57988908653344,73.94579889086533,94.44901315789474,73.95148026315789,67.94366408457152,True,False
Northcentral,A10,April 10,990004,VSS,38,512,79.96761924342105,154.73108552631578,0.1088004219533207,3.631703379297854,5.041850449329573,376.0697471217105,2204.7294921875,Rainfed,2697.9737356085525,493.2442434210525,18.282025392281916,68.36451480263158,26.786648529873396,5.095741341425134,86.54389452757141,55.49335565554044,87.69017269736842,55.33511513157895,55.04420609799848,True,False
Northcentral,A20,April 20,990001,LS,38,512,277.2923519736842,3144.3780324835525,1.1173540701225009,3.2341635883015525,53.968944003792416,554.0218955592105,3127.856805098684,Rainfed,3563.9499897203946,436.0931846217104,12.236231874171825,20.5078125,91.020621247716,66.71887235708692,96.15244061602716,90.06525711302532,97.23992598684212,91.32401315789474,79.00413471122748,True,False
Northcentral,A20,April 20,990002,MS,38,512,216.1119962993421,3000.530530427632,1.2950998319532725,4.764793477906912,45.08120633897944,487.368986430921,4064.063219572368,Rainfed,4326.049547697368,261.98632812500045,6.056017741739648,20.245682565789476,79.48838423388149,47.89350039154268,97.1808927173062,86.9590185330201,97.22450657894736,87.27384868421052,73.75226195781397,True,True
Northcentral,A20,April 20,990003,SS,38,512,151.52780633223685,1085.5160361842106,0.6071837539881537,3.6602308961472096,27.357956063379657,434.9221833881579,3160.474249588816,Rainfed,3237.0057565789475,76.53150699013167,2.3642684859175085,20.245682565789476,64.49490994518402,24.34873401200731,94.56016705820934,76.05324980422866,95.21484375,76.73211348684211,64.52138580318012,True,True
Northcentral,A20,April 20,990004,VSS,38,512,89.20769942434211,175.51156455592104,0.1377121338502506,3.851401664153874,6.17171770405426,394.6299342105263,2588.1421669407896,Rainfed,2697.9737356085525,109.8315686677629,4.0708909511674465,20.245682565789476,33.260245366744975,7.209605847037327,92.03341164186897,61.98381623596972,92.28001644736842,62.32010690789474,52.76184071609623,True,True
Northcentral,M1,May 1,990001,LS,38,512,278.30360814144734,3311.6775801809213,1.1929095342044973,3.349223386249818,55.23751092875675,574.4841180098684,3183.414576480264,Rainfed,3563.9499897203946,380.53541324013077,10.677349972298158,10.773026315789474,92.42393092105264,70.47183388157895,95.31763980263158,88.98026315789474,97.23992598684212,92.12582236842104,78.19034891917295,True,False
Northcentral,M1,May 1,990002,MS,38,512,220.0529399671053,3080.9333367598683,1.3205306642468764,4.725054859128481,46.28122696135955,509.4946032072368,4067.1772717927633,Rainfed,4326.049547697368,258.872275904605,5.984034002624756,9.400699013157896,83.86615953947368,56.91817434210526,97.17824835526316,89.12417763157895,97.22450657894736,90.15727796052632,74.83846334586465,True,False
Northcentral,M1,May 1,990003,SS,38,512,158.77107319078948,967.6748560855264,0.5206503640091633,3.487940269891498,25.54189632542268,458.7718441611842,3237.0057565789475,Rainfed,3237.0057565789475,0.0,0.0,9.400699013157896,72.91837993421052,31.49157072368421,95.32277960526316,80.43791118421052,95.89329769736842,81.08038651315789,66.6492892387218,True,False
Northcentral,M1,May 1,990004,VSS,38,512,96.83002672697368,150.150390625,0.094566250097901,3.616726266267884,5.486559887963101,415.51639597039474,2594.844983552632,Rainfed,2697.9737356085525,103.12875205592036,3.8224520385354577,9.400699013157896,45.23540296052632,14.283511513157896,93.51870888157896,66.27775493421052,93.64206414473684,66.92023026315789,55.611195958646626,True,False
Northcentral,M10,May 10,990001,LS,38,512,280.9583162006579,3444.75390625,1.23708115079693,3.489728575398809,55.608616348497904,591.7793996710526,3224.6122018914475,Rainfed,3563.9499897203946,339.33778782894706,9.521395889608693,6.707442434210527,91.62726151315788,73.40666118421052,95.10176809210526,85.62911184210526,97.23992598684212,92.00760690789474,77.3885397086466,True,False
Northcentral,M10,May 10,990002,MS,38,512,222.50719572368425,3267.5307360197367,1.4039497111815216,4.859232433166655,47.89514052516292,528.1385690789474,4124.673879523027,Rainfed,4326.049547697368,201.37566817434163,4.654955195358965,2.1227384868421053,89.51994243421052,60.45949835526316,96.31990131578948,88.76439144736842,97.23992598684212,90.95394736842104,75.05433505639098,True,False
Northcentral,M10,May 10,990003,SS,38,512,166.8752569901316,1109.1437602796052,0.5578508141449651,3.4190620716893902,29.423232761153688,475.68868215460526,3091.127569901316,Rainfed,3237.0057565789475,145.87818667763167,4.506577919459867,2.1227384868421053,79.98046875,47.70764802631579,95.19942434210526,85.24362664473684,96.1400082236842,86.19449013157895,70.36977208646617,True,False
Northcentral,M10,May 10,990004,VSS,38,512,106.89633018092104,226.1989617598684,0.1566237651865221,3.4861938738596017,8.446322823588458,432.0727282072368,2697.9737356085525,Rainfed,2697.9737356085525,0.0,0.0,2.1227384868421053,61.65193256578947,19.98355263157895,94.72142269736842,73.62253289473684,94.72142269736842,74.00801809210526,60.11880286654135,True,False
Northcentral,M20,May 20,990001,LS,38,512,281.7691200657895,3637.087222450658,1.270329483982674,3.900421270825487,53.94786941951697,609.7348889802631,3563.9499897203946,Rainfed,3563.9499897203946,0.0,0.0,10.916940789473683,87.4537417763158,68.3131167763158,94.71628289473684,76.62417763157895,97.23992598684212,91.80201480263158,75.2951715225564,True,True
Northcentral,M20,May 20,990002,MS,38,512,226.806640625,3522.175472861842,1.4935920927027302,5.210794241953268,48.8583259045116,549.7430612664474,4326.049547697368,Rainfed,4326.049547697368,0.0,0.0,0.0,92.40851151315788,68.61122532894737,95.31763980263158,88.11677631578948,97.23992598684212,91.38569078947368,76.15425281954887,True,False
Northcentral,M20,May 20,990003,SS,38,512,175.5602384868421,1365.5166529605262,0.6817018816595503,3.637679141729296,34.263929066203964,500.10829564144734,3091.227847450658,Rainfed,3237.0057565789475,145.7779091282896,4.5034800704944065,0.0,86.8678042763158,58.0078125,96.44325657894736,87.70045230263158,97.22450657894736,90.01850328947368,73.7517622180451,True,False
Northcentral,M20,May 20,990004,VSS,38,512,118.53926809210526,293.8987972861842,0.1772479589866,3.328179344586905,11.47981228032969,450.9581106085527,2629.682257401316,Rainfed,2697.9737356085525,68.29147820723665,2.53121360322779,0.0,74.62479440789474,33.63486842105263,95.24568256578948,79.57956414473684,95.81620065789474,80.54584703947368,65.63527960526316,True,False
Northeast,A1,April 1,990001,LS,38,467,196.4738532627071,1899.271948608137,0.8251566660340858,5.89485701274234,33.82517403547492,560.6518088583342,4566.098162966303,Rainfed,5473.686577256846,907.5884142905434,16.580935014832068,85.77144145159473,52.92460272737518,32.13681956497239,88.51008678011947,65.93035050152147,89.42860362898682,66.58965400653669,68.75593695158668,True,False
Northeast,A1,April 1,990002,MS,38,467,149.13924264623014,1640.273470077764,0.8789248066408583,8.388772552760686,23.87002720153753,482.1377211766032,6213.56102783726,Rainfed,6465.524512566211,251.9634847289517,3.897030847833653,85.77144145159473,29.381269018370336,7.190352755550546,84.50355009579624,58.925955144821366,84.5429956046433,59.230249070213006,58.506544734427074,True,False
Northeast,A1,April 1,990003,SS,38,467,98.65462639468048,468.88498816634734,0.3056128874519047,6.304511898191719,11.450869899203928,421.0503211991434,4058.5009579623575,Rainfed,4228.865209061197,170.3642510988393,4.028604428767309,85.77144145159473,15.423193959202074,1.5327397723430631,67.0855404034712,40.843006874788685,67.0855404034712,41.045869491716445,45.541047479512486,True,False
Northeast,A1,April 1,990004,VSS,38,467,54.9715428829032,80.94376197452948,0.0806754697235594,5.572600733632798,2.726229723795912,368.0318381607123,2338.3436267327847,Rainfed,3035.6004733461064,697.2568466133216,22.969321975521492,85.77144145159473,5.201172095120027,0.1183365265411923,48.60250197227544,12.290093542206694,49.88729854615124,12.492956159134453,30.623400041860542,True,False
Northeast,A10,April 10,990001,LS,38,467,184.7669897441677,1751.5907810210751,0.7561324864351261,6.980245801092436,31.120103041969926,679.061140538713,4877.844133889327,Rainfed,5473.686577256846,595.8424433675191,10.885578393239447,67.49126563732672,58.14831511326496,34.875464893497124,88.6791389608926,65.54716555843571,89.8005184266877,66.47695255268793,67.28840302039896,True,False
Northeast,A10,April 10,990002,MS,38,467,143.6239152485067,1268.1757579172772,0.6234156138838433,8.874357387315717,19.301257591924436,597.830102558323,6465.524512566211,Rainfed,6465.524512566211,0.0,0.0,67.49126563732672,36.44765017468725,10.943311168714075,86.19970697622,60.31781809985349,86.23915248506705,60.62211202524512,58.32300236673053,True,False
Northeast,A10,April 10,990003,SS,38,467,101.73841992561704,365.4473120703257,0.2192961699150868,6.430651831618173,9.364808407379185,540.5778203538825,4200.670348247492,Rainfed,4228.865209061197,28.19486081370451,0.666724036351202,67.49126563732672,19.55933731545137,2.845711709681055,72.7149780232165,45.74552011720951,72.7149780232165,45.94838273413727,46.71716765146271,True,False
Northeast,A10,April 10,990004,VSS,38,467,59.13867913896089,26.533923137608475,0.0218284039864114,5.253769762199933,0.9444804150090864,490.6433562492956,2398.26749690071,Rainfed,3035.6004733461064,637.3329764453965,20.995285184643286,67.49126563732672,8.27792178519103,0.1183365265411923,51.87084413388933,16.978474022314888,52.78372591006424,17.181336639242645,30.67170066493858,True,False
Northeast,A20,April 20,990001,LS,38,467,185.92499718246367,1818.3025470528569,0.7740243769100751,6.9534464803875,31.87711149854367,694.1950298658852,4950.243773244675,Rainfed,5473.686577256846,523.4428040121711,9.562893246154696,21.790826101656712,66.44877718922574,45.37360531950862,88.83692099628085,64.68499943649273,89.98084075284571,66.94466358616026,63.437233340310094,False,False
Northeast,A20,April 20,990002,MS,38,467,147.9248844810098,1296.722698072805,0.6249718412881182,8.345149406662625,20.27157841730552,610.6805477290658,6259.340076636989,Rainfed,6465.524512566211,206.18443592922267,3.1889823560097623,21.452721740110448,45.48630677335738,16.910853150005636,87.6197452947143,62.6789135579849,87.65919080356137,63.01701791953116,54.97496417703788,True,True
Northeast,A20,April 20,990003,SS,38,467,103.7360531950862,358.6188436830835,0.2156660572331483,6.124244392208214,9.285613285670824,551.401667981517,4185.76952552688,Rainfed,4228.865209061197,43.09568353431678,1.0190838772060073,21.452721740110448,21.76828581088696,4.485517863180435,76.48484165445734,49.64499042037642,76.48484165445734,49.84785303730418,42.88129316868187,True,True
Northeast,A20,April 20,990004,VSS,38,467,62.590161163079,39.18116758706187,0.0308596577095844,5.76712521346192,1.4388075057025187,506.8999211089824,2746.9124873210862,Rainfed,3035.6004733461064,288.6879860250201,9.51007843620484,21.452721740110448,12.081595852586496,0.4564408880874563,57.889101769412825,27.00326834216161,58.02434351403133,27.20613095908937,29.159086152211362,True,True
Northeast,M1,May 1,990001,LS,38,467,186.81111236334948,1898.0994026822948,0.7764640154789607,6.889960736708932,32.97118095010155,715.0032119914347,5012.06981855066,Rainfed,5473.686577256846,461.6167587061864,8.433379445293832,11.140538712949397,65.58661106728277,44.894624140651416,86.61670235546039,63.42274315338668,89.98084075284571,67.01228445846951,61.236334948720845,True,False
Northeast,M1,May 1,990002,MS,38,467,153.21480897103572,1523.0113264961117,0.745610283631742,7.981938235475658,23.252977447256885,627.284627521695,6151.6206469063445,Rainfed,6465.524512566211,313.9038656598668,4.855040995510451,6.457793305533642,52.28220444043728,28.023216499492843,88.14944212780345,64.55539276456666,88.76366505127916,64.98365828919194,56.173624639757854,True,False
Northeast,M1,May 1,990003,SS,38,467,110.63760847514932,401.0173560238927,0.2383633910794116,5.760409987568688,10.35393011513562,569.2476050941057,4133.131015440099,Rainfed,4228.865209061197,95.7341936210978,2.263827028962001,6.457793305533642,28.885382621435816,7.539727262481686,82.1537247830497,52.81753634621887,82.1537247830497,52.918967654682746,44.703836679493165,True,False
Northeast,M1,May 1,990004,VSS,38,467,68.54220669446636,40.9916600924152,0.031051326388777,5.222519685455609,1.3788449688434548,523.8668995830046,2783.8269469176157,Rainfed,3035.6004733461064,251.77352642849064,8.29402711717737,6.457793305533642,18.404147413501637,1.7525076073481347,60.20511664600473,33.596303392313764,60.34035839062324,33.596303392313764,30.62179002109127,True,False
Northeast,M10,May 10,990001,LS,38,467,188.20015778203535,1948.0815958525864,0.8067311134834462,6.76816846205496,33.209087974023966,740.1429617942072,5123.9811225064805,Rainfed,5473.686577256846,349.7054547503658,6.388846891661482,11.298320748337654,71.06390172433224,48.06153499380142,86.03065479544686,56.63811563169165,89.98084075284571,67.01228445846951,61.44080758641787,True,False
Northeast,M10,May 10,990002,MS,38,467,156.78885382621434,1649.0668319621325,0.8120736423493607,8.042774584985871,24.992092373764446,648.3410345993464,6303.792572974191,Rainfed,6465.524512566211,161.73193959202035,2.501451185865628,0.0,58.00743829595402,33.63011382846839,87.9184041474135,65.3668432322777,89.18066043051955,66.26845486306773,57.195987828242984,True,False
Northeast,M10,May 10,990003,SS,38,467,119.97774146286486,485.9146286487096,0.2722230815992678,5.361547054206798,12.683736347598789,588.4349149104023,4044.57860926406,Rainfed,4228.865209061197,184.28659979713666,4.357826288770459,0.0,46.94015552800631,15.907810210751718,85.50659303505016,60.26146737292911,85.54603854389721,60.36289868139299,50.64642333886108,True,False
Northeast,M10,May 10,990004,VSS,38,467,74.6280852022991,39.6192944888989,0.030869204059399,5.33795316717919,1.5257166404614115,540.7567339118675,3035.6004733461064,Rainfed,3035.6004733461064,0.0,0.0,0.0,23.470077764003157,2.090611968894399,69.83545587738082,46.13434013298772,69.83545587738082,46.13434013298772,36.785754536233526,True,False
Northeast,M20,May 20,990001,LS,38,467,189.649780232165,2153.0100304293924,0.8785349676035142,6.839445297777473,33.471070874016306,770.7162740899357,5473.686577256846,Rainfed,5473.686577256846,0.0,0.0,17.958976670799053,72.47266989744168,44.21278034486645,82.08610391074045,53.01476389045418,89.98084075284571,67.01228445846951,60.96263141794528,True,True
Northeast,M20,May 20,990002,MS,38,467,161.3659416206469,1822.622112025245,0.8467301412160593,8.133348500086688,27.02930103855393,674.4101205905556,6374.617434914911,Rainfed,6465.524512566211,90.90707765129991,1.4060278864400788,0.0,67.6377775273301,44.74811225064804,86.00247943198467,62.79725008452609,89.8005184266877,66.47131747999549,59.63677931445316,True,False
Northeast,M20,May 20,990003,SS,38,467,130.0602952778091,591.1187873323565,0.330842295608395,5.141642722224493,15.204754276507822,613.4457342499718,4228.865209061197,Rainfed,4228.865209061197,0.0,0.0,0.0,53.161275780457565,29.471430181449342,87.36616702355461,62.24501296066719,87.91276907472107,63.46218866223374,54.80269195472622,True,False
Northeast,M20,May 20,990004,VSS,38,467,86.25042263045194,93.81640933168038,0.062815789742021,4.7647522600219325,3.431142537991654,564.3849881663473,3031.663698861716,Rainfed,3035.6004733461064,3.9367744843902983,0.1296868451219748,0.0,27.87670460948946,6.812802885157218,79.39817423644764,52.4794319846726,79.47706525414178,52.58086329313648,42.660720323292175,False,False
Northwest,A1,April 1,990001,LS,38,499,369.1250922898428,4334.81035755722,1.1751313135333887,1.95047206079668,67.81253111345275,362.7592553528109,2265.9538550785783,Rainfed,2376.3952642126355,110.44140913405727,4.6474343219434715,92.33730619133004,96.62969742651018,78.50759125659523,99.1601162915904,89.67912135242813,98.03290792110536,94.42569349224766,92.68177627597242,False,False
Northwest,A1,April 1,990002,MS,38,499,280.8168969517984,5036.191382765531,1.8191714826817535,3.0018013365663045,65.8479023788007,316.70129733150515,2728.5201982913195,Rainfed,2947.381394367683,218.86119607636329,7.425615038983332,92.33730619133004,95.76047775326842,65.90627858180449,99.98385968687792,95.22784742023995,98.03290792110536,93.566079527476,91.54496529744317,True,False
Northwest,A1,April 1,990003,SS,38,499,198.20825862250817,2327.3725345427697,1.140750411643461,2.5192916232087943,50.34668138092562,263.45601729775336,2260.877808248075,Rainfed,2406.7317793481698,145.8539711000949,6.060250350772259,92.33730619133004,69.95909139842824,36.117989019270105,99.9784691570675,90.52642910969963,98.02763421580002,88.94631367999156,82.27046182451245,True,False
Northwest,A1,April 1,990004,VSS,38,499,95.0743592448054,522.6324227402173,0.4105339590626533,2.586832230626667,19.82490159469212,219.72033540765744,1700.2963822381605,Rainfed,2373.990876489822,673.6944942516614,28.37814167372811,92.33730619133004,36.75774526678141,10.99397590361446,98.4724612736661,78.03894148020655,97.56354814892944,76.58474844425693,70.10696095839785,True,False
Northwest,A10,April 10,990001,LS,38,499,382.8762788735365,4569.74438350385,1.2069852838299302,1.9995709943154087,69.59434985133876,416.99356607952745,2208.3298702668494,Rainfed,2376.3952642126355,168.06539394578613,7.07228281745759,78.44636641704462,96.0806948109059,77.61653474054529,99.1424802110818,88.53342128408092,97.57409555954013,92.31621137010865,89.95854348475821,False,False
Northwest,A10,April 10,990002,MS,38,499,290.88176352705415,5213.907921105369,1.8706266547682848,3.064744817128835,67.80059214395749,373.890517877861,2627.6721864782194,Rainfed,2947.381394367683,319.7092078894634,10.84722895043084,78.44636641704462,96.74032541776604,73.08157431838171,99.85158311345648,94.89885664028144,97.57409555954013,91.456597405337,90.29277126740108,False,False
Northwest,A10,April 10,990003,SS,38,499,209.7088914671448,2273.6622719122456,1.0363393141363315,2.488785785350488,49.79528661575256,323.06803079843894,2363.3258622508174,Rainfed,2406.7317793481698,43.40591709735236,1.8035211679927314,78.44636641704462,76.7659013512029,41.7060309787982,99.97802922113588,90.53059430956829,97.56882185423478,87.14270646556271,81.73406437107819,True,False
Northwest,A10,April 10,990004,VSS,38,499,109.19338677354708,416.4385085961396,0.2890457753435024,2.346065976397239,16.555140414656396,280.885560594874,1898.696972893155,Rainfed,2373.990876489822,475.29390359666695,20.020881642958777,78.44636641704462,44.16369129360066,14.309255698983796,99.28041746772864,82.0159296896457,97.18384136694442,78.77860985128152,70.59687311217563,True,False
Northwest,A20,April 20,990001,LS,38,499,384.29886087965406,4797.10932391098,1.268837202813082,2.057308855405628,70.51065758832796,424.2501845796857,2176.439827022466,Rainfed,2376.3952642126355,199.9554371901695,8.414233111864924,41.0136061596878,97.068956089025,79.28583146497512,99.14693498113414,87.12199923442883,97.4686214534332,92.81721337411663,84.84616610811439,False,False
Northwest,A20,April 20,990002,MS,38,499,292.20150827971736,5264.688165805295,1.8802213260259744,3.1580292775132737,67.73113576545975,382.75234679886086,2709.8409450479908,Rainfed,2947.381394367683,237.54044931969202,8.059372627296264,41.0136061596878,94.85426805927708,70.24662328430033,99.85235413135014,94.69021709411057,97.4686214534332,92.38476953907816,84.35863710303389,True,False
Northwest,A20,April 20,990003,SS,38,499,216.16390676089023,2450.1071089547518,1.1092241131233378,2.4616987488328803,53.4248684536398,335.266269380867,2251.072566185001,Rainfed,2406.7317793481698,155.65921316316872,6.467659358589883,41.0136061596878,88.28676108711106,54.11494504292667,99.96172144146117,91.87400885875212,97.46334774812784,88.983229617129,80.24251713645653,True,False
Northwest,A20,April 20,990004,VSS,38,499,124.389568610906,596.5829553844532,0.4100973415502684,2.503775323244652,20.784754280963732,293.48887248180574,2181.318637274549,Rainfed,2373.990876489822,192.67223921527284,8.115963760575088,41.0136061596878,51.33154700060152,18.822114070104444,99.86329086236124,87.01810028982337,97.35259993671554,83.9573884611328,68.4798066829181,True,True
Northwest,M1,May 1,990001,LS,38,499,386.19475793692646,5102.621189747917,1.362000471371309,2.1629869507325097,71.82454114641878,441.4519038076152,2166.514977323068,Rainfed,2376.3952642126355,209.88028688956774,8.831876163459144,21.875329606581584,97.03149062715735,74.68004885561042,99.0281981838458,85.83187297541288,99.7785043771754,95.87068874591289,82.01373333881375,False,False
Northwest,M1,May 1,990002,MS,38,499,294.20683472207577,5275.110484126148,1.8434188944377596,3.2522480711689825,66.51742093269243,400.8720071722393,2860.122402700137,Rainfed,2947.381394367683,87.25899166754562,2.960559900197977,20.103364623984813,96.17120705220115,75.30136477085657,99.85661940417395,92.86814295576444,99.7785043771754,95.82322539816477,82.84320408318874,True,False
Northwest,M1,May 1,990003,SS,38,499,216.85476215589077,2352.394367682734,1.0689981810376337,2.4536629417541875,52.22601302303332,354.248496993988,2307.600569560173,Rainfed,2406.7317793481698,99.1312097879968,4.118913899697004,20.103364623984813,93.6593914290266,64.12298868886411,99.962827252934,93.08055865328448,99.77323067187004,92.78029743697924,80.49752267956332,True,False
Northwest,M1,May 1,990004,VSS,38,499,131.52621031536756,607.7323067187006,0.3603034963185158,2.503007516112431,20.141675189044,313.52330977744964,2298.5657103681046,Rainfed,2373.990876489822,75.42516612171721,3.1771464190814713,20.103364623984813,62.88035685837183,29.9877860973926,99.978758430248,89.93680632998779,99.77323067187004,89.53169496888513,70.31314256867716,True,False
Northwest,M10,May 10,990001,LS,38,499,388.2145870688746,5274.584537496045,1.4041556327519693,2.241580068211279,71.16330522227793,450.4451007277713,2283.8937875751503,Rainfed,2376.3952642126355,92.50147663748521,3.8925122445122136,9.13933129416728,96.03258569614896,73.55586119339823,98.29665679221328,80.07300042319086,99.93144183103048,96.07108954751608,79.0142809682379,True,False
Northwest,M10,May 10,990002,MS,38,499,300.06196603733787,5378.708416833667,1.7890507106295523,3.262857276080928,66.5929173593609,413.3418943149457,2947.381394367683,Rainfed,2947.381394367683,0.0,0.0,4.340259466301023,96.10135421074904,79.63922979263648,99.17477782479898,88.1612357173085,99.93144183103048,96.05526843160004,80.48622389634637,True,False
Northwest,M10,May 10,990003,SS,38,499,222.86546777766057,2459.028794430967,1.0669659049013482,2.519329125607078,53.05679528696141,370.2109482122139,2341.243434236895,Rainfed,2406.7317793481698,65.48834511127461,2.721048754714629,4.340259466301023,94.30808294540836,69.77888277613204,99.77782479898434,94.56728734659332,99.93144183103048,95.21147558274444,79.70217924959914,True,True
Northwest,M10,May 10,990004,VSS,38,499,143.7480223605105,708.9400379706782,0.4101380244958665,2.407592465891759,24.06367194337729,328.9461027317794,2333.199451534648,Rainfed,2373.990876489822,40.79142495517408,1.7182637624744455,4.340259466301023,80.18937790943716,48.18027930596699,99.97884045704612,90.90139652983495,99.92616812572514,90.84484758991668,73.48016705488973,True,False
Northwest,M20,May 20,990001,LS,38,499,389.5237844109272,5551.357451745596,1.4597023426399875,2.403737265407171,71.25248995784304,459.7559329184685,2376.3952642126355,Rainfed,2376.3952642126355,0.0,0.0,11.09587596245122,90.12234996308406,64.33393101993461,96.61955489927225,73.47326231410189,99.98417888408396,96.37696445522624,76.00087392830775,True,True
Northwest,M20,May 20,990002,MS,38,499,305.76284147241853,5827.87116337939,1.9402306603442772,3.5416212055174703,68.74220270918057,426.0054319164645,2906.573462714903,Rainfed,2947.381394367683,40.807931652779644,1.3845487296201917,0.0,96.76721864782196,77.87680624406708,99.0349119291214,87.56460288999051,99.98417888408396,96.37696445522624,79.65781186433017,True,True
Northwest,M20,May 20,990003,SS,38,499,228.5834827549837,2730.690169813311,1.16568694527188,2.792641273987168,55.65136489899653,393.6180782617868,2406.7317793481698,Rainfed,2406.7317793481698,0.0,0.0,0.0,95.94979432549307,76.88534964666175,99.17730197236578,90.28583482754983,99.98417888408396,96.32950110747812,79.80170868051893,True,False
Northwest,M20,May 20,990004,VSS,38,499,154.75951903807615,867.870899694125,0.4729869639454757,2.50380063482674,27.17680776042594,348.7775551102204,2373.990876489822,Rainfed,2373.990876489822,0.0,0.0,0.0,91.4460499947263,65.26210315367577,99.96308406286256,91.83103048201666,99.9789051787786,92.31621137010865,77.25676917745265,True,False
Southcentral,A1,April 1,990001,LS,38,507,290.921831205232,2613.2678293366557,0.9013944439351896,2.4223735634214605,52.57965045463849,443.42894217793,2840.678812415654,Rainfed,3202.951313194228,362.2725007785739,11.310584063086742,78.99408284023669,85.21748157375687,53.9136302294197,99.79757085020243,91.11906986400912,99.95328558081594,93.80255372158206,86.1139535228604,True,False
Southcentral,A1,April 1,990002,MS,38,507,217.38814491850923,2656.816048998235,1.114351962238824,4.153718386558921,41.470786945653366,384.1405584968338,4292.022371016298,Rainfed,4419.292691788643,127.27032077234526,2.8798798732843034,78.99408284023669,67.15457282258902,29.49236997819994,99.70414201183432,86.56700923907401,99.70414201183432,87.21582061663034,78.40459136005695,True,False
Southcentral,A1,April 1,990003,SS,38,507,136.94072459254645,1027.0960240838783,0.6363370076887829,4.169704519091299,25.75739644374063,335.69879580608324,3189.739385445863,Rainfed,3339.539811066127,149.80042562026438,4.485660722590444,78.99408284023669,48.567424478355655,16.10090314543756,90.64154469012767,69.13734039240111,90.921831205232,70.22215301567529,66.36932568106657,True,False
Southcentral,A1,April 1,990004,VSS,38,507,75.82399044949652,350.9416069760199,0.3384974947230008,4.065970129465676,11.96477569361278,288.46024083878336,2191.011107650784,Rainfed,2691.10910412125,500.09799647046566,18.583341556260194,78.99408284023669,23.663448562233988,6.882591093117409,78.88508252880723,38.95982559950171,80.88342157168069,41.32149901380671,49.94142160134063,True,True
Southcentral,A10,April 10,990001,LS,38,507,284.3338004775252,2522.808367071525,0.8769469866944872,2.4912316984941936,51.022435893364985,541.1683276237932,2904.3012041939164,Rainfed,3202.951313194228,298.65010900031166,9.32421631793319,56.29087511678605,87.30832493234998,58.01984400700377,99.77715286252456,89.49434923329973,98.0483753763106,91.89764351707672,82.97665214933592,True,False
Southcentral,A10,April 10,990002,MS,38,507,211.647461849891,2478.690802449912,1.0443184493224422,4.383250649368555,38.96120862855663,484.5264715042043,4419.292691788643,Rainfed,4419.292691788643,0.0,0.0,56.29087511678605,71.12997347480106,33.50663129973475,99.84084880636604,87.40583554376659,97.93937506488112,86.43724696356276,76.07868375284262,True,False
Southcentral,A10,April 10,990003,SS,38,507,146.69495484272812,889.8686286722724,0.4925731644772519,4.051574741217812,21.7514028099589,439.4902418768816,3339.539811066127,Rainfed,3339.539811066127,0.0,0.0,56.29087511678605,53.68504772004242,19.88335100742312,92.91622481442204,75.27041357370095,91.19173673829545,74.55102252673103,66.25552449962872,True,False
Southcentral,A10,April 10,990004,VSS,38,507,81.66069760199315,175.5286515104329,0.152721469353858,3.739283380789251,6.587662494525239,392.6832243330219,2300.38093013599,Rainfed,2691.10910412125,390.7281739852597,14.519224560122298,56.29087511678605,27.169470834881377,5.726872246696035,85.13348548378536,47.55055464147338,84.26243122599398,47.66427904079726,50.542566941487635,True,False
Southcentral,A20,April 20,990001,LS,38,507,286.2426035502959,2551.9274369355344,0.8736295972195082,2.531806086670943,51.032017761720994,561.9843766220284,2984.2512197653896,Rainfed,3202.951313194228,218.7000934288385,6.8280804808966655,12.337797155610922,91.83970856102005,66.55217278168098,99.78142076502732,88.3736664064533,99.95328558081594,93.81293470362296,78.9501408506045,True,False
Southcentral,A20,April 20,990002,MS,38,507,215.51308003737157,2423.760977888508,1.017195302093025,4.334981806937218,39.77468026228694,502.3035399148759,4305.046195370082,Rainfed,4419.292691788643,114.24649641856104,2.5851760538703186,12.337797155610922,79.0840489201145,41.81108508977361,99.87509758001562,90.70517824616184,99.8754282155092,92.20907297830377,73.69967259792706,True,True
Southcentral,A20,April 20,990003,SS,38,507,148.37667393335408,859.92131215613,0.4514911981394385,3.799495286580152,21.92250455547916,454.45889131111807,3317.856327208554,Rainfed,3339.539811066127,21.683483857573265,0.6492955641888559,12.337797155610922,57.81152485957978,25.86852506760973,95.09049303099648,79.9407114624506,95.1313194228174,80.65503996678086,63.83363013797797,True,True
Southcentral,A20,April 20,990004,VSS,38,507,87.36634485622339,97.03892868265338,0.0530700631427352,4.161849838023724,3.755843053327698,419.1371327727603,2665.204090106924,Rainfed,2691.10910412125,25.905014014325843,0.9626147811938982,12.337797155610922,40.35890767230169,12.47334200260078,88.61378413524058,58.25227568270481,89.21415965950379,60.19412436416485,51.634912953161056,True,False
Southcentral,M1,May 1,990001,LS,38,507,289.7280182705284,2821.8465171805256,0.978607231341666,2.559436922771819,54.00121492863326,576.8957230353992,2943.170559534932,Rainfed,3202.951313194228,259.7807536592959,8.110668201204177,3.353057199211045,94.81073211314477,71.97379367720465,99.65682196339434,87.2764143094842,99.95328558081594,93.8181251946434,78.6917471482712,True,False
Southcentral,M1,May 1,990002,MS,38,507,221.75724073497355,2544.638845634797,1.0686936637714597,4.01304347088945,42.96702808758056,518.7523616734143,4027.944980795184,Rainfed,4419.292691788643,391.34771099345926,8.855437697544017,3.3374857261496937,85.03535773710483,53.94654742096506,99.92200499168054,91.18136439267889,99.95328558081594,93.39769542198692,75.25339161019743,True,False
Southcentral,M1,May 1,990003,SS,38,507,160.6314232326378,889.5044119173675,0.4512212707399409,3.333574615794485,23.93937127528592,469.70087200249145,3234.732118758435,Rainfed,3339.539811066127,104.80769230769238,3.1383872700182955,3.3374857261496937,66.86252079866888,28.301788685524127,97.18698003327788,84.33860232945092,97.19194435793626,84.67248001660957,65.9845431353739,True,False
Southcentral,M1,May 1,990004,VSS,38,507,97.78236271151252,147.5611958891311,0.0688337602718169,3.867676968308345,5.666076746309449,434.60775459358456,2650.506695733417,Rainfed,2691.10910412125,40.60240838783284,1.5087611396228053,3.3374857261496937,47.09338602329451,17.985648918469217,91.17096505823628,68.70840266222962,91.3111180317658,69.08543548219662,55.52749170033453,True,False
Southcentral,M10,May 10,990001,LS,38,507,293.295183224333,3054.052268244576,1.076358075790608,2.5703269177579404,55.64219608079793,595.1104536489152,2908.261185508149,Rainfed,3202.951313194228,294.690127686079,9.200580928974267,0.4827156649018997,94.73684210526316,72.41773071732585,98.61932938856016,86.01162669988581,99.95328558081594,93.8181251946434,78.00566505019947,True,False
Southcentral,M10,May 10,990002,MS,38,507,228.35954531298665,2574.407453545105,1.082805832709314,3.872366610900309,43.98908290733491,535.1510951936053,4077.239956399876,Rainfed,4419.292691788643,342.05273538876736,7.739988257042249,0.2802865151043289,88.3213952039863,63.246133084189765,99.78199937714108,88.35772864112946,99.95328558081594,93.80255372158206,76.24905458913557,True,False
Southcentral,M10,May 10,990003,SS,38,507,167.31288279871276,915.7889546351084,0.456568911658705,3.137700698552372,27.3374068487438,486.78064984947576,3040.426139312779,Rainfed,3339.539811066127,299.11367175334817,8.956733223008293,0.2802865151043289,77.92484169002388,42.05335824769024,99.22142634693242,86.51510432886951,99.22142634693242,87.984013287657,70.45720810902996,True,False
Southcentral,M10,May 10,990004,VSS,38,507,109.6348489567113,232.3977992318073,0.1458403716691166,3.511846239111017,8.457320071345173,451.656337589536,2691.10910412125,Rainfed,2691.10910412125,0.0,0.0,0.2802865151043289,56.81511470985155,27.810650887573964,93.72988684729576,77.10474410879269,93.72988684729576,77.41098307899928,60.98307899927333,True,False
Southcentral,M20,May 20,990001,LS,38,507,296.85975293262743,3158.12939894114,1.0930359887597678,2.704622441751456,53.6221634651571,614.9219869199627,3202.951313194228,Rainfed,3202.951313194228,0.0,0.0,2.5018166718571577,96.23170351915292,67.20128724177307,97.88227966365618,81.62566178760511,99.95328558081594,93.8181251946434,77.03059423707195,True,True
Southcentral,M20,May 20,990002,MS,38,507,233.55133395619225,2884.0304681822904,1.2117284052905075,3.9041165413609664,46.65233926541895,556.0933250285477,4071.428578843559,Rainfed,4419.292691788643,347.86411294508434,7.871488430522837,0.0,94.24374545832036,67.0196200560573,99.65742759265028,87.29886847295754,99.95328558081594,93.80255372158206,77.4250715546262,True,False
Southcentral,M20,May 20,990003,SS,38,507,174.75474929928373,1004.9310702792484,0.4940051946818828,3.096363771960432,29.69191776434662,508.2306135160386,2993.4641337070484,Rainfed,3339.539811066127,346.0756773590788,10.362975048606959,0.0,87.304058963978,55.21644347555279,99.81314232326378,87.38191632928475,99.90657116163187,91.3318799958476,74.42200174993697,True,False
Southcentral,M20,May 20,990004,VSS,38,507,123.22744731651616,261.4353264818852,0.1526457282708294,3.09166265549277,10.979684329250455,469.1011107650784,2591.447991279975,Rainfed,2691.10910412125,99.66111284127464,3.7033471697097102,0.0,68.07848022422921,31.44399460188934,96.88570538772969,82.0668535243434,96.88570538772969,83.64476279456036,65.57221456006882,True,False
Southeast,A1,April 1,990001,LS,38,538,189.4944727059284,1452.4590099784778,0.6295051980266892,5.50907217120781,28.991733527288883,567.7622285267071,4639.599833692037,Rainfed,5276.163177460379,636.5633437683427,12.064891140738851,74.16846018391705,47.85756212091568,16.81177851692428,87.11602426139699,55.747407552338096,88.04050088045392,56.402856583838776,60.87779858568354,True,False
Southeast,A1,April 1,990002,MS,38,538,141.25293484640972,1344.618861279593,0.7216773535650419,8.446590838505339,19.757021601181112,496.9007043631384,6437.613676384269,Rainfed,6811.84963803561,374.2359616513413,5.493896394331788,74.16846018391705,22.0358051261984,5.429465857953434,77.47016239483467,48.0043044414009,77.4848366268832,48.09234983369204,50.38362635212567,True,False
Southeast,A1,April 1,990003,SS,38,538,90.27954412052436,308.6769712385052,0.2184566910827818,6.829160805154432,7.421858114449408,440.5260223048327,4160.40422617883,Rainfed,4331.086382312659,170.68215613382927,3.940862431903068,74.16846018391705,7.630600665231853,0.6456662101350029,56.09958912150264,26.14948151046762,56.388182351790256,26.32557229504989,35.343936048299184,True,False
Southeast,A1,April 1,990004,VSS,38,538,52.62546468401487,64.465222070045,0.0773189069327594,6.145201421770039,2.051159177313599,390.18137350811975,2524.6961944824884,Rainfed,3106.8711602426138,582.1749657601254,18.73830409223225,74.16846018391705,3.003326159264332,0.6456662101350029,30.595773821170024,6.794169438466054,31.55938172568969,7.058305615339464,21.97501187914023,True,False
Southeast,A10,April 10,990001,LS,38,538,175.72026022304834,1104.0636372529837,0.4747462040565503,6.2272093521631335,22.9575824917037,720.5756212091568,5030.47285267071,Rainfed,5276.163177460379,245.69032478966892,4.656609671195369,44.06671884171395,49.98775770040645,22.555212771166936,87.24842074335243,55.927721463199646,88.16278614752494,56.40774799452162,57.765195094555146,True,False
Southeast,A10,April 10,990002,MS,38,538,132.89473684210526,896.4408628448444,0.484609330796706,9.005463792435961,13.922206932720472,648.3257679514772,6811.84963803561,Rainfed,6811.84963803561,0.0,0.0,44.06671884171395,25.18485872386269,6.547181822633563,78.50252191371628,48.21017579942216,78.45822735276853,48.24398356486011,47.03052400271104,True,False
Southeast,A10,April 10,990003,SS,38,538,95.14649774995108,169.9299549990217,0.1118176204564582,6.532662973581019,4.261387147504647,595.2892780277832,4331.086382312659,Rainfed,4331.086382312659,0.0,0.0,44.06671884171395,9.91626267078008,0.8226825326869399,63.34655501689437,31.70265902747172,63.451379377812565,31.73058109958912,35.00526265242125,True,False
Southeast,A10,April 10,990004,VSS,38,538,55.56031109371943,5.98434748581491,0.0047524261396986,5.622825461423074,0.2124535162721417,544.7823322246136,2499.000489141068,Rainfed,3106.8711602426138,607.8706711015457,19.565364630507478,44.06671884171395,2.2525831252142403,0.5582488614661378,35.914010087654866,10.04847950639048,36.78829974564665,10.18880845235766,19.97387837434914,True,True
Southeast,A20,April 20,990001,LS,38,538,181.5434846409705,1184.1025239679122,0.4998203752509748,6.103883648670808,24.28083517897617,736.1873410291528,5063.986939933477,Rainfed,5276.163177460379,212.1762375269027,4.02141159002272,9.381725689688906,58.486597534729015,29.974564664449225,87.26276658188222,55.395225983173546,88.27528859323029,56.69634122480924,55.067501467423206,True,True
Southeast,A20,April 20,990002,MS,38,538,140.044756407748,971.3227841909608,0.5015356025971464,8.373588209643026,15.703618726567086,660.8604480532185,6529.180639796517,Rainfed,6811.84963803561,282.6689982390926,4.149665850824744,9.381725689688906,33.418117785169244,10.23772255918607,81.50557620817844,49.86304050088045,81.549598904324,50.93915085110546,45.27070464264751,True,True
Southeast,A20,April 20,990003,SS,38,538,98.67075914693798,180.8536000782626,0.1200657106676232,6.086173433972167,4.421268211425956,607.3414693797691,4327.898601056545,Rainfed,4331.086382312659,3.187781256114249,0.07360234764960004,9.381725689688906,15.799256505576208,3.2919193895519467,66.81177851692428,38.87204069653688,66.98786930150655,38.93562903541381,34.29717416217123,True,True
Southeast,A20,April 20,990004,VSS,38,538,61.42878106045784,6.326110350225005,0.0038458544129841,5.908086231843549,0.2388389322673872,563.9160144785756,2835.2331735472508,Rainfed,3106.8711602426138,271.637986695363,8.743136508890537,9.381725689688906,5.25337507337116,1.0858931715906868,46.53198982586578,15.65251418509098,47.26081001760908,15.80414791625905,20.1386365542108,True,False
Southeast,M1,May 1,990001,LS,38,538,185.87727450596756,1384.1779495206415,0.5750856098854871,5.8848011474747945,27.41673939140106,758.6842594404227,4985.283995304246,Rainfed,5276.163177460379,290.87918215613354,5.51308161579917,3.081588730189787,64.41987869301506,35.56055566425357,86.89591078066914,54.92565055762082,88.27528859323029,56.755038153003326,55.701987310283144,True,False
Southeast,M1,May 1,990002,MS,38,538,148.0996869497163,1071.6261494815103,0.5414249758065474,7.468221032355219,17.847341668179162,680.7191841126981,6342.654617491685,Rainfed,6811.84963803561,469.19502054392524,6.887923918990539,2.861475249461945,42.8291919389552,15.315006847974956,84.64097045587947,52.88593230287615,84.86108393660732,53.2381138720407,48.090253514827964,True,False
Southeast,M1,May 1,990003,SS,38,538,110.0029348464097,236.26985912737237,0.1447667856345267,5.578142762646167,6.228308529403802,624.7661416552534,4325.232831148504,Rainfed,4331.086382312659,5.853551164154851,0.1351520299401012,2.861475249461945,24.036392095480338,6.627861475249462,73.80160438270397,42.33026804930542,73.80160438270397,42.41831344159656,37.98250272521452,True,False
Southeast,M1,May 1,990004,VSS,38,538,69.5387399726081,14.167188417139505,0.0116617459075197,5.331676935368161,0.4739988238254808,580.6882703971826,2877.334132263745,Rainfed,3106.8711602426138,229.537027978869,7.388044632045334,2.861475249461945,10.39424770103698,0.99784777929955,53.71258070827626,23.131481119154763,54.059870866757976,23.17550381530033,24.047572462755397,True,False
Southeast,M10,May 10,990001,LS,38,538,189.4577871258071,1520.4470749364116,0.6376975115072899,5.569805004887444,29.74659444265066,779.8139796517315,4923.943357464293,Rainfed,5276.163177460379,352.2198199960867,6.6756809474877485,2.7881040892193307,67.60418704754451,40.17804734885541,86.73449422813539,52.07884954020739,88.27528859323029,56.755038153003326,56.34485842859938,True,False
Southeast,M10,May 10,990002,MS,38,538,153.6807865388378,1129.5811974173353,0.5656515833919208,7.23495883603893,19.3479419797051,696.7510271962434,6356.62986695363,Rainfed,6811.84963803561,455.21977108198007,6.68276305660287,0.0,50.38153003326159,22.172764625317942,86.51927215809039,54.646840148698885,87.53179416943847,54.91097632557229,50.88045392291137,True,False
Southeast,M10,May 10,990003,SS,38,538,117.90623165720994,293.70015652514184,0.1693934942543923,5.123319225636752,8.460305840868024,639.9268734102915,4150.641068284093,Rainfed,4331.086382312659,180.44531402856592,4.166282962294878,0.0,35.29152807669732,10.384464879671295,78.95715124241832,47.66190569360204,79.00117393856388,47.90647622774408,42.74324286552814,True,False
Southeast,M10,May 10,990004,VSS,38,538,77.60712189395421,18.492467227548424,0.0145766071777957,5.182325590463146,0.7100070784237232,599.2328800626101,3106.8711602426138,Rainfed,3106.8711602426138,0.0,0.0,0.0,18.04930541968304,1.8783017022109176,62.51222852670711,36.10839366073176,62.51222852670711,36.10839366073176,31.024121642395958,True,False
Southeast,M20,May 20,990001,LS,38,538,193.87473097241244,1706.6723243983563,0.7335844931750928,5.713369739724183,30.521117537603917,813.4599882606143,5276.163177460379,Rainfed,5276.163177460379,0.0,0.0,6.192525924476619,70.48522793973783,38.1334376834279,85.36000782625709,48.27333202895715,88.27528859323029,56.755038153003326,56.2106940212986,True,False
Southeast,M20,May 20,990002,MS,38,538,160.73542359616513,1314.3042457444726,0.6385058630470667,7.067754146269309,21.92754301576263,719.2010858931716,6328.136861670905,Rainfed,6811.84963803561,483.71277636470495,7.101048937777159,0.0,60.20348268440618,32.63549207591469,86.79319115632948,54.294658579534335,87.90354138133438,56.402856583838776,54.0333174944797,False,False
Southeast,M20,May 20,990003,SS,38,538,127.22436900802192,347.0180982195265,0.193055329288855,4.812344124405889,9.93273911205583,662.9872334181179,4185.341029152808,Rainfed,4331.086382312659,145.74535315985122,3.3650991990150043,0.0,47.15319898258658,17.090588925846212,82.50342398747799,49.64781843083545,83.07571903737038,51.120133046370576,47.22726891578389,True,False
Southeast,M20,May 20,990004,VSS,38,538,87.58559968694972,39.38960086088828,0.0258769439863599,4.555044258260273,1.6519598343492508,621.3649970651536,3071.367687341029,Rainfed,3106.8711602426138,35.5034729015847,1.1427404314639251,0.0,23.69888475836431,7.92897671688515,71.02817452553316,44.345529250635884,71.02817452553316,44.43357464292702,37.49475920283981,False,False
Southwest,A1,April 1,990001,LS,38,253,402.8006032868733,3867.302059496568,0.997607998214974,1.546347608470497,70.21292979537365,338.0,1824.7167672144788,Rainfed,2129.167256084876,304.4504888703973,14.299040528653558,86.56126482213439,98.33368266610772,78.93523370362607,100.0,99.17208132466988,99.98959850218432,99.93759101310587,94.70420743311833,True,False
Southwest,A1,April 1,990002,MS,38,253,313.6311628874558,4647.614936550864,1.5035663182630383,2.4960773088909045,66.07327170244302,287.8424173080924,2510.3677969627624,Rainfed,2538.2959226128564,27.92812565009399,1.1002706737733516,86.56126482213439,92.24146981627295,61.02887139107612,100.0,98.96062992125984,99.98959850218432,98.98065321406284,91.10892680957006,True,False
Southwest,A1,April 1,990003,SS,38,253,213.38412731433328,2487.470043686291,1.1615941694559282,2.258641396492697,57.7029938186811,238.58654046182653,1848.7411067193675,Rainfed,1949.9128354483043,101.17172872893684,5.1885257068773765,86.56126482213439,78.34168755221387,38.3249791144528,99.91645781119465,93.02422723475355,99.90638651965882,93.4054503848554,84.21149334846622,True,False
Southwest,A1,April 1,990004,VSS,38,253,114.92354899105472,906.726752652382,0.6657636322510673,2.4398440418029144,33.115999605859045,200.15851882671103,1634.2235281880592,Rainfed,2072.251924277096,438.02839608903673,21.137796566015627,86.56126482213439,46.66597316134401,13.44013315302195,98.50202850306876,79.40289191719546,98.75182026211776,81.4021219055544,72.10374767491953,True,False
Southwest,A10,April 10,990001,LS,38,253,407.66590389016017,4079.607447472436,1.04381318824447,1.530995649418213,73.2365517416279,377.4123153734138,1636.116080715623,Rainfed,2129.167256084876,493.0511753692531,23.15699595511713,67.25608487622218,98.88110307414104,82.28978300180832,100.0,97.68309222423146,94.40399417516122,92.82296650717704,90.4767176941059,False,False
Southwest,A10,April 10,990002,MS,38,253,317.98158934886624,4802.688995215312,1.534335410073376,2.4420025676872883,69.29228812820818,332.8274391512378,2268.2259205325568,Rainfed,2538.2959226128564,270.0700020802997,10.639815463371843,67.25608487622218,93.95070104025328,69.31252826775214,100.0,99.50248756218906,94.40399417516122,92.46931558144372,88.12787307186024,True,False
Southwest,A10,April 10,990003,SS,38,253,231.88319117952983,2597.787289369669,1.1044646316337363,2.142237265363491,58.22980063715187,289.9705637611816,1855.458706053672,Rainfed,1949.9128354483043,94.45412939463245,4.844018033909526,67.25608487622218,81.57359258421886,44.15555053131359,99.86434546687768,94.27990052000904,94.33118369045144,87.98627002288329,81.34956109885373,True,False
Southwest,A10,April 10,990004,VSS,38,253,127.9696276263782,734.1003744539214,0.4583447735400304,2.213541753563451,27.15550529426733,256.6356355315165,1772.2810484709798,Rainfed,2072.251924277096,299.97087580611606,14.475598854167345,67.25608487622218,55.86409301275539,19.14437295405802,99.31143469917598,87.52680889490914,93.80070730185146,81.91179529852299,72.11647100535644,True,False
Southwest,A20,April 20,990001,LS,38,253,408.1495735385896,4120.954545454546,1.055225121838442,1.5518430293121916,73.15677114962045,384.5294362388184,1673.5907010609528,Rainfed,2129.167256084876,455.5765550239232,21.39693599560796,19.482005408778864,99.88772875266643,89.15459750757832,100.0,97.63107668126192,98.22134387351778,94.10235073850636,85.49701470890138,False,False
Southwest,A20,April 20,990002,MS,38,253,317.36009985437903,4908.479509049303,1.594315988435012,2.452366246360124,71.33479230440284,342.7577491158727,2115.567401705845,Rainfed,2538.2959226128564,422.72852090701144,16.65402828492375,19.482005408778864,93.69106421194432,78.00853165693758,100.0,99.6519982038617,98.22134387351778,94.10235073850636,83.30818487050666,True,False
Southwest,A20,April 20,990003,SS,38,253,232.26544622425632,2626.656542542126,1.1174293997833524,2.111846198493276,59.84980164197901,299.2952985229873,1761.4845017682546,Rainfed,1949.9128354483043,188.42833368004972,9.663423423577196,19.482005408778864,88.66442199775533,53.42312008978676,99.91021324354658,96.10549943883277,98.16933638443936,90.73226544622426,78.06955171562342,True,True
Southwest,A20,April 20,990004,VSS,38,253,138.29831495735388,868.1951320990223,0.5371461285230268,2.309140789947634,30.14519941558344,269.388599958394,1940.8272311212816,Rainfed,2072.251924277096,131.42469315581434,6.342119489244137,19.482005408778864,64.72499159852134,32.45211157163661,99.83197042679512,89.91822560770696,98.06532140628252,85.74994799251093,70.03208200174747,True,True
Southwest,M1,May 1,990001,LS,38,253,408.4382151029748,4347.710110255877,1.119115699094699,1.6177860322716344,74.12358266379746,400.88371125442063,1690.84085708342,Rainfed,2129.167256084876,438.32639900145614,20.58675276678137,7.343457457873934,99.72548588997476,86.74645876798067,100.0,97.34270341495552,99.98959850218432,97.88849594341583,84.14802856805501,False,False
Southwest,M1,May 1,990002,MS,38,253,317.36009985437903,4829.926149365509,1.5822325374634352,2.4582564949750814,71.2970071720388,363.5348450176825,2145.073434574578,Rainfed,2538.2959226128564,393.22248803827824,15.491593574066224,7.343457457873934,95.64023720623764,81.57258950142763,100.0,99.36305732484075,99.98959850218432,97.8572914499688,83.10946163464757,True,False
Southwest,M1,May 1,990003,SS,38,253,240.045766590389,2414.276783856875,0.984199711407148,1.9919001365250155,57.257181666971206,319.73996255460787,1893.9473684210527,Rainfed,1949.9128354483043,55.965467027251634,2.8701522452609844,7.343457457873934,91.35924462011418,63.23012736056214,99.94510320597276,97.27711901624946,99.93759101310587,95.72498439775327,79.25966101023309,True,False
Southwest,M1,May 1,990004,VSS,38,253,151.61483253588517,934.1742250884126,0.5388908369523826,2.1661823842766115,32.013976767029874,287.72363220303725,1967.32504680674,Rainfed,2072.251924277096,104.92687747035598,5.063422851300267,7.343457457873934,76.57450076804915,44.90893131446127,99.9122229536976,93.5483870967742,99.90638651965882,91.89723320158105,73.44158847315657,True,False
Southwest,M10,May 10,990001,LS,38,253,407.8583315997504,4533.45090493031,1.164624409233266,1.7034679181819896,73.55764396073093,427.2146869149157,1800.960682338257,Rainfed,2129.167256084876,328.20657374661914,15.414785889114558,1.456209694195964,99.35071846726984,86.66311868014901,100.0,93.41138903672166,99.98959850218432,98.66860827959226,82.79137752287329,False,False
Southwest,M10,May 10,990002,MS,38,253,316.37715831079674,4566.118473060121,1.4803876031093188,2.512017854731533,68.00144462552957,386.18587476596633,2453.9858539629704,Rainfed,2538.2959226128564,84.31006864988603,3.3215224394758285,1.268982733513626,98.28686954671208,81.67695254309427,100.0,97.30793785911897,99.98959850218432,98.64780528396088,82.45402092408345,True,True
Southwest,M10,May 10,990003,SS,38,253,241.44476804659877,2292.854795090493,0.9279653530573898,1.9505145519282217,57.05813393393623,344.6202413147493,1898.4590180986063,Rainfed,1949.9128354483043,51.453817349698056,2.6387752526316546,1.268982733513626,92.33060312732688,76.27911924263377,100.0,97.43644293160304,99.98959850218432,96.79633867276888,80.58586931571865,True,False
Southwest,M10,May 10,990004,VSS,38,253,164.5464946952361,1016.0171624713956,0.5447894476637248,2.0960390571924896,33.27778501902484,310.54275015602246,2033.7922820886208,Rainfed,2072.251924277096,38.45964218847507,1.8559346833224295,1.268982733513626,86.42355943015097,55.156283223474375,99.94684244099513,94.87561131192857,99.93759101310587,93.72789681714168,75.90525242433003,True,False
Southwest,M20,May 20,990001,LS,38,253,409.61358435614727,4602.72123985854,1.1579900110587424,1.802786834747445,70.42105927986238,445.7801123361765,2129.167256084876,Rainfed,2129.167256084876,0.0,0.0,0.499271895152902,98.47567341825015,80.89371476299854,99.38400501148465,88.64063478805596,100.0,99.95839400873726,81.12167055495422,True,True
Southwest,M20,May 20,990002,MS,38,253,317.6955481589349,4840.579363428334,1.5928323356206502,2.6082694201505987,67.87672630299771,406.64260453505307,2538.2959226128564,Rainfed,2538.2959226128564,0.0,0.0,0.0,99.73898517435792,85.6441845896847,100.0,97.42117352265608,100.0,99.95839400873726,83.25181961363371,True,False
Southwest,M20,May 20,990003,SS,38,253,242.3132931142084,2338.5415019762845,0.9567884252959864,2.0171744544168955,57.73177732203932,369.83971291866027,1949.9128354483043,Rainfed,1949.9128354483043,0.0,0.0,0.0,99.64501983712675,80.60137815827939,100.0,97.62998538316975,100.0,99.95839400873726,82.54782534104473,True,False
Southwest,M20,May 20,990004,VSS,38,253,172.7974828375286,918.852090701061,0.4494162995200024,1.9917296463700875,31.47417633378476,331.8632203037237,2072.251924277096,Rainfed,2072.251924277096,0.0,0.0,0.0,91.88399749634884,65.39745462132277,99.94784060087628,96.55747965783434,99.94799251092157,97.70126898273352,78.77657626714817,True,False
Northcentral,A1,April 1,990001,LS,38,512,278.7661903782895,2977.4037828947367,1.0550161408756633,2.847181519678716,53.26593359575101,455.9104132401316,6001.319952713816,Irrigated,7201.0372121710525,1199.7172594572367,16.660339672033604,85.83984375,87.00657894736842,54.918791118421055,96.44325657894736,90.20353618421052,97.23992598684212,91.76089638157896,86.20183270676692,True,False
Northcentral,A1,April 1,990002,MS,38,512,213.29795435855263,3104.6600020559213,1.376791575548225,4.285605573732028,45.81411313745514,393.4283511513158,7193.840614720395,Irrigated,7848.225020559211,654.3844058388158,8.337992401142811,85.83984375,74.55283717105263,31.4453125,96.93667763157896,85.83984375,96.93667763157896,86.75986842105263,79.75872297932331,True,False
Northcentral,A1,April 1,990003,SS,38,512,139.64201274671052,1122.4839124177631,0.7041059318377163,3.814560055798208,27.22063425723777,337.9592413651316,4288.910618832237,Irrigated,4456.744500411184,167.8338815789475,3.76584032500546,85.83984375,44.79337993421053,14.40686677631579,94.24342105263158,67.94819078947368,94.24342105263158,69.13548519736842,67.23008693609022,True,False
Northcentral,A1,April 1,990004,VSS,38,512,69.30252878289474,229.70764802631575,0.2170630612174968,4.1860311941964286,7.844572241312882,288.4573910361842,2358.7732833059213,Irrigated,2924.1726973684213,565.3994140625,19.335363283137323,85.83984375,23.905222039473685,3.7726151315789473,83.52693256578948,49.23930921052632,85.24876644736842,50.328947368421055,54.55166235902256,True,False
Northcentral,A10,April 10,990001,LS,38,512,276.08963815789474,3058.9523026315787,1.087104784081952,3.1434759741011264,54.06524770507314,540.1876027960526,6075.647358141448,Irrigated,7201.0372121710525,1125.389854029604,15.628163289136905,68.36451480263158,88.20415296052632,58.05407072368421,96.44325657894736,90.52734375,97.23992598684212,92.11554276315788,84.4212582236842,True,False
Northcentral,A10,April 10,990002,MS,38,512,212.6156455592105,2948.7269736842104,1.2842495002393943,4.640686706076935,43.81035660748312,476.7358655427632,7174.082699424343,Irrigated,7848.225020559211,674.1423211348674,8.58974251335664,68.36451480263158,80.5201480263158,38.85176809210526,97.17824835526316,86.33326480263158,97.17824835526316,87.2532894736842,79.38278312969923,True,False
Northcentral,A10,April 10,990003,SS,38,512,149.65177837171052,1117.1507504111842,0.6184797290691307,3.7954032554354,27.14811441477464,423.7689144736842,4307.631990131579,Irrigated,4456.744500411184,149.11251027960498,3.3457720151076127,68.36451480263158,53.60300164473684,18.46731085526316,94.6751644736842,73.88980263157895,94.6751644736842,74.89206414473684,68.36671757518796,True,False
Northcentral,A10,April 10,990004,VSS,38,512,79.96761924342105,154.73108552631578,0.1088004219533207,3.631703379297854,5.041850449329573,376.0697471217105,2359.460577713816,Irrigated,2924.1726973684213,564.7121196546054,19.31185939061712,68.36451480263158,28.587582236842103,6.0649671052631575,86.65193256578948,54.63610197368421,87.91632401315789,54.91365131578947,55.30501057330827,True,False
Northcentral,A20,April 20,990001,LS,38,512,277.2923519736842,3144.3780324835525,1.1173540701225009,3.2341635883015525,53.968944003792416,554.0218955592105,6272.234837582237,Irrigated,7201.0372121710525,928.8023745888158,12.898174904845266,20.5078125,91.09272203947368,66.71463815789474,96.21196546052632,90.21895559210526,97.23992598684212,92.17722039473684,79.16617716165413,True,False
Northcentral,A20,April 20,990002,MS,38,512,216.1119962993421,3000.530530427632,1.2950998319532725,4.764793477906912,45.08120633897944,487.368986430921,7064.59375,Irrigated,7848.225020559211,783.6312705592109,9.984821644466237,20.245682565789476,79.31229440789474,46.80818256578947,97.22450657894736,87.1607730263158,97.22450657894736,88.12705592105263,73.7290002349624,True,True
Northcentral,A20,April 20,990003,SS,38,512,151.52780633223685,1085.5160361842106,0.6071837539881537,3.6602308961472096,27.357956063379657,434.9221833881579,4245.990285773027,Irrigated,4456.744500411184,210.75421463815746,4.728882587249798,20.245682565789476,64.18585526315789,23.87438322368421,94.64432565789474,75.81722861842105,95.21484375,77.43112664473684,64.48763510338345,True,True
Northcentral,A20,April 20,990004,VSS,38,512,89.20769942434211,175.51156455592104,0.1377121338502506,3.851401664153874,6.17171770405426,394.6299342105263,2763.6537314967104,Irrigated,2924.1726973684213,160.51896587171086,5.489380501232647,20.245682565789476,34.102590460526315,8.367598684210526,92.15666118421052,62.26356907894737,92.28001644736842,63.04481907894737,53.208705357142854,True,True
Northcentral,M1,May 1,990001,LS,38,512,278.30360814144734,3311.6775801809213,1.1929095342044973,3.349223386249818,55.23751092875675,574.4841180098684,6495.092156661184,Irrigated,7201.0372121710525,705.9450555098683,9.803380189685642,10.773026315789474,92.25945723684212,69.95271381578948,95.31763980263158,89.03166118421052,97.23992598684212,92.17722039473684,78.10737781954889,True,False
Northcentral,M1,May 1,990002,MS,38,512,220.0529399671053,3080.9333367598683,1.3205306642468764,4.725054859128481,46.28122696135955,509.4946032072368,7148.110608552632,Irrigated,7848.225020559211,700.1144120065792,8.920672001281302,9.400699013157896,83.85074013157895,56.90275493421053,97.17824835526316,89.12417763157895,97.22450657894736,90.15727796052632,74.83405780075188,True,False
Northcentral,M1,May 1,990003,SS,38,512,158.77107319078948,967.6748560855264,0.5206503640091633,3.487940269891498,25.54189632542268,458.7718441611842,4204.680612664473,Irrigated,4456.744500411184,252.06388774671086,5.6557850180429945,9.400699013157896,72.93379934210526,31.38363486842105,95.32277960526316,80.43791118421052,95.89329769736842,81.08038651315789,66.63607260338347,True,False
Northcentral,M1,May 1,990004,VSS,38,512,96.83002672697368,150.150390625,0.094566250097901,3.616726266267884,5.486559887963101,415.51639597039474,2744.995374177632,Irrigated,2924.1726973684213,179.17732319078914,6.127453530772581,9.400699013157896,44.76768092105263,15.260074013157896,93.51870888157896,65.75863486842105,93.64206414473684,66.79173519736842,55.5913710056391,True,False
Northcentral,M10,May 10,990001,LS,38,512,280.9583162006579,3444.75390625,1.23708115079693,3.489728575398809,55.608616348497904,591.7793996710526,6669.366108141448,Irrigated,7201.0372121710525,531.6711040296041,7.383257277590288,6.93359375,91.62726151315788,73.40666118421052,95.10176809210526,85.79872532894737,97.23992598684212,92.17722039473684,77.46930803571429,True,False
Northcentral,M10,May 10,990002,MS,38,512,222.50719572368425,3267.5307360197367,1.4039497111815216,4.859232433166655,47.89514052516292,528.1385690789474,7392.204615542763,Irrigated,7848.225020559211,456.0204050164475,5.810490955876729,2.1227384868421053,89.51994243421052,60.45949835526316,96.31990131578948,88.76953125,97.23992598684212,90.95908717105264,75.05580357142857,True,False
Northcentral,M10,May 10,990003,SS,38,512,166.8752569901316,1109.1437602796052,0.5578508141449651,3.4190620716893902,29.423232761153688,475.68868215460526,4200.271330180921,Irrigated,4456.744500411184,256.47317023026335,5.754720069921012,2.1227384868421053,79.33285361842105,47.61513157894737,95.19942434210526,85.24362664473684,96.1400082236842,86.19449013157895,70.2640390037594,True,False
Northcentral,M10,May 10,990004,VSS,38,512,106.89633018092104,226.1989617598684,0.1566237651865221,3.4861938738596017,8.446322823588458,432.0727282072368,2924.1726973684213,Irrigated,2924.1726973684213,0.0,0.0,2.1227384868421053,61.65193256578947,20.06578947368421,94.72142269736842,73.18050986842105,94.72142269736842,74.02857730263158,60.07034187030075,True,False
Northcentral,M20,May 20,990001,LS,38,512,281.7691200657895,3637.087222450658,1.270329483982674,3.900421270825487,53.94786941951697,609.7348889802631,7201.0372121710525,Irrigated,7201.0372121710525,0.0,0.0,11.703330592105264,87.4537417763158,68.3131167763158,94.71628289473684,77.08675986842105,97.23992598684212,92.17722039473684,75.52719689849626,True,True
Northcentral,M20,May 20,990002,MS,38,512,226.806640625,3522.175472861842,1.4935920927027302,5.210794241953268,48.8583259045116,549.7430612664474,7848.225020559211,Irrigated,7848.225020559211,0.0,0.0,0.0,92.40851151315788,68.61122532894737,95.31763980263158,88.49198190789474,97.23992598684212,91.76089638157896,76.26145441729325,True,False
Northcentral,M20,May 20,990003,SS,38,512,175.5602384868421,1365.5166529605262,0.6817018816595503,3.637679141729296,34.263929066203964,500.10829564144734,4456.744500411184,Irrigated,4456.744500411184,0.0,0.0,0.0,86.8678042763158,58.0078125,96.44325657894736,87.70045230263158,97.22450657894736,90.01850328947368,73.7517622180451,True,False
Northcentral,M20,May 20,990004,VSS,38,512,118.53926809210526,293.8987972861842,0.1772479589866,3.328179344586905,11.47981228032969,450.9581106085527,2923.5810546875,Irrigated,2924.1726973684213,0.591642680921268,0.020232822823826744,0.0,74.62479440789474,33.63486842105263,95.24568256578948,79.57956414473684,95.81620065789474,80.54584703947368,65.63527960526316,True,False
Northeast,A1,April 1,990001,LS,38,467,196.4738532627071,1899.271948608137,0.8251566660340858,5.89485701274234,33.82517403547492,560.6518088583342,6465.37011157444,Irrigated,7626.696607686239,1161.3264961117993,15.227123299246049,85.77144145159473,52.92460272737518,32.13681956497239,88.51008678011947,65.93035050152147,89.42860362898682,66.58965400653669,68.75593695158668,True,False
Northeast,A1,April 1,990002,MS,38,467,149.13924264623014,1640.273470077764,0.8789248066408583,8.388772552760686,23.87002720153753,482.1377211766032,7853.834497915023,Irrigated,8197.239546940154,343.4050490251311,4.189276732230139,85.77144145159473,29.381269018370336,7.190352755550546,84.50355009579624,58.95413050828356,84.5429956046433,59.2584244336752,58.51459483827342,True,False
Northeast,A1,April 1,990003,SS,38,467,98.65462639468048,468.88498816634734,0.3056128874519047,6.304511898191719,11.450869899203928,421.0503211991434,4527.385946128705,Irrigated,4819.983996393554,292.598050264849,6.0705191237933365,85.77144145159473,15.423193959202074,1.5327397723430631,67.0855404034712,40.843006874788685,67.0855404034712,41.045869491716445,45.541047479512486,True,False
Northeast,A1,April 1,990004,VSS,38,467,54.9715428829032,80.94376197452948,0.0806754697235594,5.572600733632798,2.726229723795912,368.0318381607123,2419.287388707314,Irrigated,3125.480108193396,706.1927194860818,22.594695696024715,85.77144145159473,5.201172095120027,0.1183365265411923,48.60250197227544,12.290093542206694,49.88729854615124,12.492956159134453,30.623400041860542,True,False
Northeast,A10,April 10,990001,LS,38,467,184.7669897441677,1751.5907810210751,0.7561324864351261,6.980245801092436,31.120103041969926,679.061140538713,6629.434914910402,Irrigated,7626.696607686239,997.2616927758372,13.075932400022177,67.49126563732672,58.14831511326496,34.875464893497124,88.6791389608926,65.65986701228447,89.8005184266877,66.58965400653669,67.32060343578432,True,False
Northeast,A10,April 10,990002,MS,38,467,143.6239152485067,1268.1757579172772,0.6234156138838433,8.874357387315717,19.301257591924436,597.830102558323,7733.7002704834895,Irrigated,8197.239546940154,463.539276456665,5.654821648218073,67.49126563732672,36.44765017468725,10.943311168714075,86.19970697622,60.351628536008114,86.23915248506705,60.65592246139976,58.332662491346134,True,False
Northeast,A10,April 10,990003,SS,38,467,101.73841992561704,365.4473120703257,0.2192961699150868,6.430651831618173,9.364808407379185,540.5778203538825,4566.117660317818,Irrigated,4819.983996393554,253.8663360757355,5.266953920711881,67.49126563732672,19.55933731545137,2.845711709681055,72.7149780232165,45.74552011720951,72.7149780232165,45.94838273413727,46.71716765146271,True,False
Northeast,A10,April 10,990004,VSS,38,467,59.13867913896089,26.533923137608475,0.0218284039864114,5.253769762199933,0.9444804150090864,490.6433562492956,2424.8014200383186,Irrigated,3125.480108193396,700.6786881550775,22.418273797944178,67.49126563732672,8.27792178519103,0.1183365265411923,51.87084413388933,16.978474022314888,52.78372591006424,17.181336639242645,30.67170066493858,True,False
Northeast,A20,April 20,990001,LS,38,467,185.92499718246367,1818.3025470528569,0.7740243769100751,6.9534464803875,31.87711149854367,694.1950298658852,6768.546320297532,Irrigated,7626.696607686239,858.1502873887075,11.251926378241631,21.790826101656712,66.44877718922574,45.37360531950862,88.83692099628085,64.80333596303392,89.98084075284571,67.06300011270146,63.47104377646472,False,False
Northeast,A20,April 20,990002,MS,38,467,147.9248844810098,1296.722698072805,0.6249718412881182,8.345149406662625,20.27157841730552,610.6805477290658,7556.062774709793,Irrigated,8197.239546940154,641.1767722303612,7.8218620861177355,21.452721740110448,45.480671700664935,16.910853150005636,87.6197452947143,62.6789135579849,87.65919080356137,63.01701791953116,54.97415916665325,True,True
Northeast,A20,April 20,990003,SS,38,467,103.7360531950862,358.6188436830835,0.2156660572331483,6.124244392208214,9.285613285670824,551.401667981517,4544.388369209963,Irrigated,4819.983996393554,275.5956271835912,5.717770585748823,21.452721740110448,21.76828581088696,4.485517863180435,76.48484165445734,49.64499042037642,76.48484165445734,49.84785303730418,42.88129316868187,True,True
Northeast,A20,April 20,990004,VSS,38,467,62.590161163079,39.18116758706187,0.0308596577095844,5.76712521346192,1.4388075057025187,506.8999211089824,2786.0936549081484,Irrigated,3125.480108193396,339.3864532852476,10.858698233130696,21.452721740110448,12.081595852586496,0.4564408880874563,57.889101769412825,27.00326834216161,58.02434351403133,27.20613095908937,29.159086152211362,True,True
Northeast,M1,May 1,990001,LS,38,467,186.81111236334948,1898.0994026822948,0.7764640154789607,6.889960736708932,32.97118095010155,715.0032119914347,6910.169221232954,Irrigated,7626.696607686239,716.5273864532846,9.394990037117292,11.140538712949397,65.58661106728277,44.894624140651416,86.61670235546039,63.54107967992787,89.98084075284571,67.13062098501071,61.27014538487547,True,False
Northeast,M1,May 1,990002,MS,38,467,153.21480897103572,1523.0113264961117,0.745610283631742,7.981938235475658,23.252977447256885,627.284627521695,7674.631973402456,Irrigated,8197.239546940154,522.607573537698,6.3754093136484675,6.457793305533642,52.28220444043728,28.023216499492843,88.14944212780345,64.55539276456666,88.76366505127916,64.98365828919194,56.173624639757854,True,False
Northeast,M1,May 1,990003,SS,38,467,110.63760847514932,401.0173560238927,0.2383633910794116,5.760409987568688,10.35393011513562,569.2476050941057,4534.148371463992,Irrigated,4819.983996393554,285.8356249295621,5.930219377147979,6.457793305533642,28.885382621435816,7.539727262481686,82.1537247830497,52.81753634621887,82.1537247830497,52.918967654682746,44.703836679493165,True,False
Northeast,M1,May 1,990004,VSS,38,467,68.54220669446636,40.9916600924152,0.031051326388777,5.222519685455609,1.3788449688434548,523.8668995830046,2824.8186070100305,Irrigated,3125.480108193396,300.66150118336554,9.619690120413381,6.457793305533642,18.404147413501637,1.7525076073481347,60.20511664600473,33.596303392313764,60.34035839062324,33.596303392313764,30.62179002109127,True,False
Northeast,M10,May 10,990001,LS,38,467,188.20015778203535,1948.0815958525864,0.8067311134834462,6.76816846205496,33.209087974023966,740.1429617942072,7072.062718359067,Irrigated,7626.696607686239,554.6338893271723,7.2722689502058895,11.298320748337654,71.06390172433224,48.06153499380142,86.03065479544686,56.75645215823284,89.98084075284571,67.13062098501071,61.47461802257249,True,False
Northeast,M10,May 10,990002,MS,38,467,156.78885382621434,1649.0668319621325,0.8120736423493607,8.042774584985871,24.992092373764446,648.3410345993464,7952.859404936324,Irrigated,8197.239546940154,244.38014200383077,2.9812492437780764,0.0,58.00743829595402,33.63011382846839,87.9184041474135,65.48517975881889,89.18066043051955,66.38679138960893,57.22979826439761,True,False
Northeast,M10,May 10,990003,SS,38,467,119.97774146286486,485.9146286487096,0.2722230815992678,5.361547054206798,12.683736347598789,588.4349149104023,4530.493237912769,Irrigated,4819.983996393554,289.4907584807852,6.006052275223118,0.0,46.94015552800631,15.907810210751718,85.50659303505016,60.26146737292911,85.54603854389721,60.36289868139299,50.64642333886108,True,False
Northeast,M10,May 10,990004,VSS,38,467,74.6280852022991,39.6192944888989,0.030869204059399,5.33795316717919,1.5257166404614115,540.7567339118675,3075.219767835005,Irrigated,3125.480108193396,50.260340358391204,1.6080838341167019,0.0,23.470077764003157,2.090611968894399,69.83545587738082,46.13434013298772,69.83545587738082,46.13434013298772,36.785754536233526,True,False
Northeast,M20,May 20,990001,LS,38,467,189.649780232165,2153.0100304293924,0.8785349676035142,6.839445297777473,33.471070874016306,770.7162740899357,7626.696607686239,Irrigated,7626.696607686239,0.0,0.0,17.958976670799053,72.47266989744168,44.21278034486645,82.08610391074045,53.133100416995376,89.98084075284571,67.13062098501071,60.99644185409992,True,True
Northeast,M20,May 20,990002,MS,38,467,161.3659416206469,1822.622112025245,0.8467301412160593,8.133348500086688,27.02930103855393,674.4101205905556,8197.239546940154,Irrigated,8197.239546940154,0.0,0.0,0.0,67.6377775273301,44.74811225064804,86.00247943198467,62.91558661106728,89.8005184266877,66.58965400653669,59.67058975060779,True,False
Northeast,M20,May 20,990003,SS,38,467,130.0602952778091,591.1187873323565,0.330842295608395,5.141642722224493,15.204754276507822,613.4457342499718,4819.983996393554,Irrigated,4819.983996393554,0.0,0.0,0.0,53.161275780457565,29.471430181449342,87.36616702355461,62.24501296066719,87.91276907472107,63.46218866223374,54.80269195472622,True,False
Northeast,M20,May 20,990004,VSS,38,467,86.25042263045194,93.81640933168038,0.062815789742021,4.7647522600219325,3.431142537991654,564.3849881663473,3125.480108193396,Irrigated,3125.480108193396,0.0,0.0,0.0,27.87670460948946,6.812802885157218,79.39817423644764,52.4794319846726,79.47706525414178,52.58086329313648,42.660720323292175,True,False
Northwest,A1,April 1,990001,LS,38,499,369.1250922898428,4334.81035755722,1.1751313135333887,1.95047206079668,67.81253111345275,362.7592553528109,6600.764212635798,Irrigated,7927.752715958231,1326.9885033224336,16.738520370990656,92.33730619133004,96.61682444061962,78.4315834767642,99.16092943201376,89.59229776247848,98.03290792110536,94.42569349224766,92.6567918166513,False,False
Northwest,A1,April 1,990002,MS,38,499,280.8168969517984,5036.191382765531,1.8191714826817535,3.0018013365663045,65.8479023788007,316.70129733150515,7764.71158105685,Irrigated,8734.444626094293,969.7330450374429,11.102400742691183,92.33730619133004,95.76161790017213,65.88855421686748,99.98386402753871,95.20223752151465,98.03290792110536,93.566079527476,91.53893818657207,True,False
Northwest,A1,April 1,990003,SS,38,499,198.20825862250817,2327.3725345427697,1.140750411643461,2.5192916232087943,50.34668138092562,263.45601729775336,4588.250342790845,Irrigated,5137.421949161481,549.1716063706363,10.689634057803465,92.33730619133004,69.90641135972461,36.0907917383821,99.97848537005164,90.49053356282272,98.02763421580002,88.97795591182364,82.25844547856211,True,False
Northwest,A1,April 1,990004,VSS,38,499,95.0743592448054,522.6324227402173,0.4105339590626533,2.586832230626667,19.82490159469212,219.72033540765744,2222.9288049783777,Irrigated,3241.861776183947,1018.9329712055692,31.43048783544909,92.33730619133004,36.75774526678141,10.99397590361446,98.4724612736661,78.03894148020655,97.56354814892944,76.58474844425693,70.10696095839785,True,False
Northwest,A10,April 10,990001,LS,38,499,382.8762788735365,4569.74438350385,1.2069852838299302,1.9995709943154087,69.59434985133876,416.99356607952745,6778.074253770699,Irrigated,7927.752715958231,1149.6784621875322,14.501946558868797,78.44636641704462,96.2461668605266,78.71417997250714,99.1752141271016,89.34122871946707,99.73104102942727,96.12382660056956,91.11114624666342,False,False
Northwest,A10,April 10,990002,MS,38,499,290.88176352705415,5213.907921105369,1.8706266547682848,3.064744817128835,67.80059214395749,373.890517877861,7841.580107583588,Irrigated,8734.444626094293,892.8645185107052,10.222338760306044,78.44636641704462,96.71143068626414,71.09019773712593,99.85724859892144,95.0935814740404,99.73104102942727,95.26421263579792,90.88486836837453,False,False
Northwest,A10,April 10,990003,SS,38,499,209.7088914671448,2273.6622719122456,1.0363393141363315,2.488785785350488,49.79528661575256,323.06803079843894,4636.988134163063,Irrigated,5137.421949161481,500.4338149984187,9.740952173105002,78.44636641704462,76.29798033202918,42.12752458496352,99.97885164428466,90.92206830918896,99.72576732412192,90.9134057588862,82.63028062435987,True,False
Northwest,A10,April 10,990004,VSS,38,499,109.19338677354708,416.4385085961396,0.2890457753435024,2.346065976397239,16.555140414656396,280.885560594874,2315.1354814892943,Irrigated,3241.861776183947,926.7262946946526,28.586237127775345,78.44636641704462,42.61393676641641,14.666384688590462,99.30739135032252,80.72856085439358,99.34078683683155,80.52420630735155,70.80394760299296,True,False
Northwest,A20,April 20,990001,LS,38,499,384.29886087965406,4797.10932391098,1.268837202813082,2.057308855405628,70.51065758832796,424.2501845796857,6973.549150933446,Irrigated,7927.752715958231,954.2035650247853,12.036242794304291,41.0136061596878,97.17329395633372,79.9757409555954,99.17730197236578,87.97595190380761,99.98417888408396,96.37696445522624,85.95386261244292,False,False
Northwest,A20,April 20,990002,MS,38,499,292.20150827971736,5264.688165805295,1.8802213260259744,3.1580292775132737,67.73113576545975,382.75234679886086,7974.5291108532865,Irrigated,8734.444626094293,759.9155152410067,8.700215614977362,41.0136061596878,95.02162219175192,69.96624828604578,99.8576099567556,94.87923214850754,99.98417888408396,95.94452062018776,85.23814546386005,True,False
Northwest,A20,April 20,990003,SS,38,499,216.16390676089023,2450.1071089547518,1.1092241131233378,2.4616987488328803,53.4248684536398,335.266269380867,4701.179675139753,Irrigated,5137.421949161481,436.242274021728,8.491462806416562,41.0136061596878,88.17635270541082,53.88144710473578,99.96308406286256,92.1896424427803,99.9789051787786,92.56934922476532,81.11034098271732,True,False
Northwest,A20,April 20,990004,VSS,38,499,124.389568610906,596.5829553844532,0.4100973415502684,2.503775323244652,20.784754280963732,293.48887248180574,2777.9015926590023,Irrigated,3241.861776183947,463.96018352494457,14.311535023898532,41.0136061596878,52.452272966986605,20.488345111275184,99.86815736736632,87.46967619449426,99.86815736736632,87.50659213163168,69.80954389982973,True,True
Northwest,M1,May 1,990001,LS,38,499,386.19475793692646,5102.621189747917,1.362000471371309,2.1629869507325097,71.82454114641878,441.4519038076152,7269.136167070985,Irrigated,7927.752715958231,658.6165488872466,8.30773325663248,23.193755932918467,96.6406497204936,74.67039341841578,99.0349119291214,86.69971521991351,99.98417888408396,96.37696445522624,82.37150993716757,False,False
Northwest,M1,May 1,990002,MS,38,499,294.20683472207577,5275.110484126148,1.8434188944377596,3.2522480711689825,66.51742093269243,400.8720071722393,8135.232886826284,Irrigated,8734.444626094293,599.2117392680093,6.860330163154903,20.103364623984813,96.19765847484445,75.46144921421791,99.8576099567556,92.9543297120557,99.98417888408396,96.32950110747812,82.98401313906008,True,False
Northwest,M1,May 1,990003,SS,38,499,216.85476215589077,2352.394367682734,1.0689981810376337,2.4536629417541875,52.22601302303332,354.248496993988,4659.994937242907,Irrigated,5137.421949161481,477.42701191857395,9.293124385013744,20.103364623984813,93.5766269380867,63.0682417466512,99.96308406286256,93.12836198713217,99.9789051787786,93.28657314629258,80.44359395482694,True,False
Northwest,M1,May 1,990004,VSS,38,499,131.52621031536756,607.7323067187006,0.3603034963185158,2.503007516112431,20.141675189044,313.52330977744964,2906.298017086805,Irrigated,3241.861776183947,335.5637590971419,10.350958253751951,20.103364623984813,62.2033540765742,29.907182786625885,99.9789051787786,89.96941250922899,99.9789051787786,90.00105474106107,70.3060255850046,True,False
Northwest,M10,May 10,990001,LS,38,499,388.2145870688746,5274.584537496045,1.4041556327519693,2.241580068211279,71.16330522227793,450.4451007277713,7558.478325071194,Irrigated,7927.752715958231,369.27439088703704,4.657995829558398,13.310832190697184,96.3716907499209,74.13247547727033,98.30186689167807,82.14850754139859,99.98417888408396,96.37696445522624,80.08950231289647,True,False
Northwest,M10,May 10,990002,MS,38,499,300.06196603733787,5378.708416833667,1.7890507106295523,3.262857276080928,66.5929173593609,413.3418943149457,8326.08981120135,Irrigated,8734.444626094293,408.354814892944,4.675223581737268,4.340259466301023,96.11327918995886,79.88081426009914,99.17730197236578,88.34511127518195,99.98417888408396,96.3611433393102,80.60029834104299,True,False
Northwest,M10,May 10,990003,SS,38,499,222.86546777766057,2459.028794430967,1.0669659049013482,2.519329125607078,53.05679528696141,370.2109482122139,4800.272228667862,Irrigated,5137.421949161481,337.1497204936195,6.5626246749821355,4.340259466301023,94.32549309144603,69.47579369264845,99.7785043771754,94.76848433709524,99.98417888408396,95.5173504904546,79.74143776274353,True,True
Northwest,M10,May 10,990004,VSS,38,499,143.7480223605105,708.9400379706782,0.4101380244958665,2.407592465891759,24.06367194337729,328.9461027317794,3042.1394895053268,Irrigated,3241.861776183947,199.7222866786201,6.160728015792109,4.340259466301023,80.24997363147347,47.99071827866259,99.9789051787786,90.92922687480224,99.9789051787786,91.15072249762684,73.51695872948905,True,False
Northwest,M20,May 20,990001,LS,38,499,389.5237844109272,5551.357451745596,1.4597023426399875,2.403737265407171,71.25248995784304,459.7559329184685,7927.752715958231,Irrigated,7927.752715958231,0.0,0.0,17.308300812150616,90.46514080793165,65.10389199451535,96.61955489927225,75.20303765425588,99.98417888408396,96.37696445522624,77.29443850106227,True,True
Northwest,M20,May 20,990002,MS,38,499,305.76284147241853,5827.87116337939,1.9402306603442772,3.5416212055174703,68.74220270918057,426.0054319164645,8734.444626094293,Irrigated,8734.444626094293,0.0,0.0,0.0,96.76721864782196,77.87153253876173,99.0349119291214,87.74390887037232,99.98417888408396,96.37696445522624,79.68267361791251,True,True
Northwest,M20,May 20,990003,SS,38,499,228.5834827549837,2730.690169813311,1.16568694527188,2.792641273987168,55.65136489899653,393.6180782617868,5137.421949161481,Irrigated,5137.421949161481,0.0,0.0,0.0,95.94979432549307,76.6585803185318,99.17730197236578,90.42295116548888,99.98417888408396,96.32950110747812,79.78890111049166,True,False
Northwest,M20,May 20,990004,VSS,38,499,154.75951903807615,867.870899694125,0.4729869639454757,2.50380063482674,27.17680776042594,348.7775551102204,3241.861776183947,Irrigated,3241.861776183947,0.0,0.0,0.0,91.40386035228352,65.16190275287417,99.96308406286256,91.83103048201666,99.9789051787786,92.31621137010865,77.23642774270346,True,False
Southcentral,A1,April 1,990001,LS,38,507,290.921831205232,2613.2678293366557,0.9013944439351896,2.4223735634214605,52.57965045463849,443.42894217793,5453.94664175231,Irrigated,6361.080712135368,907.1340703830583,14.260691090626644,78.99408284023669,85.21748157375687,53.9136302294197,99.79757085020243,91.11906986400912,99.95328558081594,93.80255372158206,86.1139535228604,True,False
Southcentral,A1,April 1,990002,MS,38,507,217.38814491850923,2656.816048998235,1.114351962238824,4.153718386558921,41.470786945653366,384.1405584968338,6948.838420014533,Irrigated,6955.459047025849,6.620627011316174,0.09518605409871762,78.99408284023669,67.15457282258902,29.49236997819994,99.70414201183432,86.70196200560574,99.70414201183432,87.35077338316205,78.44314929335171,True,False
Southcentral,A1,April 1,990003,SS,38,507,136.94072459254645,1027.0960240838783,0.6363370076887829,4.169704519091299,25.75739644374063,335.69879580608324,4216.835409529742,Irrigated,4229.4084397384,12.573030208658565,0.2972763304325425,78.99408284023669,48.567424478355655,16.10090314543756,90.64154469012767,69.21519775770788,90.921831205232,70.30001038098204,66.39157064258278,True,False
Southcentral,A1,April 1,990004,VSS,38,507,75.82399044949652,350.9416069760199,0.3384974947230008,4.065970129465676,11.96477569361278,288.46024083878336,2541.952714626804,Irrigated,2923.506903353057,381.55418872625296,13.051249794848683,78.99408284023669,23.663448562233988,6.882591093117409,78.88508252880723,38.95982559950171,80.88342157168069,41.32149901380671,49.94142160134063,True,True
Southcentral,A10,April 10,990001,LS,38,507,284.3338004775252,2522.808367071525,0.8769469866944872,2.4912316984941936,51.022435893364985,541.1683276237932,5427.109571265442,Irrigated,6361.080712135368,933.9711408699259,14.682585917957935,56.29087511678605,87.44420222153016,58.2165472853732,99.78199937714108,89.72282777950794,99.95328558081594,93.80255372158206,83.60175586896234,True,False
Southcentral,A10,April 10,990002,MS,38,507,211.647461849891,2478.690802449912,1.0443184493224422,4.383250649368555,38.96120862855663,484.5264715042043,6897.983494238555,Irrigated,6955.459047025849,57.475552787293964,0.8263373042483872,56.29087511678605,71.02667912384511,33.24509498598567,99.84428526938648,87.67777431745043,99.84428526938648,88.3421571680681,76.61016446441548,True,False
Southcentral,A10,April 10,990003,SS,38,507,146.69495484272812,889.8686286722724,0.4925731644772519,4.051574741217812,21.7514028099589,439.4902418768816,4229.4084397384,Irrigated,4229.4084397384,0.0,0.0,56.29087511678605,53.12986608533167,19.53700820097581,93.06550399667807,75.51126336551438,93.0966469428008,76.17564621613205,66.68668713203127,True,False
Southcentral,A10,April 10,990004,VSS,38,507,81.66069760199315,175.5286515104329,0.152721469353858,3.739283380789251,6.587662494525239,392.6832243330219,2475.909581646424,Irrigated,2923.506903353057,447.597321706633,15.310287832509317,56.29087511678605,28.45946226513028,5.584968338004775,85.03062389702066,46.84937195058652,86.16734143049932,48.81137755631683,51.0277172220492,True,False
Southcentral,A20,April 20,990001,LS,38,507,286.2426035502959,2551.9274369355344,0.8736295972195082,2.531806086670943,51.032017761720994,561.9843766220284,5536.178656700924,Irrigated,6361.080712135368,824.9020554344443,12.967954546791637,12.337797155610922,91.86131007993356,66.23066542094882,99.78199937714108,88.40444306031351,99.95328558081594,93.8181251946434,78.91251798134388,True,False
Southcentral,A20,April 20,990002,MS,38,507,215.51308003737157,2423.760977888508,1.017195302093025,4.334981806937218,39.77468026228694,502.3035399148759,6728.80717325859,Irrigated,6955.459047025849,226.65187376725862,3.2586184784478727,12.337797155610922,78.42831931900758,40.22111491747119,99.8754282155092,90.72978303747534,99.8754282155092,92.2142634693242,73.38316204712966,True,True
Southcentral,A20,April 20,990003,SS,38,507,148.37667393335408,859.92131215613,0.4514911981394385,3.799495286580152,21.92250455547916,454.45889131111807,4177.777639364685,Irrigated,4229.4084397384,51.63080037371583,1.2207570186082413,12.337797155610922,57.50025952455102,25.7188830063324,95.1001764766947,79.69998961901796,95.1313194228174,80.37994394269698,63.695481306817335,True,True
Southcentral,A20,April 20,990004,VSS,38,507,87.36634485622339,97.03892868265338,0.0530700631427352,4.161849838023724,3.755843053327698,419.1371327727603,2762.243018789577,Irrigated,2923.506903353057,161.26388456348013,5.516110954912464,12.337797155610922,40.44430603135056,12.841274784594622,88.35772864112946,56.66459047025849,89.21415965950379,59.66988477109935,51.361391644792455,True,False
Southcentral,M1,May 1,990001,LS,38,507,289.7280182705284,2821.8465171805256,0.978607231341666,2.559436922771819,54.00121492863326,576.8957230353992,5765.017076715457,Irrigated,6361.080712135368,596.0636354199114,9.370477476928873,3.353057199211045,94.81988996159036,71.87272916017855,99.65742759265028,87.29886847295754,99.95328558081594,93.8181251946434,78.68191188029245,True,False
Southcentral,M1,May 1,990002,MS,38,507,221.75724073497355,2544.638845634797,1.0686936637714597,4.01304347088945,42.96702808758056,518.7523616734143,6572.58382642998,Irrigated,6955.459047025849,382.875220595869,5.504672200745489,3.3374857261496937,83.73300114190802,52.392816360427695,99.92214263469324,91.19692722931588,99.95328558081594,93.39769542198692,74.84762201361391,True,False
Southcentral,M1,May 1,990003,SS,38,507,160.6314232326378,889.5044119173675,0.4512212707399409,3.333574615794485,23.93937127528592,469.70087200249145,4124.236530675802,Irrigated,4229.4084397384,105.17190906259839,2.486681306880438,3.3374857261496937,67.37257344544794,28.1324613308419,97.19194435793626,84.36624104640299,97.19194435793626,84.67248001660957,66.03787575447495,True,False
Southcentral,M1,May 1,990004,VSS,38,507,97.78236271151252,147.5611958891311,0.0688337602718169,3.867676968308345,5.666076746309449,434.60775459358456,2798.0678916225474,Irrigated,2923.506903353057,125.43901173050972,4.290703455724356,3.3374857261496937,46.0863697705803,17.9539084397384,91.186546247275,68.48333852382436,91.3111180317658,68.8051489670923,55.30913081520369,True,False
Southcentral,M10,May 10,990001,LS,38,507,293.295183224333,3054.052268244576,1.076358075790608,2.5703269177579404,55.64219608079793,595.1104536489152,5962.313453752725,Irrigated,6361.080712135368,398.7672583826434,6.26886022090388,0.4827156649018997,94.73684210526316,72.36582580712135,98.61932938856016,86.01162669988581,99.95328558081594,93.8181251946434,77.99825006302738,True,False
Southcentral,M10,May 10,990002,MS,38,507,228.35954531298665,2574.407453545105,1.082805832709314,3.872366610900309,43.98908290733491,535.1510951936053,6651.647409944981,Irrigated,6955.459047025849,303.8116370808684,4.367959541229391,0.2802865151043289,88.3213952039863,63.246133084189765,99.78199937714108,88.35772864112946,99.95328558081594,93.80255372158206,76.24905458913557,True,False
Southcentral,M10,May 10,990003,SS,38,507,167.31288279871276,915.7889546351084,0.456568911658705,3.137700698552372,27.3374068487438,486.78064984947576,3956.215093947888,Irrigated,4229.4084397384,273.19334579051247,6.459374867266548,0.2802865151043289,77.80026990553306,41.87688155299492,99.22142634693242,86.51510432886951,99.22142634693242,87.984013287657,70.41420118343196,True,False
Southcentral,M10,May 10,990004,VSS,38,507,109.6348489567113,232.3977992318073,0.1458403716691166,3.511846239111017,8.457320071345173,451.656337589536,2923.506903353057,Irrigated,2923.506903353057,0.0,0.0,0.2802865151043289,56.825495691892456,27.85736530675802,93.72988684729576,77.10474410879269,93.72988684729576,77.41098307899928,60.99123548516261,True,False
Southcentral,M20,May 20,990001,LS,38,507,296.85975293262743,3158.12939894114,1.0930359887597678,2.704622441751456,53.6221634651571,614.9219869199627,6361.080712135368,Irrigated,6361.080712135368,0.0,0.0,3.052008720024914,96.23170351915292,67.20128724177307,97.88227966365618,81.71909062597322,99.95328558081594,93.8181251946434,77.12254007800566,True,True
Southcentral,M20,May 20,990002,MS,38,507,233.55133395619225,2884.0304681822904,1.2117284052905075,3.9041165413609664,46.65233926541895,556.0933250285477,6955.459047025849,Irrigated,6955.459047025849,0.0,0.0,0.0,94.24374545832036,67.0196200560573,99.65742759265028,87.29886847295754,99.95328558081594,93.80255372158206,77.4250715546262,True,False
Southcentral,M20,May 20,990003,SS,38,507,174.75474929928373,1004.9310702792484,0.4940051946818828,3.096363771960432,29.69191776434662,508.2306135160386,3998.395203986297,Irrigated,4229.4084397384,231.01323575210336,5.462069673422038,0.0,87.304058963978,55.21644347555279,99.81314232326378,87.38191632928475,99.90657116163187,91.3318799958476,74.42200174993697,True,False
Southcentral,M20,May 20,990004,VSS,38,507,123.22744731651616,261.4353264818852,0.1526457282708294,3.09166265549277,10.979684329250455,469.1011107650784,2852.8833177618603,Irrigated,2923.506903353057,70.62358559119684,2.4157146853389175,0.0,68.08886120627011,31.44399460188934,96.88570538772969,82.0668535243434,96.88570538772969,83.64476279456036,65.57369755750322,True,False
Southeast,A1,April 1,990001,LS,38,538,189.4944727059284,1452.4590099784778,0.6295051980266892,5.50907217120781,28.991733527288883,567.7622285267071,6092.058843670515,Irrigated,6982.835501858736,890.7766581882215,12.756661072011632,74.16846018391705,47.85756212091568,16.81177851692428,87.11602426139699,55.747407552338096,88.04050088045392,56.402856583838776,60.87779858568354,True,False
Southeast,A1,April 1,990002,MS,38,538,141.25293484640972,1344.618861279593,0.7216773535650419,8.446590838505339,19.757021601181112,496.9007043631384,7782.232537663862,Irrigated,7782.232537663862,0.0,0.0,74.16846018391705,22.0358051261984,5.429465857953434,77.47016239483467,48.0043044414009,77.4848366268832,48.09234983369204,50.38362635212567,True,False
Southeast,A1,April 1,990003,SS,38,538,90.27954412052436,308.6769712385052,0.2184566910827818,6.829160805154432,7.421858114449408,440.5260223048327,4469.081197417335,Irrigated,4561.502690275876,92.42149285854157,2.026119442076926,74.16846018391705,7.630600665231853,0.6456662101350029,56.09958912150264,26.14948151046762,56.388182351790256,26.32557229504989,35.343936048299184,True,False
Southeast,A1,April 1,990004,VSS,38,538,52.62546468401487,64.465222070045,0.0773189069327594,6.145201421770039,2.051159177313599,390.18137350811975,2589.161416552534,Irrigated,3125.3636274701626,536.2022109176287,17.156474408440584,74.16846018391705,3.003326159264332,0.6456662101350029,30.595773821170024,6.794169438466054,31.55938172568969,7.058305615339464,21.97501187914023,True,False
Southeast,A10,April 10,990001,LS,38,538,175.72026022304834,1104.0636372529837,0.4747462040565503,6.2272093521631335,22.9575824917037,720.5756212091568,6134.536489923694,Irrigated,6982.835501858736,848.2990119350425,12.148345922071869,44.06671884171395,50.04402269614557,22.52983760516533,87.26276658188222,55.97730385443162,88.27528859323029,56.52025044022696,57.81088408754228,True,False
Southeast,A10,April 10,990002,MS,38,538,132.89473684210526,896.4408628448444,0.484609330796706,9.005463792435961,13.922206932720472,648.3257679514772,7708.290500880454,Irrigated,7782.232537663862,73.94203678340818,0.9501391332827578,44.06671884171395,25.15652514185091,6.539816082958326,78.52670710232832,48.26844061827431,78.57072979847388,48.35648601056545,47.0693462280236,True,False
Southeast,A10,April 10,990003,SS,38,538,95.14649774995108,169.9299549990217,0.1118176204564582,6.532662973581019,4.261387147504647,595.2892780277832,4501.01633731168,Irrigated,4561.502690275876,60.48635296419616,1.3260181363729062,44.06671884171395,9.905106632752886,0.8217569947172765,63.38779103893563,31.61807865388378,63.5638818235179,31.794169438466053,35.022500489141066,True,False
Southeast,A10,April 10,990004,VSS,38,538,55.56031109371943,5.98434748581491,0.0047524261396986,5.622825461423074,0.2124535162721417,544.7823322246136,2504.9848366268834,Irrigated,3125.3636274701626,620.3787908432791,19.849811567220648,44.06671884171395,2.651144590099785,0.5576208178438662,35.58501271766777,10.037174721189592,36.90080219135199,10.301310898063,20.014254968275708,True,True
Southeast,A20,April 20,990001,LS,38,538,181.5434846409705,1184.1025239679122,0.4998203752509748,6.103883648670808,24.28083517897617,736.1873410291528,6248.089463901389,Irrigated,6982.835501858736,734.7460379573477,10.522173088020878,9.381725689688906,58.486597534729015,29.862062218743887,87.26276658188222,55.395225983173546,88.27528859323029,56.69634122480924,55.0514296894653,True,True
Southeast,A20,April 20,990002,MS,38,538,140.044756407748,971.3227841909608,0.5015356025971464,8.373588209643026,15.703618726567086,660.8604480532185,7500.503423987478,Irrigated,7782.232537663862,281.72911367638426,3.6201579985292516,9.381725689688906,33.3056153394639,10.23772255918607,81.50557620817844,49.86304050088045,81.549598904324,50.93915085110546,45.254632864689604,True,True
Southeast,A20,April 20,990003,SS,38,538,98.67075914693798,180.8536000782626,0.1200657106676232,6.086173433972167,4.421268211425956,607.3414693797691,4508.752201134807,Irrigated,4561.502690275876,52.75048914106901,1.1564278862209483,9.381725689688906,15.799256505576208,3.2919193895519467,66.81177851692428,38.75953825083154,66.98786930150655,38.93562903541381,34.28110238421333,True,True
Southeast,A20,April 20,990004,VSS,38,538,61.42878106045784,6.326110350225005,0.0038458544129841,5.908086231843549,0.2388389322673872,563.9160144785756,2841.559283897476,Irrigated,3125.3636274701626,283.8043435726868,9.080682358948845,9.381725689688906,5.429465857953434,1.0858931715906868,46.35589904128351,15.54001173938564,47.26081001760908,15.80414791625905,20.122564776252897,True,False
Southeast,M1,May 1,990001,LS,38,538,185.87727450596756,1384.1779495206415,0.5750856098854871,5.8848011474747945,27.41673939140106,758.6842594404227,6369.461944824888,Irrigated,6982.835501858736,613.3735570338486,8.784018424472077,3.081588730189787,64.41987869301506,35.42848757581687,86.89591078066914,54.92565055762082,88.27528859323029,56.755038153003326,55.68312044050647,True,False
Southeast,M1,May 1,990002,MS,38,538,148.0996869497163,1071.6261494815103,0.5414249758065474,7.468221032355219,17.847341668179162,680.7191841126981,7414.280766973196,Irrigated,7782.232537663862,367.9517706906663,4.728100437886957,2.861475249461945,42.69712385051849,15.315006847974956,84.64097045587947,52.88593230287615,84.86108393660732,53.2381138720407,48.071386645051284,True,False
Southeast,M1,May 1,990003,SS,38,538,110.0029348464097,236.26985912737237,0.1447667856345267,5.578142762646167,6.228308529403802,624.7661416552534,4561.502690275876,Irrigated,4561.502690275876,0.0,0.0,2.861475249461945,24.036392095480338,6.627861475249462,73.80160438270397,42.33026804930542,73.80160438270397,42.41831344159656,37.98250272521452,True,False
Southeast,M1,May 1,990004,VSS,38,538,69.5387399726081,14.167188417139505,0.0116617459075197,5.331676935368161,0.4739988238254808,580.6882703971826,2891.5013206808844,Irrigated,3125.3636274701626,233.86230678927814,7.4827231216797285,2.861475249461945,10.39424770103698,0.99784777929955,53.71258070827626,22.99941303071806,54.059870866757976,23.17550381530033,24.028705592978724,True,False
Southeast,M10,May 10,990001,LS,38,538,189.4577871258071,1520.4470749364116,0.6376975115072899,5.569805004887444,29.74659444265066,779.8139796517315,6444.390432400704,Irrigated,6982.835501858736,538.4450694580319,7.710980293244845,2.7881040892193307,67.60418704754451,40.17804734885541,86.73449422813539,52.07884954020739,88.27528859323029,56.755038153003326,56.34485842859938,True,False
Southeast,M10,May 10,990002,MS,38,538,153.6807865388378,1129.5811974173353,0.5656515833919208,7.23495883603893,19.3479419797051,696.7510271962434,7486.211064370965,Irrigated,7782.232537663862,296.0214732928971,3.8038117193264878,0.0,50.38153003326159,22.172764625317942,86.51927215809039,54.646840148698885,87.53179416943847,54.91097632557229,50.88045392291137,True,False
Southeast,M10,May 10,990003,SS,38,538,117.90623165720994,293.70015652514184,0.1693934942543923,5.123319225636752,8.460305840868024,639.9268734102915,4444.3412248092345,Irrigated,4561.502690275876,117.16146546664186,2.568483971661453,0.0,35.29152807669732,10.384464879671295,78.95715124241832,47.66190569360204,79.00117393856388,47.90647622774408,42.74324286552814,True,False
Southeast,M10,May 10,990004,VSS,38,538,77.60712189395421,18.492467227548424,0.0145766071777957,5.182325590463146,0.7100070784237232,599.2328800626101,3125.3636274701626,Irrigated,3125.3636274701626,0.0,0.0,0.0,18.04930541968304,1.8783017022109176,62.51222852670711,36.10839366073176,62.51222852670711,36.10839366073176,31.024121642395958,True,False
Southeast,M20,May 20,990001,LS,38,538,193.87473097241244,1706.6723243983563,0.7335844931750928,5.713369739724183,30.521117537603917,813.4599882606143,6982.835501858736,Irrigated,6982.835501858736,0.0,0.0,6.192525924476619,70.48522793973783,38.1334376834279,85.36000782625709,48.27333202895715,88.27528859323029,56.755038153003326,56.2106940212986,True,False
Southeast,M20,May 20,990002,MS,38,538,160.73542359616513,1314.3042457444726,0.6385058630470667,7.067754146269309,21.92754301576263,719.2010858931716,7642.441107415379,Irrigated,7782.232537663862,139.79143024848327,1.7962895553677078,0.0,60.20348268440618,32.63549207591469,86.79319115632948,54.294658579534335,87.90354138133438,56.402856583838776,54.0333174944797,True,False
Southeast,M20,May 20,990003,SS,38,538,127.22436900802192,347.0180982195265,0.193055329288855,4.812344124405889,9.93273911205583,662.9872334181179,4532.359127372334,Irrigated,4561.502690275876,29.14356290354226,0.6389026792786936,0.0,47.15319898258658,17.090588925846212,82.50342398747799,49.64781843083545,83.07571903737038,51.120133046370576,47.22726891578389,True,False
Southeast,M20,May 20,990004,VSS,38,538,87.58559968694972,39.38960086088828,0.0258769439863599,4.555044258260273,1.6519598343492508,621.3649970651536,3110.757288201917,Irrigated,3125.3636274701626,14.606339268245392,0.4673484755458215,0.0,23.69888475836431,7.92897671688515,71.02817452553316,44.345529250635884,71.02817452553316,44.43357464292702,37.49475920283981,False,False
Southwest,A1,April 1,990001,LS,38,253,402.8006032868733,3867.302059496568,0.997607998214974,1.546347608470497,70.21292979537365,338.0,5692.018826711047,Irrigated,6731.888495943415,1039.8696692323683,15.446923546921282,86.56126482213439,98.34598980547176,79.09081452200145,100.0,99.35504004993238,99.98959850218432,99.94799251092157,94.75581431609227,True,False
Southwest,A1,April 1,990002,MS,38,253,313.6311628874558,4647.614936550864,1.5035663182630383,2.4960773088909045,66.07327170244302,287.8424173080924,7157.982733513625,Irrigated,7378.8752860411905,220.89255252756539,2.9935802404118896,86.56126482213439,92.3124934983876,61.38562363466139,100.0,98.97014459585978,99.98959850218432,98.9910547118785,91.17288282358656,True,False
Southwest,A1,April 1,990003,SS,38,253,213.38412731433328,2487.470043686291,1.1615941694559282,2.258641396492697,57.7029938186811,238.58654046182653,4336.211150405658,Irrigated,4453.245995423341,117.03484501768253,2.6280794983695213,86.56126482213439,78.42504941225424,38.5623634661396,99.9167793612816,93.05107666701342,99.90638651965882,93.4158518826711,84.26268173302188,True,False
Southwest,A1,April 1,990004,VSS,38,253,114.92354899105472,906.726752652382,0.6657636322510673,2.4398440418029144,33.115999605859045,200.15851882671103,2540.9502808404413,Irrigated,3049.8094445600163,508.859163719575,16.684949436012584,86.56126482213439,46.66597316134401,13.44013315302195,98.50202850306876,79.40289191719546,98.75182026211776,81.4021219055544,72.10374767491953,True,False
Southwest,A10,April 10,990001,LS,38,253,407.66590389016017,4079.607447472436,1.04381318824447,1.530995649418213,73.2365517416279,377.4123153734138,5715.723528188059,Irrigated,6731.888495943415,1016.164967755356,15.094797965945059,67.25608487622218,98.97025171624712,82.13022675265238,100.0,97.8468899521531,100.0,99.95839400873726,92.3088353294303,True,False
Southwest,A10,April 10,990002,MS,38,253,317.98158934886624,4802.688995215312,1.534335410073376,2.4420025676872883,69.29228812820818,332.8274391512378,7070.914915747867,Irrigated,7378.8752860411905,307.96037029332365,4.173540795246943,67.25608487622218,93.87351778656128,67.41210734345746,100.0,99.54233409610984,100.0,99.57353858955688,89.66536895598679,True,False
Southwest,A10,April 10,990003,SS,38,253,231.88319117952983,2597.787289369669,1.1044646316337363,2.142237265363491,58.22980063715187,289.9705637611816,4453.245995423341,Irrigated,4453.245995423341,0.0,0.0,67.25608487622218,81.52693987934262,43.29103390888288,99.89598502184316,94.93447056376118,99.89598502184316,95.30892448512586,83.15848910814586,True,False
Southwest,A10,April 10,990004,VSS,38,253,127.9696276263782,734.1003744539214,0.4583447735400304,2.213541753563451,27.15550529426733,256.6356355315165,2506.381422924901,Irrigated,3049.8094445600163,543.4280216351153,17.818425429970215,67.25608487622218,54.33742458914084,16.53838152693988,99.36550863324318,85.66673600998544,99.36550863324318,87.00852922820886,72.79116764242622,True,False
Southwest,A20,April 20,990001,LS,38,253,408.1495735385896,4120.954545454546,1.055225121838442,1.5518430293121916,73.15677114962045,384.5294362388184,5794.545246515499,Irrigated,6731.888495943415,937.3432494279168,13.9239271415852,19.482005408778864,99.89598502184316,89.03682130226753,100.0,97.81568545870606,100.0,99.95839400873726,86.59841302861899,False,False
Southwest,A20,April 20,990002,MS,38,253,317.36009985437903,4908.479509049303,1.594315988435012,2.452366246360124,71.33479230440284,342.7577491158727,7024.04691075515,Irrigated,7378.8752860411905,354.8283752860407,4.808705412832748,19.482005408778864,94.15435822758477,77.59517370501352,100.0,99.69835656334511,100.0,99.95839400873726,84.41261255906565,True,False
Southwest,A20,April 20,990003,SS,38,253,232.26544622425632,2626.656542542126,1.1174293997833524,2.111846198493276,59.84980164197901,299.2952985229873,4388.1410443103805,Irrigated,4453.245995423341,65.1049511129604,1.4619661967892548,19.482005408778864,88.24630746827543,51.74745163303516,99.94799251092157,96.01622633659248,99.94799251092157,96.39068025795714,78.82552230378316,True,True
Southwest,A20,April 20,990004,VSS,38,253,138.29831495735388,868.1951320990223,0.5371461285230268,2.309140789947634,30.14519941558344,269.388599958394,2809.022363220304,Irrigated,3049.8094445600163,240.78708133971213,7.8951516714989225,19.482005408778864,66.6631995007281,32.91033908882879,99.84397753276473,88.00707301851466,99.84397753276473,89.80653214062825,70.93672917471544,True,True
Southwest,M1,May 1,990001,LS,38,253,408.4382151029748,4347.710110255877,1.119115699094699,1.6177860322716344,74.12358266379746,400.88371125442063,6038.550967339297,Irrigated,6731.888495943415,693.3375286041182,10.299302031249004,7.35385895568962,99.73996255460786,88.09028500104014,100.0,97.60765550239236,100.0,99.95839400873726,84.67859371749533,False,False
Southwest,M1,May 1,990002,MS,38,253,317.36009985437903,4829.926149365509,1.5822325374634352,2.4582564949750814,71.2970071720388,363.5348450176825,6974.999583940087,Irrigated,7378.8752860411905,403.87570210110334,5.4734046374943555,7.343457457873934,95.87060536717289,81.63095485749947,100.0,99.69835656334511,100.0,99.95839400873726,83.5002526078041,True,False
Southwest,M1,May 1,990003,SS,38,253,240.045766590389,2414.276783856875,0.984199711407148,1.9919001365250155,57.257181666971206,319.73996255460787,4308.224152277929,Irrigated,4453.245995423341,145.02184314541228,3.2565423804221263,7.343457457873934,91.81402121905556,63.677969627626375,99.94799251092157,97.42042854171,99.94799251092157,97.79488246307469,79.70667776159767,True,False
Southwest,M1,May 1,990004,VSS,38,253,151.61483253588517,934.1742250884126,0.5388908369523826,2.1661823842766115,32.013976767029874,287.72363220303725,2901.499271895153,Irrigated,3049.8094445600163,148.31017266486333,4.862932434333104,7.343457457873934,77.4703557312253,43.42625338048679,99.91678801747452,93.39504888703974,99.91678801747452,93.7695028084044,73.60545632856847,True,False
Southwest,M10,May 10,990001,LS,38,253,407.8583315997504,4533.45090493031,1.164624409233266,1.7034679181819896,73.55764396073093,427.2146869149157,6334.411587268567,Irrigated,6731.888495943415,397.47690867484835,5.904389368813297,1.674641148325359,99.36550863324318,88.18389848138132,100.0,96.62991470771792,100.0,99.95839400873726,83.68747956848644,True,False
Southwest,M10,May 10,990002,MS,38,253,316.37715831079674,4566.118473060121,1.4803876031093188,2.512017854731533,68.00144462552957,386.18587476596633,7020.10432702309,Irrigated,7378.8752860411905,358.77095901810026,4.86213609947842,1.268982733513626,98.32535885167464,82.91033908882879,100.0,97.8468899521531,100.0,99.95839400873726,82.90142351927248,True,True
Southwest,M10,May 10,990003,SS,38,253,241.44476804659877,2292.854795090493,0.9279653530573898,1.9505145519282217,57.05813393393623,344.6202413147493,4191.313813189099,Irrigated,4453.245995423341,261.93218223424174,5.881826032144482,1.268982733513626,92.5005200748908,75.25483669648429,100.0,97.82608695652172,100.0,98.08612440191388,80.70522155190348,True,False
Southwest,M10,May 10,990004,VSS,38,253,164.5464946952361,1016.0171624713956,0.5447894476637248,2.0960390571924896,33.27778501902484,310.54275015602246,3049.8094445600163,Irrigated,3049.8094445600163,0.0,0.0,1.268982733513626,86.71728728936966,55.37757437070938,99.94799251092157,94.98647805283962,99.94799251092157,95.01768254628666,76.1805700020803,True,False
Southwest,M20,May 20,990001,LS,38,253,409.61358435614727,4602.72123985854,1.1579900110587424,1.802786834747445,70.42105927986238,445.7801123361765,6731.888495943415,Irrigated,6731.888495943415,0.0,0.0,1.965883087164552,98.48138131890992,83.34720199708758,99.38631162887457,90.39941751612233,100.0,99.95839400873726,81.93408422241374,True,True
Southwest,M20,May 20,990002,MS,38,253,317.6955481589349,4840.579363428334,1.5928323356206502,2.6082694201505987,67.87672630299771,406.64260453505307,7378.8752860411905,Irrigated,7378.8752860411905,0.0,0.0,0.0,99.73996255460786,85.68753900561681,100.0,97.52444351986686,100.0,99.95839400873726,83.27290558411839,True,False
Southwest,M20,May 20,990003,SS,38,253,242.3132931142084,2338.5415019762845,0.9567884252959864,2.0171744544168955,57.73177732203932,369.83971291866027,4288.4543374245895,Irrigated,4453.245995423341,164.79165799875136,3.7004840551837894,0.0,99.6463490742667,81.00686498855835,100.0,97.8572914499688,100.0,99.95839400873726,82.63841421736159,True,False
Southwest,M20,May 20,990004,VSS,38,253,172.7974828375286,918.852090701061,0.4494162995200024,1.9917296463700875,31.47417633378476,331.8632203037237,2991.104014978157,Irrigated,3049.8094445600163,58.705429581859335,1.9248884446394823,0.0,91.90763469939672,65.24859579779488,99.94799251092157,96.5675057208238,99.94799251092157,97.70126898273352,78.76014146037029,True,False
